id,name,country_id,country_code,iso2,iso3,latitude,longitude
3901,Badakhshan,1,AF,BDS,AF-BDS,36.80402540,71.36765800
3871,Badghis,1,AF,BDG,AF-BDG,35.00000000,63.75000000
3875,Baghlan,1,AF,BGL,AF-BGL,36.17890260,68.74530640
3884,Balkh,1,AF,BAL,AF-BAL,36.75506030,66.89753720
3872,Bamyan,1,AF,BAM,AF-BAM,34.79463100,67.68433400
3892,Daykundi,1,AF,DAY,AF-DAY,33.72511300,66.21965540
3899,Farah,1,AF,FRA,AF-FRA,32.37409070,62.11462660
3889,Faryab,1,AF,FYB,AF-FYB,35.92617840,64.62377580
3870,Ghazni,1,AF,GHA,AF-GHA,33.54505870,68.41739720
3888,Ghōr,1,AF,GHO,AF-GHO,34.16052570,64.92019490
3873,Helmand,1,AF,HEL,AF-HEL,31.00000000,64.00000000
3887,Herat,1,AF,HER,AF-HER,34.34914430,62.21632520
3886,Jowzjan,1,AF,JOW,AF-JOW,36.96657060,65.95602320
3902,Kabul,1,AF,KAB,AF-KAB,34.52664310,69.18490820
3890,Kandahar,1,AF,KAN,AF-KAN,31.62057380,65.71575730
3879,Kapisa,1,AF,KAP,AF-KAP,34.90555600,69.74166700
3878,Khost,1,AF,KHO,AF-KHO,33.33914020,69.92063590
3876,Kunar,1,AF,KNR,AF-KNR,34.95000000,71.13333300
3900,Kunduz Province,1,AF,KDZ,AF-KDZ,36.87071870,68.75635280
3891,Laghman,1,AF,LAG,AF-LAG,34.78333300,70.18333300
3897,Logar,1,AF,LOG,AF-LOG,34.06535950,69.16017200
3882,Nangarhar,1,AF,NAN,AF-NAN,34.22038900,70.38003140
3896,Nimruz,1,AF,NIM,AF-NIM,30.77538110,62.47930880
3880,Nuristan,1,AF,NUR,AF-NUR,35.30000000,70.83333300
3894,Paktia,1,AF,PIA,AF-PIA,33.70572400,69.40835550
3877,Paktika,1,AF,PKA,AF-PKA,32.39362310,68.70365140
3881,Panjshir,1,AF,PAN,AF-PAN,35.69735560,70.09996040
3895,Parwan,1,AF,PAR,AF-PAR,34.97970140,68.91467030
3883,Samangan,1,AF,SAM,AF-SAM,36.26749380,68.02153740
3885,Sar-e Pol,1,AF,SAR,AF-SAR,36.21662800,65.93336000
3893,Takhar,1,AF,TAK,AF-TAK,36.59407320,69.79389960
3898,Urozgan,1,AF,URU,AF-URU,32.81296810,66.01831850
5468,Wardak,1,AF,WAR,AF-WAR,34.30000000,68.50000000
3874,Zabul,1,AF,ZAB,AF-ZAB,32.30689420,67.12990400
5298,Brändö,2,AX,12,AX-12,60.41358730,21.04404980
5294,Eckerö,2,AX,08,AX-08,60.22318140,19.53893790
5289,Finström,2,AX,03,AX-03,60.23105190,19.98672590
5295,Föglö,2,AX,09,AX-09,60.01073250,20.42469970
5296,Geta,2,AX,10,AX-10,60.37401570,19.84981280
5292,Hammarland,2,AX,06,AX-06,60.21967580,19.73784810
5288,Jomala,2,AX,02,AX-02,60.15229470,19.94891440
5301,Kökar,2,AX,15,AX-15,59.92117090,20.91035140
5300,Kumlinge,2,AX,14,AX-14,60.25876930,20.77822920
5290,Lemland,2,AX,04,AX-04,60.06901690,20.08600810
5299,Lumparland,2,AX,13,AX-13,60.11683850,20.26105830
5287,Mariehamn,2,AX,01,AX-01,60.10242300,19.94126000
5291,Saltvik,2,AX,05,AX-05,60.27557560,20.06120650
5302,Sottunga,2,AX,16,AX-16,60.13079770,20.64598210
5293,Sund,2,AX,07,AX-07,60.25303320,20.11986370
5297,Vårdö,2,AX,11,AX-11,60.24216920,20.37442610
603,Berat,3,AL,01,AL-01,40.70186360,19.95807580
610,Dibër,3,AL,09,AL-09,41.62219200,20.18081600
632,Durrës,3,AL,02,AL-02,41.42798630,19.53733720
598,Elbasan,3,AL,03,AL-03,41.05108290,20.13985260
631,Fier,3,AL,04,AL-04,40.91913920,19.66393090
604,Gjirokastër,3,AL,05,AL-05,40.07708710,20.13933590
630,Korçë,3,AL,06,AL-06,40.58587530,20.73613150
601,Kukës,3,AL,07,AL-07,42.18856640,20.37696330
609,Lezhë,3,AL,08,AL-08,41.78137590,19.80679160
611,Shkodër,3,AL,10,AL-10,42.25076770,19.59597230
615,Tirana,3,AL,11,AL-11,41.25844780,19.83026560
634,Vlorë,3,AL,12,AL-12,40.15009600,19.80679160
1118,Adrar,4,DZ,01,DZ-01,26.48881550,-1.35824420
1119,Aïn Defla,4,DZ,44,DZ-44,36.26571780,1.97013470
1122,Aïn Témouchent,4,DZ,46,DZ-46,35.29926980,-1.13927920
1144,Algiers,4,DZ,16,DZ-16,36.70005090,3.02912660
1103,Annaba,4,DZ,23,DZ-23,36.84384480,7.59817380
1142,Batna,4,DZ,05,DZ-05,35.54923460,6.11603820
1108,Béchar,4,DZ,08,DZ-08,31.62380980,-2.21624430
1128,Béjaïa,4,DZ,06,DZ-06,36.75152580,5.05568370
4909,Béni Abbès,4,DZ,53,DZ-53,30.10892100,-2.46225480
1114,Biskra,4,DZ,07,DZ-07,34.84494370,5.72485670
1111,Blida,4,DZ,09,DZ-09,36.50125950,2.95176660
4908,Bordj Baji Mokhtar,4,DZ,52,DZ-52,22.62614610,0.12758170
1116,Bordj Bou Arréridj,4,DZ,34,DZ-34,36.07399250,4.76302710
1104,Bouïra,4,DZ,10,DZ-10,36.36918460,3.90061940
1125,Boumerdès,4,DZ,35,DZ-35,36.73580320,3.61630460
1105,Chlef,4,DZ,02,DZ-02,36.16459200,1.33149900
1121,Constantine,4,DZ,25,DZ-25,36.35841650,6.66716740
4912,Djanet,4,DZ,56,DZ-56,24.07152100,9.61558470
1098,Djelfa,4,DZ,17,DZ-17,34.67039560,3.25037610
1129,El Bayadh,4,DZ,32,DZ-32,32.57030300,1.12595810
4905,El M'ghair,4,DZ,49,DZ-49,33.95807000,5.70112620
4906,El Menia,4,DZ,50,DZ-50,30.70718850,3.04806250
1099,El Oued,4,DZ,39,DZ-39,33.36115310,6.86066930
1100,El Tarf,4,DZ,36,DZ-36,36.76671860,8.31694180
1127,Ghardaïa,4,DZ,47,DZ-47,32.48585500,3.67710400
1137,Guelma,4,DZ,24,DZ-24,36.46274440,7.43308330
1112,Illizi,4,DZ,33,DZ-33,26.50419100,8.47992600
4914,In Guezzam,4,DZ,58,DZ-58,20.42753000,4.67663100
4913,In Salah,4,DZ,57,DZ-57,27.19503310,2.48261320
1113,Jijel,4,DZ,18,DZ-18,36.72921880,5.96077760
1126,Khenchela,4,DZ,40,DZ-40,35.42694040,7.14601550
1138,Laghouat,4,DZ,03,DZ-03,33.80634510,2.88026350
1134,M'Sila,4,DZ,28,DZ-28,35.70875530,4.53715520
1124,Mascara,4,DZ,29,DZ-29,35.39408100,0.13795680
1109,Médéa,4,DZ,26,DZ-26,36.26370780,2.75878570
1132,Mila,4,DZ,43,DZ-43,36.25021350,6.16521630
1140,Mostaganem,4,DZ,27,DZ-27,36.00269150,0.36868670
1102,Naama,4,DZ,45,DZ-45,33.26673170,-0.31286590
1101,Oran,4,DZ,31,DZ-31,35.62158610,-0.70161430
1139,Ouargla,4,DZ,30,DZ-30,31.94449980,5.32178130
4907,Ouled Djellal,4,DZ,51,DZ-51,34.42541030,5.06443420
1136,Oum El Bouaghi,4,DZ,04,DZ-04,35.86887890,7.11082660
1130,Relizane,4,DZ,48,DZ-48,35.73811930,0.55476730
1123,Saïda,4,DZ,20,DZ-20,34.83020670,0.15026920
1141,Sétif,4,DZ,19,DZ-19,36.18934940,5.40468760
4902,Sidi Bel Abbès,4,DZ,22,DZ-22,34.68226800,-0.43575550
1110,Skikda,4,DZ,21,DZ-21,36.75451150,6.88562550
1143,Souk Ahras,4,DZ,41,DZ-41,36.28286500,7.95378960
1135,Tamanghasset,4,DZ,11,DZ-11,22.78593720,5.52913950
1117,Tébessa,4,DZ,12,DZ-12,35.12494500,7.90117350
1106,Tiaret,4,DZ,14,DZ-14,35.37086890,1.32178520
4910,Timimoun,4,DZ,54,DZ-54,30.02447250,0.84859790
1120,Tindouf,4,DZ,37,DZ-37,27.54390700,-6.24004110
1115,Tipasa,4,DZ,42,DZ-42,36.52715700,2.16720120
1133,Tissemsilt,4,DZ,38,DZ-38,35.60537810,1.81309800
1131,Tizi Ouzou,4,DZ,15,DZ-15,36.68161750,4.23718600
1107,Tlemcen,4,DZ,13,DZ-13,34.66746800,-1.29781320
4911,Touggourt,4,DZ,55,DZ-55,33.10485740,6.06672760
5375,Eastern,5,AS,02,AS-02,-14.27824020,-170.62432270
5376,Manuʻa,5,AS,03,AS-03,-14.21460500,-169.53346500
5378,Rose,5,AS,05,AS-05,-14.54248650,-168.16374450
5377,Swains,5,AS,04,AS-04,-11.05290400,-171.07673490
5374,Western,5,AS,01,AS-01,-14.33230750,-170.79613340
488,Andorra la Vella,6,AD,07,AD-07,42.50631740,1.52183550
489,Canillo,6,AD,02,AD-02,42.58680920,1.65744310
487,Encamp,6,AD,03,AD-03,42.53597640,1.58367730
492,Escaldes-Engordany,6,AD,08,AD-08,42.48619600,1.60377110
493,La Massana,6,AD,04,AD-04,42.54562500,1.51473920
491,Ordino,6,AD,05,AD-05,42.59944330,1.54023270
490,Sant Julià de Lòria,6,AD,06,AD-06,42.46685410,1.49232770
221,Bengo,7,AO,BGO,AO-BGO,-8.31966720,13.86561950
218,Benguela,7,AO,BGU,AO-BGU,-12.91046570,14.03566080
212,Bié,7,AO,BIE,AO-BIE,-12.26304850,17.49678120
228,Cabinda,7,AO,CAB,AO-CAB,-5.05639500,12.32117490
226,Cuando Cubango,7,AO,CCU,AO-CCU,-16.04576940,19.56215320
216,Cuanza,7,AO,CUS,AO-CUS,-10.77075270,15.09757120
217,Cuanza Norte,7,AO,CNO,AO-CNO,-9.02967520,15.09263240
215,Cunene,7,AO,CNN,AO-CNN,-16.55685360,15.78673190
213,Huambo,7,AO,HUA,AO-HUA,-12.60763180,15.74110390
225,Huíla,7,AO,HUI,AO-HUI,-14.69578080,15.09762930
222,Luanda,7,AO,LUA,AO-LUA,-8.83157470,13.24797000
223,Lunda Norte,7,AO,LNO,AO-LNO,-8.50882530,19.75386180
220,Lunda Sul,7,AO,LSU,AO-LSU,-10.14737790,20.99077560
227,Malanje,7,AO,MAL,AO-MAL,-9.53533200,16.93642930
219,Moxico,7,AO,MOX,AO-MOX,-12.72871950,21.27376370
5469,Namibe,7,AO,NAM,AO-NAM,-15.20000000,12.15000000
224,Uíge,7,AO,UIG,AO-UIG,-6.95168020,15.47991640
214,Zaire,7,AO,ZAI,AO-ZAI,-6.69251310,13.52930290
5273,Blowing Point,8,AI,01,AI-01,18.17655530,-63.10212960
5274,East End,8,AI,02,AI-02,18.23426290,-62.99737400
5275,George Hill,8,AI,03,AI-03,18.20365990,-63.06481120
5276,Island Harbour,8,AI,04,AI-04,18.25568880,-63.00128140
5277,North Hill,8,AI,05,AI-05,18.20508630,-63.08584570
5278,North Side,8,AI,06,AI-06,18.23005440,-63.05188900
5279,Sandy Ground,8,AI,07,AI-07,18.20185510,-63.09734710
5280,Sandy Hill,8,AI,08,AI-08,18.21892100,-63.01299160
5281,South Hill,8,AI,09,AI-09,18.18924750,-63.09763670
5282,Stoney Ground,8,AI,10,AI-10,18.21799970,-63.04007270
5283,The Farrington,8,AI,11,AI-11,18.21347010,-63.02721620
5284,The Quarter,8,AI,12,AI-12,18.21453340,-63.05644890
5285,The Valley,8,AI,13,AI-13,18.21458610,-63.05177590
5286,West End,8,AI,14,AI-14,18.17216660,-63.15670370
3708,Barbuda,10,AG,10,AG-10,17.62192030,-61.78395880
3703,Redonda,10,AG,11,AG-11,16.93841600,-62.34551480
3709,Saint George,10,AG,03,AG-03,17.12180220,-61.78123000
3706,Saint John,10,AG,04,AG-04,17.11515020,-61.85834880
3707,Saint Mary,10,AG,05,AG-05,17.05481500,-61.86023680
3705,Saint Paul,10,AG,06,AG-06,17.03258310,-61.77065670
3704,Saint Peter,10,AG,07,AG-07,17.10702390,-61.75021430
3710,Saint Philip,10,AG,08,AG-08,17.06635700,-61.70619570
4880,Autonomous City of Buenos Aires,11,AR,C,AR-C,-34.61612310,-58.43562120
3656,Buenos Aires,11,AR,B,AR-B,-37.14984030,-60.13194560
3647,Catamarca,11,AR,K,AR-K,-28.47158770,-65.78772090
3640,Chaco,11,AR,H,AR-H,-26.38296470,-60.88160920
3651,Chubut,11,AR,U,AR-U,-43.71283560,-68.74618170
3642,Córdoba,11,AR,X,AR-X,-31.41668670,-64.18341930
3638,Corrientes,11,AR,W,AR-W,-27.48186840,-58.79558720
3654,Entre Ríos,11,AR,E,AR-E,-31.62528420,-59.35395780
3652,Formosa,11,AR,P,AR-P,-26.18529830,-58.17449760
3645,Jujuy,11,AR,Y,AR-Y,-23.31614580,-65.75952880
3655,La Pampa,11,AR,L,AR-L,-37.23146430,-65.39729480
3653,La Rioja,11,AR,F,AR-F,-29.41937930,-66.85599320
3646,Mendoza,11,AR,M,AR-M,-32.88945870,-68.84583860
3644,Misiones,11,AR,N,AR-N,-26.73722400,-54.43152570
3648,Neuquén,11,AR,Q,AR-Q,-38.95196790,-68.05917410
3639,Río Negro,11,AR,R,AR-R,-39.72963210,-65.34181890
3643,Salta,11,AR,A,AR-A,-24.78929460,-65.41031940
3634,San Juan,11,AR,J,AR-J,-31.53709090,-68.52518020
3636,San Luis,11,AR,D,AR-D,-33.29620420,-66.32949480
3649,Santa Cruz,11,AR,Z,AR-Z,-48.56933270,-70.16067670
3641,Santa Fe,11,AR,S,AR-S,-31.61869510,-60.70195610
3635,Santiago del Estero,11,AR,G,AR-G,-27.78335740,-64.26416700
3650,Tierra del Fuego,11,AR,V,AR-V,-54.40710640,-67.89748950
3637,Tucumán,11,AR,T,AR-T,-26.83037030,-65.20381330
2023,Aragatsotn,12,AM,AG,AM-AG,40.25803490,44.17950890
2024,Ararat,12,AM,AR,AM-AR,39.85533290,44.69437930
2026,Armavir,12,AM,AV,AM-AV,40.15546310,44.03724460
2028,Gegharkunik,12,AM,GR,AM-GR,40.24832990,45.14551260
2033,Kotayk,12,AM,KT,AM-KT,40.40332750,44.69599230
2029,Lori,12,AM,LO,AM-LO,41.00727100,44.49001130
2031,Shirak,12,AM,SH,AM-SH,40.91859400,43.84035360
2027,Syunik,12,AM,SU,AM-SU,39.32814080,46.15302960
2032,Tavush,12,AM,TV,AM-TV,40.91764240,45.40506810
2025,Vayots Dzor,12,AM,VD,AM-VD,39.80198490,45.45575910
2030,Yerevan,12,AM,ER,AM-ER,40.17771120,44.51262330
5243,Noord,13,AW,01,AW-01,12.56368050,-70.03298690
5341,Oranjestad,13,AW,09,AW-09,12.52010240,-70.03713290
5245,Oranjestad East,13,AW,03,AW-03,12.50226960,-70.01495860
5244,Oranjestad West,13,AW,02,AW-02,12.53614860,-70.04305970
5246,Paradera,13,AW,04,AW-04,12.53628710,-70.01485110
5247,San Nicolaas Noord,13,AW,05,AW-05,12.46427170,-69.94349390
5248,San Nicolaas Zuid,13,AW,06,AW-06,12.42785580,-69.93810790
5249,Santa Cruz,13,AW,07,AW-07,12.51128360,-69.98769660
5250,Savaneta,13,AW,08,AW-08,12.45263850,-69.94965210
3907,Australian Capital Territory,14,AU,ACT,AU-ACT,-35.48835020,149.00269420
3909,New South Wales,14,AU,NSW,AU-NSW,-31.87598350,147.28694930
3910,Northern Territory,14,AU,NT,AU-NT,-19.85161010,133.23033750
3905,Queensland,14,AU,QLD,AU-QLD,-22.16467820,144.58449030
3904,South Australia,14,AU,SA,AU-SA,-30.53436650,135.63012120
3908,Tasmania,14,AU,TAS,AU-TAS,-42.03506700,146.63668870
3903,Victoria,14,AU,VIC,AU-VIC,-36.59860960,144.67800520
3906,Western Australia,14,AU,WA,AU-WA,-25.23030050,121.01872460
2062,Burgenland,15,AT,1,AT-1,47.50000010,16.41666660
2057,Carinthia,15,AT,2,AT-2,46.75000010,13.83333330
2065,Lower Austria,15,AT,3,AT-3,48.28178130,15.76324570
2061,Salzburg,15,AT,5,AT-5,47.79813460,13.04648060
2059,Styria,15,AT,6,AT-6,47.25000010,15.16666650
2064,Tyrol,15,AT,7,AT-7,47.22319300,11.52610280
2058,Upper Austria,15,AT,4,AT-4,48.25000000,14.00000000
2060,Vienna,15,AT,9,AT-9,48.20817430,16.37381890
2063,Vorarlberg,15,AT,8,AT-8,47.25000000,9.91666670
540,Absheron,16,AZ,ABS,AZ-ABS,40.33618990,49.20930000
559,Agdam,16,AZ,AGM,AZ-AGM,39.99282150,46.93240130
553,Agdash,16,AZ,AGS,AZ-AGS,40.16729670,46.08572520
577,Aghjabadi,16,AZ,AGC,AZ-AGC,40.05054400,47.46074620
543,Agstafa,16,AZ,AGA,AZ-AGA,41.19806510,45.52809530
547,Agsu,16,AZ,AGU,AZ-AGU,40.55830000,48.35297100
528,Astara,16,AZ,AST,AZ-AST,38.51559770,48.82832230
575,Babek,16,AZ,BAB,AZ-BAB,39.15076130,45.44853680
552,Baku,16,AZ,BA,AZ-BA,40.37558850,49.83280090
560,Balakan,16,AZ,BAL,AZ-BAL,41.73193690,46.40018810
569,Barda,16,AZ,BAR,AZ-BAR,40.38124570,47.12462870
554,Beylagan,16,AZ,BEY,AZ-BEY,39.77230730,47.61541660
532,Bilasuvar,16,AZ,BIL,AZ-BIL,39.45988330,48.55098130
561,Dashkasan,16,AZ,DAS,AZ-DAS,40.47519600,46.01507050
527,Fizuli,16,AZ,FUZ,AZ-FUZ,39.58356750,47.38069980
585,Ganja,16,AZ,GA,AZ-GA,40.67980830,46.35971780
589,Gədəbəy,16,AZ,GAD,AZ-GAD,40.56996390,45.81068830
573,Gobustan,16,AZ,QOB,AZ-QOB,40.53260440,48.99416760
551,Goranboy,16,AZ,GOR,AZ-GOR,40.60357230,46.70739060
531,Goychay,16,AZ,GOY,AZ-GOY,40.64944150,47.74122080
574,Goygol,16,AZ,GYG,AZ-GYG,40.58800400,46.32109500
571,Hajigabul,16,AZ,HAC,AZ-HAC,40.02865570,48.93507970
544,Imishli,16,AZ,IMI,AZ-IMI,39.86946860,48.06652180
564,Ismailli,16,AZ,ISM,AZ-ISM,40.78805600,48.14856530
570,Jabrayil,16,AZ,CAB,AZ-CAB,39.31880610,46.97855470
578,Jalilabad,16,AZ,CAL,AZ-CAL,39.20516320,48.51006040
572,Julfa,16,AZ,CUL,AZ-CUL,39.14114200,45.69497120
525,Kalbajar,16,AZ,KAL,AZ-KAL,40.10243290,46.03648720
567,Kangarli,16,AZ,KAN,AZ-KAN,39.36322160,45.20983080
590,Khachmaz,16,AZ,XAC,AZ-XAC,41.45911680,48.80206260
5472,Khankendi,16,AZ,XA,AZ-XA,39.82660000,46.75560000
537,Khizi,16,AZ,XIZ,AZ-XIZ,40.91094890,49.07292640
524,Khojali,16,AZ,XCI,AZ-XCI,38.75847270,48.85643020
549,Kurdamir,16,AZ,KUR,AZ-KUR,40.34552470,48.14889510
541,Lachin,16,AZ,LAC,AZ-LAC,39.63834140,46.54608530
587,Lankaran,16,AZ,LAN,AZ-LAN,38.76189730,48.84377840
558,Lankaran,16,AZ,LA,AZ-LA,38.76189730,48.84377840
546,Lerik,16,AZ,LER,AZ-LER,38.77361920,48.41514830
568,Martuni,16,AZ,XVD,AZ-XVD,39.81843890,46.74808670
555,Masally,16,AZ,MAS,AZ-MAS,39.03221110,48.67210930
580,Mingachevir,16,AZ,MI,AZ-MI,40.77025630,47.04960150
5470,Naftalan,16,AZ,NA,AZ-NA,40.50610000,46.82440000
5471,Nakhchivan,16,AZ,NV,AZ-NV,39.20890000,45.41220000
562,Nakhchivan,16,AZ,NX,AZ-NX,39.21749700,45.40696710
530,Neftchala,16,AZ,NEF,AZ-NEF,39.37905320,49.24860700
556,Oghuz,16,AZ,OGU,AZ-OGU,41.07279240,47.46506720
534,Ordubad,16,AZ,ORD,AZ-ORD,38.90216220,46.02376250
542,Qabala,16,AZ,QAB,AZ-QAB,40.94360640,47.82133770
526,Qakh,16,AZ,QAX,AZ-QAX,41.41855150,46.91920970
521,Qazakh,16,AZ,QAZ,AZ-QAZ,41.17073660,45.25288330
563,Quba,16,AZ,QBA,AZ-QBA,41.18808930,48.37214520
548,Qubadli,16,AZ,QBI,AZ-QBI,39.33359580,46.63354000
588,Qusar,16,AZ,QUS,AZ-QUS,41.42668860,48.43455770
557,Saatly,16,AZ,SAT,AZ-SAT,39.93760090,48.36890970
565,Sabirabad,16,AZ,SAB,AZ-SAB,40.00800600,48.47503200
522,Sadarak,16,AZ,SAD,AZ-SAD,39.67274070,44.91387390
545,Salyan,16,AZ,SAL,AZ-SAL,39.65241010,49.10843810
536,Samukh,16,AZ,SMX,AZ-SMX,40.76046310,46.40631810
591,Shabran,16,AZ,SBN,AZ-SBN,41.17761610,48.87670580
579,Shahbuz,16,AZ,SAH,AZ-SAH,39.43858170,45.60713330
518,Shaki,16,AZ,SA,AZ-SA,41.20336090,47.18026230
586,Shaki,16,AZ,SAK,AZ-SAK,41.20336090,47.18026230
529,Shamakhi,16,AZ,SMI,AZ-SMI,40.63187310,48.63638010
583,Shamkir,16,AZ,SKR,AZ-SKR,40.83579640,46.02462240
535,Sharur,16,AZ,SAR,AZ-SAR,39.55363320,44.98456800
520,Shirvan,16,AZ,SR,AZ-SR,39.92965730,48.93426570
592,Shusha,16,AZ,SUS,AZ-SUS,39.76325670,46.75115010
584,Siazan,16,AZ,SIY,AZ-SIY,41.07838330,49.11184770
582,Sumqayit,16,AZ,SM,AZ-SM,40.59615850,49.66966680
519,Tartar,16,AZ,TAR,AZ-TAR,40.34438750,46.93765190
533,Tovuz,16,AZ,TOV,AZ-TOV,40.99545230,45.61659070
539,Ujar,16,AZ,UCA,AZ-UCA,40.51853860,47.64878090
550,Yardymli,16,AZ,YAR,AZ-YAR,38.90289930,48.21329830
523,Yevlakh,16,AZ,YEV,AZ-YEV,40.61151360,47.14666860
538,Yevlakh,16,AZ,YE,AZ-YE,40.61151360,47.14666860
581,Zangilan,16,AZ,ZAN,AZ-ZAN,39.08568990,46.65247280
566,Zaqatala,16,AZ,ZAQ,AZ-ZAQ,41.61803210,46.75951260
576,Zardab,16,AZ,ZAR,AZ-ZAR,40.21481140,47.71494400
1992,Capital,18,BH,13,BH-13,26.42432330,50.47472510
1995,Muharraq,18,BH,15,BH-15,26.24659460,50.61641270
1994,Northern,18,BH,17,BH-17,26.27784770,50.41811230
1993,Southern,18,BH,14,BH-14,25.84000690,50.59026930
5473,Bagerhat,19,BD,05,BD-05,22.65833000,89.78333000
5474,Bandarban,19,BD,01,BD-01,22.19534000,92.21946000
5475,Barguna,19,BD,02,BD-02,22.15330000,90.11997000
807,Barisal ,19,BD,A,BD-A,22.49340350,90.35480150
5476,Barishal,19,BD,06,BD-06,22.70100000,90.35360000
5477,Bhola,19,BD,07,BD-07,22.68540000,90.64820000
5478,Bogura,19,BD,03,BD-03,24.84656000,89.37764000
5479,Brahmanbaria,19,BD,04,BD-04,23.96090000,91.11150000
5480,Chandpur,19,BD,09,BD-09,23.25130000,90.85180000
5481,Chapai Nawabganj,19,BD,45,BD-45,24.59548000,88.29125000
5482,Chattogram,19,BD,10,BD-10,22.35690000,91.78320000
803,Chittagong ,19,BD,B,BD-B,22.68004660,91.88399380
5483,Chuadanga,19,BD,12,BD-12,23.64020000,88.84120000
5484,Cox's Bazar,19,BD,11,BD-11,21.43940000,92.00990000
5485,Cumilla,19,BD,08,BD-08,23.46050000,91.18090000
5486,Dhaka,19,BD,13,BD-13,23.81050000,90.40720000
760,Dhaka ,19,BD,C,BD-C,23.94561660,90.25263820
5487,Dinajpur,19,BD,14,BD-14,25.62770000,88.63630000
5488,Faridpur,19,BD,15,BD-15,23.60720000,89.84060000
5489,Feni,19,BD,16,BD-16,23.01330000,91.40390000
5490,Gaibandha,19,BD,19,BD-19,25.32880000,89.54300000
5491,Gazipur,19,BD,18,BD-18,24.09580000,90.41250000
5492,Gopalganj,19,BD,17,BD-17,23.00550000,89.82660000
5493,Habiganj,19,BD,20,BD-20,24.37440000,91.41530000
5494,Jamalpur,19,BD,21,BD-21,25.08330000,89.93330000
5495,Jashore,19,BD,22,BD-22,23.16650000,89.21210000
5496,Jhalakathi,19,BD,25,BD-25,22.64020000,90.19870000
5497,Jhenaidah,19,BD,23,BD-23,23.54490000,89.17260000
5498,Joypurhat,19,BD,24,BD-24,25.09360000,89.09450000
5499,Khagrachhari,19,BD,29,BD-29,23.11910000,91.97660000
5500,Khulna,19,BD,27,BD-27,22.81570000,89.56810000
775,Khulna ,19,BD,D,BD-D,22.93720870,89.28527410
5501,Kishoreganj,19,BD,26,BD-26,24.44400000,90.77670000
5502,Kurigram,19,BD,28,BD-28,25.80550000,89.62770000
5503,Kushtia,19,BD,30,BD-30,23.89070000,89.11890000
5504,Lakshmipur,19,BD,31,BD-31,22.94490000,90.82820000
5505,Lalmonirhat,19,BD,32,BD-32,25.91780000,89.44520000
5506,Madaripur,19,BD,36,BD-36,23.17000000,90.18770000
5507,Magura,19,BD,37,BD-37,23.48710000,89.41980000
5508,Manikganj,19,BD,33,BD-33,23.86140000,90.00030000
5509,Meherpur,19,BD,39,BD-39,23.76210000,88.63180000
5510,Moulvibazar,19,BD,38,BD-38,24.30940000,91.73150000
5511,Munshiganj,19,BD,35,BD-35,23.55180000,90.41220000
5512,Mymensingh,19,BD,34,BD-34,24.75360000,90.40720000
758,Mymensingh ,19,BD,H,BD-H,24.74821290,90.40991580
5513,Naogaon,19,BD,48,BD-48,24.80420000,88.92540000
5514,Narail,19,BD,43,BD-43,23.11630000,89.49980000
5515,Narayanganj,19,BD,40,BD-40,23.63380000,90.50000000
5516,Narsingdi,19,BD,42,BD-42,23.92320000,90.71680000
5517,Natore,19,BD,44,BD-44,24.42050000,89.00060000
5518,Netrakona,19,BD,41,BD-41,24.88090000,90.72770000
5519,Nilphamari,19,BD,46,BD-46,25.93180000,88.85600000
5520,Noakhali,19,BD,47,BD-47,22.86910000,91.09790000
5521,Pabna,19,BD,49,BD-49,24.00640000,89.23360000
5522,Panchagarh,19,BD,52,BD-52,26.33880000,88.55390000
5523,Patuakhali,19,BD,51,BD-51,22.35910000,90.32890000
5524,Pirojpur,19,BD,50,BD-50,22.57910000,89.97590000
5525,Rajbari,19,BD,53,BD-53,23.75740000,89.64470000
5526,Rajshahi,19,BD,54,BD-54,24.37440000,88.60440000
753,Rajshahi ,19,BD,E,BD-E,24.62854320,89.03768620
5527,Rangamati,19,BD,56,BD-56,22.65320000,92.17530000
750,Rangpur ,19,BD,F,BD-F,25.63761350,89.08263810
5528,Rangpur,19,BD,55,BD-55,25.74660000,89.25080000
5529,Satkhira,19,BD,58,BD-58,22.71590000,89.07060000
5530,Shariatpur,19,BD,62,BD-62,23.24230000,90.43480000
5531,Sherpur,19,BD,57,BD-57,25.01970000,90.01510000
5532,Sirajganj,19,BD,59,BD-59,24.45330000,89.70060000
5533,Sunamganj,19,BD,61,BD-61,25.06580000,91.39500000
765,Sylhet ,19,BD,G,BD-G,24.73588540,91.68524760
5534,Sylhet,19,BD,60,BD-60,24.89940000,91.86980000
5535,Tangail,19,BD,63,BD-63,24.24980000,89.91680000
5536,Thakurgaon,19,BD,64,BD-64,26.03220000,88.46100000
1228,Christ Church,20,BB,01,BB-01,13.08261800,-59.53744510
1229,Saint Andrew,20,BB,02,BB-02,13.24329040,-59.57317000
1226,Saint George,20,BB,03,BB-03,13.13840220,-59.54437210
1224,Saint James,20,BB,04,BB-04,13.18637930,-59.62519200
1227,Saint John,20,BB,05,BB-05,13.18994630,-59.55921510
1223,Saint Joseph,20,BB,06,BB-06,13.18994630,-59.55921510
1221,Saint Lucy,20,BB,07,BB-07,13.30240680,-59.61294450
1230,Saint Michael,20,BB,08,BB-08,13.11829850,-59.60157830
1222,Saint Peter,20,BB,09,BB-09,13.26197790,-59.62074440
1220,Saint Philip,20,BB,10,BB-10,13.12953900,-59.46741020
1225,Saint Thomas,20,BB,11,BB-11,13.17720200,-59.58538330
2959,Brest,21,BY,BR,BY-BR,52.09375100,23.68518510
2955,Gomel,21,BY,HO,BY-HO,52.42389360,31.01316980
2956,Grodno,21,BY,HR,BY-HR,53.68345990,23.83426480
2957,Minsk,21,BY,MI,BY-MI,53.90247160,27.56182250
2958,Minsk,21,BY,HM,BY-HM,53.90247160,27.56182250
2954,Mogilev,21,BY,MA,BY-MA,53.90902450,30.34298380
2960,Vitebsk,21,BY,VI,BY-VI,55.23819720,28.77422030
1381,Antwerp,22,BE,VAN,BE-VAN,51.21944750,4.40246430
1376,Brussels-Capital ,22,BE,BRU,BE-BRU,50.83879510,4.37530410
1377,East Flanders,22,BE,VOV,BE-VOV,51.03754230,3.81178300
1373,Flanders,22,BE,VLG,BE-VLG,51.09624620,4.17862910
1374,Flemish Brabant,22,BE,VBR,BE-VBR,50.86865160,4.78862380
1375,Hainaut,22,BE,WHT,BE-WHT,50.36192000,4.12521700
1384,Liège,22,BE,WLG,BE-WLG,50.64509440,5.57361120
1372,Limburg,22,BE,VLI,BE-VLI,50.99779370,5.44535750
1379,Luxembourg,22,BE,WLX,BE-WLX,49.96380050,5.43980190
1378,Namur,22,BE,WNA,BE-WNA,50.46738830,4.87198540
1380,Wallonia,22,BE,WAL,BE-WAL,50.15455230,5.39921190
1382,Walloon Brabant,22,BE,WBR,BE-WBR,50.66631060,4.55000740
1383,West Flanders,22,BE,VWV,BE-VWV,51.04047470,2.99942130
264,Belize,23,BZ,BZ,BZ-BZ,17.50027680,-88.19887370
269,Cayo,23,BZ,CY,BZ-CY,17.15827760,-89.06816720
266,Corozal,23,BZ,CZL,BZ-CZL,18.22763240,-88.29212570
268,Orange Walk,23,BZ,OW,BZ-OW,17.78318330,-88.86202830
265,Stann Creek,23,BZ,SC,BZ-SC,16.96665990,-88.22473680
267,Toledo,23,BZ,TOL,BZ-TOL,16.13455720,-88.82190410
3077,Alibori,24,BJ,AL,BJ-AL,11.46494820,2.79387980
3076,Atakora,24,BJ,AK,BJ-AK,10.71605150,1.53315270
3079,Atlantique,24,BJ,AQ,BJ-AQ,6.54082900,2.22309500
3078,Borgou,24,BJ,BO,BJ-BO,9.70974530,2.74226480
3070,Collines,24,BJ,CO,BJ-CO,8.10854790,2.18531010
3072,Donga,24,BJ,DO,BJ-DO,9.26798060,1.71706840
3071,Kouffo,24,BJ,KO,BJ-KO,7.13126620,1.75673940
3081,Littoral,24,BJ,LI,BJ-LI,6.36631950,2.41706080
3075,Mono,24,BJ,MO,BJ-MO,6.45762400,1.86740800
3080,Ouémé,24,BJ,OU,BJ-OU,6.60135310,2.55056600
3074,Plateau,24,BJ,PL,BJ-PL,7.10026020,2.64091440
3073,Zou,24,BJ,ZO,BJ-ZO,7.28343350,2.12276040
4860,Devonshire,25,BM,DEV,BM-DEV,32.30380620,-64.76069540
4861,Hamilton,25,BM,HA,BM-HA,32.33799060,-64.73575560
4863,Paget,25,BM,PAG,BM-PAG,32.28107400,-64.77847870
4864,Pembroke,25,BM,PEM,BM-PEM,32.30076720,-64.79626300
4866,Saint George's,25,BM,SGE,BM-SGE,32.37226890,-64.69850200
4867,Sandys,25,BM,SAN,BM-SAN,32.29995280,-64.86741030
4868,Smith's,25,BM,SMI,BM-SMI,32.31339660,-64.73105880
4869,Southampton,25,BM,SOU,BM-SOU,32.25179590,-64.84969890
4870,Warwick,25,BM,WAR,BM-WAR,32.26615340,-64.80811980
240,Bumthang ,26,BT,33,BT-33,27.70791320,90.76974350
239,Chukha ,26,BT,12,BT-12,27.05758030,89.56381780
238,Dagana ,26,BT,22,BT-22,27.07466530,89.87866850
229,Gasa ,26,BT,GA,BT-GA,27.91908750,89.78753180
232,Haa ,26,BT,13,BT-13,27.35966580,89.23575560
234,Lhuntse ,26,BT,44,BT-44,27.72874480,91.13636240
242,Mongar ,26,BT,42,BT-42,27.27630050,91.23753600
237,Paro ,26,BT,11,BT-11,27.42859490,89.41665160
244,Pemagatshel ,26,BT,43,BT-43,27.00304150,91.36770540
235,Punakha ,26,BT,23,BT-23,27.58428570,89.85930940
243,Samdrup Jongkhar ,26,BT,45,BT-45,26.80356820,91.50392070
246,Samtse ,26,BT,14,BT-14,27.03525320,89.01473440
247,Sarpang ,26,BT,31,BT-31,26.98638970,90.38006730
241,Thimphu ,26,BT,15,BT-15,27.47122160,89.63390410
5242,Trashi Yangtse	,26,BT,TY,BT-TY,27.71758500,91.19811020
236,Trashigang ,26,BT,41,BT-41,27.28437780,91.57425090
245,Trongsa ,26,BT,32,BT-32,27.50022690,90.50806340
230,Tsirang ,26,BT,21,BT-21,27.00722320,90.13262890
231,Wangdue Phodrang ,26,BT,24,BT-24,27.54463400,89.95558100
233,Zhemgang ,26,BT,34,BT-34,27.08211480,90.84089840
3375,Beni,27,BO,B,BO-B,-14.00000000,-65.00000000
3382,Chuquisaca,27,BO,H,BO-H,-20.00000000,-64.41666700
3381,Cochabamba,27,BO,C,BO-C,-17.33301420,-65.50109310
3380,La Paz,27,BO,L,BO-L,-15.00000000,-68.33333300
3376,Oruro,27,BO,O,BO-O,-18.66666700,-67.66666700
3379,Pando,27,BO,N,BO-N,-11.18333300,-67.18333300
3383,Potosí,27,BO,P,BO-P,-20.66666700,-66.66666700
3377,Santa Cruz,27,BO,S,BO-S,-17.33333300,-61.50000000
3378,Tarija,27,BO,T,BO-T,-21.58333300,-63.83333300
5086,Bonaire,28,BQ,BQ1,BQ-BQ1,12.20189020,-68.26238220
5087,Saba,28,BQ,BQ2,BQ-BQ2,17.63546420,-63.23267630
5088,Sint Eustatius,28,BQ,BQ3,BQ-BQ3,17.48903060,-62.97355500
460,Brčko,29,BA,BRC,BA-BRC,44.87712220,18.80950220
467,Federation of Bosnia and Herzegovina,29,BA,BIH,BA-BIH,43.91674100,17.54820720
470,Republika Srpska,29,BA,SRP,BA-SRP,44.66961960,17.36590250
3067,Central,30,BW,CE,BW-CE,-21.47901870,26.21541740
5710,Chobe,30,BW,CH,BW-CH,-18.50000000,25.00000000
5711,Francistown,30,BW,FR,BW-FR,-21.17361111,27.51250000
5712,Gaborone,30,BW,GA,BW-GA,-24.65805556,25.91222222
3061,Ghanzi,30,BW,GH,BW-GH,-21.69681230,21.64570620
5713,Jwaneng,30,BW,JW,BW-JW,-24.60194444,24.72833333
3066,Kgalagadi,30,BW,KG,BW-KG,-24.84905760,21.78833490
3062,Kgatleng,30,BW,KL,BW-KL,-24.13408500,26.41772460
3069,Kweneng,30,BW,KW,BW-KW,-23.90281010,24.92141220
5714,Lobatse,30,BW,LO,BW-LO,-25.21666667,25.66666667
3068,North-East,30,BW,NE,BW-NE,-21.02448160,27.51475040
3065,North-West,30,BW,NW,BW-NW,-19.38935290,23.26795100
5715,Selibe Phikwe,30,BW,SP,BW-SP,-21.97583333,27.84000000
3064,South-East,30,BW,SE,BW-SE,-24.65638460,26.05754290
3063,Southern,30,BW,SO,BW-SO,-24.79986880,24.58006920
5716,Sowa Town,30,BW,ST,BW-ST,-20.56361111,26.22444444
2012,Acre,32,BR,AC,BR-AC,-9.04786790,-70.52649760
2007,Alagoas,32,BR,AL,BR-AL,-9.66116610,-36.65024260
1999,Amapá,32,BR,AP,BR-AP,1.35454420,-51.91619770
2004,Amazonas,32,BR,AM,BR-AM,-3.20017660,-59.49892880
2002,Bahia,32,BR,BA,BR-BA,-12.28525100,-41.92947760
2016,Ceará,32,BR,CE,BR-CE,-5.32647030,-39.71560730
2017,Distrito Federal,32,BR,DF,BR-DF,-15.77544620,-47.79708910
2018,Espírito Santo,32,BR,ES,BR-ES,-19.56876820,-40.17219910
2000,Goiás,32,BR,GO,BR-GO,-15.93236620,-50.13929280
2015,Maranhão,32,BR,MA,BR-MA,-5.20855030,-45.39302620
2011,Mato Grosso,32,BR,MT,BR-MT,-12.21150090,-55.57165470
2010,Mato Grosso do Sul,32,BR,MS,BR-MS,-19.58525640,-54.47947310
1998,Minas Gerais,32,BR,MG,BR-MG,-18.52648440,-44.15886540
2009,Pará,32,BR,PA,BR-PA,-4.74939330,-52.89730060
2005,Paraíba,32,BR,PB,BR-PB,-7.12193660,-36.72468450
2022,Paraná,32,BR,PR,BR-PR,-24.48421870,-51.81488720
2006,Pernambuco,32,BR,PE,BR-PE,-8.41163160,-37.59196990
2008,Piauí,32,BR,PI,BR-PI,-7.69927820,-42.50437870
1997,Rio de Janeiro,32,BR,RJ,BR-RJ,-22.91101370,-43.20937270
2019,Rio Grande do Norte,32,BR,RN,BR-RN,-5.67811750,-36.47817760
2001,Rio Grande do Sul,32,BR,RS,BR-RS,-29.84252840,-53.76805770
2013,Rondônia,32,BR,RO,BR-RO,-10.94314500,-62.82778630
4858,Roraima,32,BR,RR,BR-RR,2.13513800,-61.36319220
2014,Santa Catarina,32,BR,SC,BR-SC,-27.06283670,-51.11496500
2021,São Paulo,32,BR,SP,BR-SP,-23.55051990,-46.63330940
2003,Sergipe,32,BR,SE,BR-SE,-10.67439110,-37.37735190
2020,Tocantins,32,BR,TO,BR-TO,-10.88551290,-48.37169120
1217,Belait,34,BN,BE,BN-BE,4.43499380,114.49465240
1216,Brunei-Muara,34,BN,BM,BN-BM,4.97520980,114.93676630
1218,Temburong,34,BN,TE,BN-TE,4.62918400,115.16344080
1219,Tutong,34,BN,TU,BN-TU,4.68268100,114.65627060
4699,Blagoevgrad,35,BG,01,BG-01,42.01110770,23.09064570
4715,Burgas,35,BG,02,BG-02,42.49366160,27.47212760
4718,Dobrich,35,BG,08,BG-08,43.57278600,27.82728020
4693,Gabrovo,35,BG,07,BG-07,42.86847000,25.31688900
4704,Haskovo,35,BG,26,BG-26,41.93441780,25.55546720
4702,Kardzhali,35,BG,09,BG-09,41.64374600,25.37221560
4703,Kyustendil,35,BG,10,BG-10,42.28687990,22.69396350
4710,Lovech,35,BG,11,BG-11,43.13677980,24.71393350
4696,Montana,35,BG,12,BG-12,43.40851480,23.22575890
4712,Pazardzhik,35,BG,13,BG-13,42.19275670,24.33362260
4695,Pernik,35,BG,14,BG-14,42.60519900,23.03779160
4706,Pleven,35,BG,15,BG-15,43.40902200,24.61801230
4701,Plovdiv,35,BG,16,BG-16,42.13540790,24.74529040
4698,Razgrad,35,BG,17,BG-17,43.52717050,26.52412280
4713,Ruse,35,BG,18,BG-18,43.83559640,25.96561440
4882,Shumen,35,BG,27,BG-27,43.27123980,26.93612860
4708,Silistra,35,BG,19,BG-19,44.11471010,27.26714540
4700,Sliven,35,BG,20,BG-20,42.68167020,26.32285690
4694,Smolyan,35,BG,21,BG-21,41.57741480,24.70108710
4719,Sofia,35,BG,23,BG-23,42.64191000,23.97356320
4705,Sofia City,35,BG,22,BG-22,42.65431800,23.33315720
4707,Stara Zagora,35,BG,24,BG-24,42.42577090,25.63448550
4714,Targovishte,35,BG,25,BG-25,43.24623490,26.56912510
4717,Varna,35,BG,03,BG-03,43.20464770,27.91054880
4709,Veliko Tarnovo,35,BG,04,BG-04,43.08205840,25.63213120
4697,Vidin,35,BG,05,BG-05,43.98572420,22.87721940
4711,Vratsa,35,BG,06,BG-06,43.21018060,23.55292100
4716,Yambol,35,BG,28,BG-28,42.48414940,26.50352960
3160,Balé,36,BF,BAL,BF-BAL,11.65814500,-3.05410220
3155,Bam,36,BF,BAM,BF-BAM,13.46811500,-1.59866370
3120,Banwa,36,BF,BAN,BF-BAN,12.22655680,-4.19133440
3152,Bazèga,36,BF,BAZ,BF-BAZ,11.89222760,-1.45937620
3138,Boucle du Mouhoun,36,BF,01,BF-01,12.47778050,-3.58795710
3121,Bougouriba,36,BF,BGR,BF-BGR,10.88209330,-3.43066310
3131,Boulgou,36,BF,BLG,BF-BLG,11.46462500,-0.40891010
5343,Boulkiemde,36,BF,BLK,BF-BLK,12.29371200,-2.10413120
3153,Cascades,36,BF,02,BF-02,10.30718120,-4.43518930
3136,Centre,36,BF,03,BF-03,12.36732000,-1.54308690
3162,Centre-Est,36,BF,04,BF-04,11.73493300,-0.29210560
3127,Centre-Nord,36,BF,05,BF-05,13.23871000,-1.03498320
3115,Centre-Ouest,36,BF,06,BF-06,11.90679330,-2.30448010
3149,Centre-Sud,36,BF,07,BF-07,11.58336460,-1.05563010
3167,Comoé,36,BF,COM,BF-COM,10.24198970,-4.42688750
3158,Est,36,BF,08,BF-08,12.25274950,0.87361060
3148,Ganzourgou,36,BF,GAN,BF-GAN,12.28991540,-0.80834290
3122,Gnagna,36,BF,GNA,BF-GNA,12.91545740,-0.06595620
3143,Gourma,36,BF,GOU,BF-GOU,12.22782670,0.54720780
3165,Hauts-Bassins,36,BF,09,BF-09,11.38902750,-4.04136500
3129,Houet,36,BF,HOU,BF-HOU,11.38510560,-4.32736430
3135,Ioba,36,BF,IOB,BF-IOB,11.03431870,-2.96277610
3168,Kadiogo,36,BF,KAD,BF-KAD,12.36732000,-1.54308690
3112,Kénédougou,36,BF,KEN,BF-KEN,11.40399800,-4.98510280
3132,Komondjari,36,BF,KMD,BF-KMD,12.72691130,0.70470830
3157,Kompienga,36,BF,KMP,BF-KMP,11.44875920,0.97703780
3146,Kossi,36,BF,KOS,BF-KOS,12.95933460,-3.84367970
3133,Koulpélogo,36,BF,KOP,BF-KOP,11.41531370,0.14989900
3161,Kouritenga,36,BF,KOT,BF-KOT,12.18503500,-0.24484800
3147,Kourwéogo,36,BF,KOW,BF-KOW,12.60042220,-1.75985610
3159,Léraba,36,BF,LER,BF-LER,10.65200350,-5.21168580
3151,Loroum,36,BF,LOR,BF-LOR,13.94637670,-2.10554000
3123,Mouhoun,36,BF,MOU,BF-MOU,12.23674750,-3.33875620
3116,Nahouri,36,BF,NAO,BF-NAO,11.25451140,-1.26998210
3113,Namentenga,36,BF,NAM,BF-NAM,13.23672000,-0.48193430
3142,Nayala,36,BF,NAY,BF-NAY,12.66018660,-2.98911530
3164,Nord,36,BF,10,BF-10,13.45911000,-2.24963670
3156,Noumbiel,36,BF,NOU,BF-NOU,9.79674530,-2.92655430
3141,Oubritenga,36,BF,OUB,BF-OUB,12.59701000,-1.25223100
3144,Oudalan,36,BF,OUD,BF-OUD,14.62530630,-0.33334710
3117,Passoré,36,BF,PAS,BF-PAS,12.87770000,-2.29449050
3125,Plateau-Central,36,BF,11,BF-11,12.40414000,-0.88641600
3163,Poni,36,BF,PON,BF-PON,10.30859430,-3.30168110
3114,Sahel,36,BF,12,BF-12,14.02791650,-0.77177760
3154,Sanguié,36,BF,SNG,BF-SNG,12.21015610,-2.64210590
3126,Sanmatenga,36,BF,SMT,BF-SMT,13.24054480,-0.97470230
3139,Séno,36,BF,SEN,BF-SEN,13.99508000,-0.09920760
3119,Sissili,36,BF,SIS,BF-SIS,11.44840640,-2.39120850
3166,Soum,36,BF,SOM,BF-SOM,14.28614430,-1.34523260
3137,Sourou,36,BF,SOR,BF-SOR,13.23116750,-2.96218100
3140,Sud-Ouest,36,BF,13,BF-13,10.38692080,-3.28318860
3128,Tapoa,36,BF,TAP,BF-TAP,12.14506270,1.76030250
3134,Tuy,36,BF,TUI,BF-TUI,11.44956040,-3.37876530
3124,Yagha,36,BF,YAG,BF-YAG,13.42694450,0.61614970
3150,Yatenga,36,BF,YAT,BF-YAT,13.59429380,-2.52495130
3145,Ziro,36,BF,ZIR,BF-ZIR,11.67530500,-1.91466260
3130,Zondoma,36,BF,ZON,BF-ZON,13.19753960,-2.30852760
3118,Zoundwéogo,36,BF,ZOU,BF-ZOU,11.55258950,-1.03089380
3196,Bubanza,37,BI,BB,BI-BB,-3.11127870,29.38283580
3198,Bujumbura Mairie,37,BI,BM,BI-BM,-3.34939590,29.36318430
3200,Bujumbura Rural,37,BI,BL,BI-BL,-3.47598170,29.45357020
3202,Bururi,37,BI,BR,BI-BR,-3.85815920,29.58437900
3201,Cankuzo,37,BI,CA,BI-CA,-3.14508760,30.58987000
3190,Cibitoke,37,BI,CI,BI-CI,-2.84773410,29.26166200
3197,Gitega,37,BI,GI,BI-GI,-3.53823360,29.91070100
3194,Karuzi,37,BI,KR,BI-KR,-3.12553770,30.09783470
3192,Kayanza,37,BI,KY,BI-KY,-3.02148160,29.64580340
3195,Kirundo,37,BI,KI,BI-KI,-2.58538720,30.09334490
3188,Makamba,37,BI,MA,BI-MA,-4.19783150,29.80739960
3193,Muramvya,37,BI,MU,BI-MU,-3.27511810,29.63078550
3186,Muyinga,37,BI,MY,BI-MY,-2.73359850,30.31714410
3187,Mwaro,37,BI,MW,BI-MW,-3.46500430,29.67085080
3199,Ngozi,37,BI,NG,BI-NG,-2.87768950,29.89949860
3185,Rumonge,37,BI,RM,BI-RM,-3.97540490,29.43880140
3189,Rutana,37,BI,RT,BI-RT,-3.86187140,30.06769790
3191,Ruyigi,37,BI,RY,BI-RY,-3.47334710,30.25012780
3984,Banteay Meanchey,39,KH,1,KH-1,13.79891470,102.88626660
3976,Battambang,39,KH,2,KH-2,13.09985260,103.19666590
3991,Kampong Cham,39,KH,3,KH-3,12.11748570,105.20800220
3979,Kampong Chhnang,39,KH,4,KH-4,12.25360260,104.66583890
3988,Kampong Speu,39,KH,5,KH-5,11.57753680,104.27140230
5070,Kampong Thom,39,KH,6,KH-6,12.66879230,104.88791970
3981,Kampot,39,KH,7,KH-7,10.61169060,104.18275420
3983,Kandal,39,KH,8,KH-8,11.39626250,105.02078690
3978,Kep,39,KH,23,KH-23,10.48463910,104.31440820
3982,Koh Kong,39,KH,9,KH-9,11.68134170,103.02580430
3986,Kratie,39,KH,10,KH-10,12.67830170,106.05817330
3985,Mondulkiri,39,KH,11,KH-11,12.73960750,107.00879870
3987,Oddar Meanchey,39,KH,22,KH-22,14.15856310,103.78279600
3980,Pailin,39,KH,24,KH-24,12.89053280,102.62946040
3994,Phnom Penh,39,KH,12,KH-12,11.56827100,104.92244260
3973,Preah Vihear,39,KH,13,KH-13,13.74629820,104.97403000
3974,Prey Veng,39,KH,14,KH-14,11.36595970,105.45572770
3977,Pursat,39,KH,15,KH-15,12.46625920,103.74268300
3990,Ratanakiri,39,KH,16,KH-16,13.93123990,107.03910880
3992,Siem Reap,39,KH,17,KH-17,13.36175620,103.85903210
3989,Sihanoukville,39,KH,18,KH-18,10.73219890,103.75958060
3993,Stung Treng,39,KH,19,KH-19,13.52712070,105.96867270
3972,Svay Rieng,39,KH,20,KH-20,11.09161500,105.80345770
3975,Takeo,39,KH,21,KH-21,10.93585470,104.77964130
5537,Tboung Khmum,39,KH,25,KH-25,11.98333333,105.45000000
2663,Adamawa,40,CM,AD,CM-AD,6.84967080,13.21632220
2660,Centre,40,CM,CE,CM-CE,4.68626700,11.94145120
2661,East,40,CM,ES,CM-ES,3.98943930,14.17837300
2656,Far North,40,CM,EN,CM-EN,10.63771860,14.27381560
2662,Littoral,40,CM,LT,CM-LT,4.20303300,10.05630570
2665,North,40,CM,NO,CM-NO,8.77127940,13.78036270
2657,Northwest,40,CM,NW,CM-NW,6.37752550,10.38641710
2659,South,40,CM,SU,CM-SU,2.73123740,11.62546220
2658,Southwest,40,CM,SW,CM-SW,5.05776060,9.22894070
2664,West,40,CM,OU,CM-OU,5.53563820,10.58288260
872,Alberta,41,CA,AB,CA-AB,55.00125100,-115.00213600
875,British Columbia,41,CA,BC,CA-BC,55.00125100,-125.00244100
867,Manitoba,41,CA,MB,CA-MB,55.00125100,-97.00103800
868,New Brunswick,41,CA,NB,CA-NB,46.50028300,-66.75018300
877,Newfoundland and Labrador,41,CA,NL,CA-NL,53.82173270,-61.22955320
878,Northwest Territories,41,CA,NT,CA-NT,65.00000040,-118.00000000
874,Nova Scotia,41,CA,NS,CA-NS,45.19604030,-63.16537890
876,Nunavut,41,CA,NU,CA-NU,65.03777270,-92.55407910
866,Ontario,41,CA,ON,CA-ON,50.00067800,-86.00097700
871,Prince Edward Island,41,CA,PE,CA-PE,46.50368070,-63.59541100
873,Quebec,41,CA,QC,CA-QC,52.47608920,-71.82586680
870,Saskatchewan,41,CA,SK,CA-SK,55.53212570,-106.14122400
869,Yukon,41,CA,YT,CA-YT,63.00014700,-136.00250200
2994,Barlavento Islands,38,CV,B,CV-B,17.05552850,-25.17230490
2999,Boa Vista,38,CV,BV,CV-BV,16.09950900,-22.80094110
2996,Brava,38,CV,BR,CV-BR,14.85194260,-24.70869390
2991,Maio,38,CV,MA,CV-MA,15.22721820,-23.15630140
2987,Mosteiros,38,CV,MO,CV-MO,15.03472570,-24.32774210
2997,Paul,38,CV,PA,CV-PA,17.11502950,-25.02015890
2989,Porto Novo,38,CV,PN,CV-PN,17.01934230,-25.06419220
2988,Praia,38,CV,PR,CV-PR,14.94812010,-23.51589450
2982,Ribeira Brava,38,CV,RB,CV-RB,16.61572800,-24.29825430
3002,Ribeira Grande,38,CV,RG,CV-RG,17.18335470,-25.06437950
2984,Ribeira Grande de Santiago,38,CV,RS,CV-RS,14.98302980,-23.65617250
2998,Sal,38,CV,SL,CV-SL,16.72045560,-22.93867610
2985,Santa Catarina,38,CV,CA,CV-CA,15.08907540,-23.71343040
2995,Santa Catarina do Fogo,38,CV,CF,CV-CF,14.90225450,-24.32125790
3004,Santa Cruz,38,CV,CR,CV-CR,15.13239320,-23.55768190
2986,São Domingos,38,CV,SD,CV-SD,15.02861650,-23.56392200
3000,São Filipe,38,CV,SF,CV-SF,14.89516790,-24.49456360
2993,São Lourenço dos Órgãos,38,CV,SO,CV-SO,15.07094420,-23.58651310
2990,São Miguel,38,CV,SM,CV-SM,15.18996620,-23.64204860
5552,São Salvador do Mundo,38,CV,SS,CV-SS,15.07000000,-23.63000000
3001,São Vicente,38,CV,SV,CV-SV,16.84944120,-24.97187920
2992,Sotavento Islands,38,CV,S,CV-S,15.12007580,-23.63481810
2983,Tarrafal,38,CV,TA,CV-TA,15.27605780,-23.74840770
3003,Tarrafal de São Nicolau,38,CV,TS,CV-TS,16.56364980,-24.35494200
5252,Cayman Brac,42,KY,02,KY-02,19.71988620,-79.79314000
5251,Grand Cayman,42,KY,01,KY-01,19.32984710,-81.17122160
5253,Little Cayman,42,KY,03,KY-03,19.68533460,-80.04778240
1259,Bamingui-Bangoran,43,CF,BB,CF-BB,8.69854700,20.52811490
1262,Bangui,43,CF,BGF,CF-BGF,4.36351180,18.58359130
1264,Basse-Kotto,43,CF,BK,CF-BK,5.12832010,21.38838250
1258,Haut-Mbomou,43,CF,HM,CF-HM,6.34979290,25.65087380
1268,Haute-Kotto,43,CF,HK,CF-HK,7.36256450,22.92714110
1263,Kémo,43,CF,KG,CF-KG,5.94800740,19.21588710
1256,Lobaye,43,CF,LB,CF-LB,4.10345480,17.56535920
1257,Mambéré-Kadéï,43,CF,HS,CF-HS,4.56627620,15.86714030
1266,Mbomou,43,CF,MB,CF-MB,5.52308990,23.44457050
1253,Nana-Grébizi,43,CF,KB,CF-KB,7.50480070,19.19235790
1260,Nana-Mambéré,43,CF,NM,CF-NM,5.22316250,15.35179220
1255,Ombella-M'Poko,43,CF,MP,CF-MP,5.07267610,18.17177890
1265,Ouaka,43,CF,UK,CF-UK,6.31105480,20.54475250
1254,Ouham,43,CF,AC,CF-AC,7.13140080,17.70413610
1267,Ouham-Pendé,43,CF,OP,CF-OP,6.70572820,16.14432020
1252,Sangha-Mbaéré,43,CF,SE,CF-SE,3.67548950,16.32469150
1261,Vakaga,43,CF,VK,CF-VK,9.82505020,22.37636300
3583,Bahr el Gazel,44,TD,BG,TD-BG,14.46824680,16.94168360
3590,Batha,44,TD,BA,TD-BA,13.83677310,18.96498060
3574,Borkou,44,TD,BO,TD-BO,17.26581290,18.36952880
5114,Chari-Baguirmi,44,TD,CB,TD-CB,11.33453480,16.28843110
3575,Ennedi-Est,44,TD,EE,TD-EE,17.62197370,23.31336760
3584,Ennedi-Ouest,44,TD,EO,TD-EO,18.16368030,21.50827090
3576,Guéra,44,TD,GR,TD-GR,11.67538170,18.49100310
3573,Hadjer-Lamis,44,TD,HL,TD-HL,12.69039060,16.33526480
3588,Kanem,44,TD,KA,TD-KA,15.22643980,15.31511910
3577,Lac,44,TD,LC,TD-LC,13.58208270,14.37883290
3585,Logone Occidental,44,TD,LO,TD-LO,8.77956370,15.91267490
3591,Logone Oriental,44,TD,LR,TD-LR,8.20471520,16.47018100
3589,Mandoul,44,TD,MA,TD-MA,8.72751000,17.58417710
3580,Mayo-Kebbi Est,44,TD,ME,TD-ME,10.12661800,15.81834500
3571,Mayo-Kebbi Ouest,44,TD,MO,TD-MO,9.26403830,14.71515980
3570,Moyen-Chari,44,TD,MC,TD-MC,9.44077680,18.81609270
3586,N'Djamena,44,TD,ND,TD-ND,12.11915430,15.05027580
3582,Ouaddaï,44,TD,OD,TD-OD,13.46135690,21.28844500
3592,Salamat,44,TD,SA,TD-SA,10.75755960,20.69341160
3572,Sila,44,TD,SI,TD-SI,12.11786000,21.44588480
3579,Tandjilé,44,TD,TA,TD-TA,9.57130510,16.52949560
3587,Tibesti,44,TD,TI,TD-TI,21.40073910,17.47427630
3581,Wadi Fira,44,TD,WF,TD-WF,15.01914490,21.46731900
2828,Aisén del General Carlos Ibañez del Campo,45,CL,AI,CL-AI,-46.45901470,-72.67183860
2832,Antofagasta,45,CL,AN,CL-AN,-23.60413140,-69.08427830
2829,Arica y Parinacota,45,CL,AP,CL-AP,-18.57134960,-69.78847740
2823,Atacama,45,CL,AT,CL-AT,-27.55717830,-70.01568820
2827,Biobío,45,CL,BI,CL-BI,-37.33914070,-72.41068250
2825,Coquimbo,45,CL,CO,CL-CO,-30.75466520,-70.90055360
2826,La Araucanía,45,CL,AR,CL-AR,-40.90713140,-73.15732600
2838,Libertador General Bernardo O'Higgins,45,CL,LI,CL-LI,-34.53453800,-71.03548220
2835,Los Lagos,45,CL,LL,CL-LL,-42.30084400,-73.10538700
2834,Los Ríos,45,CL,LR,CL-LR,-39.97427470,-72.66770060
2836,Magallanes y de la Antártica Chilena,45,CL,MA,CL-MA,-53.35275180,-71.55477820
2833,Maule,45,CL,ML,CL-ML,-35.52134700,-71.69188910
2831,Ñuble,45,CL,NB,CL-NB,-36.63315770,-71.93848210
2824,Región Metropolitana de Santiago,45,CL,RM,CL-RM,-33.57393410,-70.62055180
2837,Tarapacá,45,CL,TA,CL-TA,-20.16366720,-69.54634480
2830,Valparaíso,45,CL,VS,CL-VS,-33.04723800,-71.61268850
2251,Anhui,46,CN,AH,CN-AH,32.00000000,117.00000000
2257,Beijing,46,CN,BJ,CN-BJ,39.90571360,116.39129720
2271,Chongqing,46,CN,CQ,CN-CQ,30.05518000,107.87487120
2248,Fujian,46,CN,FJ,CN-FJ,26.19321800,118.22087210
2275,Gansu,46,CN,GS,CN-GS,38.00000010,101.99999990
2279,Guangdong,46,CN,GD,CN-GD,23.13576940,113.19826880
2278,Guangxi,46,CN,GX,CN-GX,24.00000000,109.00000000
2261,Guizhou,46,CN,GZ,CN-GZ,27.00000000,107.00000000
2273,Hainan,46,CN,HI,CN-HI,19.20000010,109.59999990
2280,Hebei,46,CN,HE,CN-HE,39.00000010,116.00000000
2265,Heilongjiang,46,CN,HL,CN-HL,48.00000470,127.99999200
2259,Henan,46,CN,HA,CN-HA,34.00000010,113.99999990
2267,Hong Kong SAR,46,CN,HK,CN-HK,22.35062700,114.18491610
2274,Hubei,46,CN,HB,CN-HB,31.00000000,112.00000000
2258,Hunan,46,CN,HN,CN-HN,27.66620870,111.74870630
2269,Inner Mongolia,46,CN,NM,CN-NM,43.24432420,114.32516640
2250,Jiangsu,46,CN,JS,CN-JS,33.00000010,119.99999990
2256,Jiangxi,46,CN,JX,CN-JX,28.00000000,116.00000000
2253,Jilin,46,CN,JL,CN-JL,43.83788300,126.54957200
2268,Liaoning,46,CN,LN,CN-LN,41.23741060,122.99554690
2266,Macau SAR,46,CN,MO,CN-MO,22.31452850,113.94724460
2262,Ningxia,46,CN,NX,CN-NX,37.00000010,105.99999990
2270,Qinghai,46,CN,QH,CN-QH,36.00000000,96.00000000
2272,Shaanxi,46,CN,SN,CN-SN,35.58959590,109.30131070
2252,Shandong,46,CN,SD,CN-SD,36.39898700,118.50556910
2249,Shanghai,46,CN,SH,CN-SH,31.23041600,121.47370100
2254,Shanxi,46,CN,SX,CN-SX,37.00000000,112.00000000
2277,Sichuan,46,CN,SC,CN-SC,30.50000010,102.49999990
2255,Taiwan,46,CN,TW,CN-TW,23.97393740,120.98201790
2276,Tianjin,46,CN,TJ,CN-TJ,39.08448970,117.19567240
2264,Tibet,46,CN,XZ,CN-XZ,29.85564430,90.87498070
2263,Xinjiang,46,CN,XJ,CN-XJ,42.48049530,85.46334640
2260,Yunnan,46,CN,YN,CN-YN,25.00000000,102.00000000
2247,Zhejiang,46,CN,ZJ,CN-ZJ,29.00000010,119.99999990
2895,Amazonas,49,CO,AMA,CO-AMA,-1.30529900,-71.46592120
2890,Antioquia,49,CO,ANT,CO-ANT,7.00000850,-75.50000860
2881,Arauca,49,CO,ARA,CO-ARA,6.66667550,-71.00000860
2880,Atlántico,49,CO,ATL,CO-ATL,10.67734220,-74.97186660
4921,Bogotá D.C.,49,CO,DC,CO-DC,4.28347150,-74.17536060
2893,Bolívar,49,CO,BOL,CO-BOL,9.36604770,-74.80236360
2903,Boyacá,49,CO,BOY,CO-BOY,5.44281930,-73.37452240
2887,Caldas,49,CO,CAL,CO-CAL,5.33025140,-75.28734710
2891,Caquetá,49,CO,CAQ,CO-CAQ,1.11533850,-74.10568380
2892,Casanare,49,CO,CAS,CO-CAS,5.50000850,-71.50000860
2884,Cauca,49,CO,CAU,CO-CAU,2.71564500,-76.66266500
2899,Cesar,49,CO,CES,CO-CES,9.33334150,-73.50000860
2876,Chocó,49,CO,CHO,CO-CHO,6.00000850,-77.00000860
2898,Córdoba,49,CO,COR,CO-COR,8.33447130,-75.66662380
2875,Cundinamarca,49,CO,CUN,CO-CUN,5.10965960,-74.09958540
2882,Guainía,49,CO,GUA,CO-GUA,2.50000860,-69.00000860
2888,Guaviare,49,CO,GUV,CO-GUV,1.78991980,-72.37617840
4871,Huila,49,CO,HUI,CO-HUI,2.47389930,-75.59001130
2889,La Guajira,49,CO,LAG,CO-LAG,11.43541180,-72.90021610
2886,Magdalena,49,CO,MAG,CO-MAG,10.58080750,-74.06856690
2878,Meta,49,CO,MET,CO-MET,5.15544480,-70.86537840
2897,Nariño,49,CO,NAR,CO-NAR,1.28915100,-77.35794000
2877,Norte de Santander,49,CO,NSA,CO-NSA,8.44179240,-73.04925050
2896,Putumayo,49,CO,PUT,CO-PUT,0.50000860,-76.00000860
2874,Quindío,49,CO,QUI,CO-QUI,4.40283130,-75.70257950
2879,Risaralda,49,CO,RIS,CO-RIS,5.21029480,-75.98422360
2900,"San Andrés, Providencia y Santa Catalina",49,CO,SAP,CO-SAP,12.53759790,-81.72041550
2901,Santander,49,CO,SAN,CO-SAN,7.00000850,-73.25000860
2902,Sucre,49,CO,SUC,CO-SUC,9.00000000,-75.00000000
2883,Tolima,49,CO,TOL,CO-TOL,4.03557860,-75.20866420
2904,Valle del Cauca,49,CO,VAC,CO-VAC,3.69840530,-76.55019960
2885,Vaupés,49,CO,VAU,CO-VAU,0.42281240,-70.94683720
2894,Vichada,49,CO,VID,CO-VID,4.86866130,-69.37366580
2821,Anjouan,50,KM,A,KM-A,-12.22656810,44.41070490
2822,Grande Comore,50,KM,G,KM-G,-11.65256880,43.33097060
2820,Mohéli,50,KM,M,KM-M,-12.32045730,43.72043130
2866,Bouenza,51,CG,11,CG-11,-4.28686530,13.39721290
2870,Brazzaville,51,CG,BZV,CG-BZV,-4.26944070,15.27122560
2864,Cuvette,51,CG,8,CG-8,-0.49368550,16.16020130
2869,Cuvette-Ouest,51,CG,15,CG-15,0.28025200,14.52925990
2867,Kouilou,51,CG,5,CG-5,-4.19609640,11.91043880
2868,Lékoumou,51,CG,2,CG-2,-3.23156050,13.52117210
2865,Likouala,51,CG,7,CG-7,1.67888280,17.47477230
2872,Niari,51,CG,9,CG-9,-2.90770550,12.32983130
2862,Plateaux,51,CG,14,CG-14,-2.17096440,15.22861290
2863,Pointe-Noire,51,CG,16,CG-16,-4.79753730,11.85032970
2873,Pool,51,CG,12,CG-12,-3.72985450,15.05387200
2871,Sangha,51,CG,13,CG-13,1.42843620,15.42225220
1215,Alajuela,54,CR,A,CR-A,10.45233160,-84.46632840
1211,Cartago,54,CR,C,CR-C,9.86223110,-83.92141870
1209,Guanacaste,54,CR,G,CR-G,10.37884410,-85.43382870
1212,Heredia,54,CR,H,CR-H,10.37678130,-84.01397210
1213,Limón,54,CR,L,CR-L,9.98963980,-83.03324170
1210,Puntarenas,54,CR,P,CR-P,9.09532790,-84.20030380
1214,San José,54,CR,SJ,CR-SJ,9.93254270,-84.07957820
734,Bjelovar-Bilogora,56,HR,07,HR-07,45.74621420,16.92123350
737,Brod-Posavina,56,HR,12,HR-12,45.15426690,18.01177610
728,Dubrovnik-Neretva,56,HR,19,HR-19,42.81431660,17.37466280
743,Istria,56,HR,18,HR-18,45.19343450,13.91505360
5069,Karlovac,56,HR,04,HR-04,45.48925220,15.54863030
742,Koprivnica-Križevci,56,HR,06,HR-06,46.12545080,16.82212780
729,Krapina-Zagorje,56,HR,02,HR-02,46.09832180,15.93774040
731,Lika-Senj,56,HR,09,HR-09,44.66818000,15.33246960
726,Međimurje,56,HR,20,HR-20,46.40619430,16.54722780
740,Osijek-Baranja,56,HR,14,HR-14,45.54111100,18.43846150
724,Požega-Slavonia,56,HR,11,HR-11,45.43811510,17.51336870
735,Primorje-Gorski Kotar,56,HR,08,HR-08,45.42259370,14.61720320
730,Šibenik-Knin,56,HR,15,HR-15,43.92814850,16.10376940
733,Sisak-Moslavina,56,HR,03,HR-03,45.39816660,16.49551110
725,Split-Dalmatia,56,HR,17,HR-17,43.50034070,16.81561930
739,Varaždin,56,HR,05,HR-05,46.30796450,16.33781980
732,Virovitica-Podravina,56,HR,10,HR-10,45.77327510,17.57891610
741,Vukovar-Syrmia,56,HR,16,HR-16,45.16724010,18.63898980
727,Zadar,56,HR,13,HR-13,44.11685940,15.23532570
736,Zagreb,56,HR,01,HR-01,45.81309670,15.97727950
283,Artemisa,57,CU,15,CU-15,22.82727630,-82.92592450
286,Camagüey,57,CU,09,CU-09,21.31089320,-77.94286950
282,Ciego de Ávila,57,CU,08,CU-08,21.84204720,-78.75996820
287,Cienfuegos,57,CU,06,CU-06,22.14598640,-80.45307750
275,Granma,57,CU,12,CU-12,20.19478890,-77.29362650
285,Guantánamo,57,CU,14,CU-14,20.21060630,-74.69383950
272,Havana,57,CU,03,CU-03,23.13530500,-82.35896310
279,Holguín,57,CU,11,CU-11,20.91155760,-75.78919780
278,Isla de la Juventud,57,CU,99,CU-99,21.69109760,-82.81558560
281,Las Tunas,57,CU,10,CU-10,21.08870450,-76.81216480
284,Matanzas,57,CU,04,CU-04,22.45459990,-81.49615850
276,Mayabeque,57,CU,16,CU-16,22.82541570,-82.07010620
277,Pinar del Río,57,CU,01,CU-01,22.31244700,-83.93893860
274,Sancti Spíritus,57,CU,07,CU-07,21.92756670,-79.44321100
273,Santiago de Cuba,57,CU,13,CU-13,20.12094750,-75.92400900
280,Villa Clara,57,CU,05,CU-05,22.70361190,-79.69449680
749,Famagusta (Mağusa),59,CY,04,CY-04,35.13521370,33.92398310
744,Kyrenia (Keryneia),59,CY,06,CY-06,35.29514810,33.27691550
747,Larnaca (Larnaka),59,CY,03,CY-03,34.86974840,33.60920970
748,Limassol (Leymasun),59,CY,02,CY-02,34.69114850,33.00783840
745,Nicosia (Lefkoşa),59,CY,01,CY-01,35.15654640,33.37056260
746,Paphos (Pafos),59,CY,05,CY-05,34.78129780,32.42140970
4627,Benešov,60,CZ,201,CZ-201,49.78189210,14.68691210
4620,Beroun,60,CZ,202,CZ-202,49.96402920,14.07339070
4615,Blansko,60,CZ,641,CZ-641,49.36485020,16.64775520
4542,Břeclav,60,CZ,644,CZ-644,48.75314000,16.88251690
4568,Brno-město,60,CZ,642,CZ-642,49.19506020,16.60683710
4545,Brno-venkov,60,CZ,643,CZ-643,49.17618380,16.38816430
4644,Bruntál,60,CZ,801,CZ-801,49.98817670,17.46369410
4633,Česká Lípa,60,CZ,511,CZ-511,50.67852010,14.53969910
4556,České Budějovice,60,CZ,311,CZ-311,48.97473570,14.47428500
4543,Český Krumlov,60,CZ,312,CZ-312,48.81273540,14.31746570
4573,Cheb,60,CZ,411,CZ-411,50.07953340,12.36986360
4553,Chomutov,60,CZ,422,CZ-422,50.46064560,13.41783240
4634,Chrudim,60,CZ,531,CZ-531,49.95114580,15.79475590
4609,Děčín,60,CZ,421,CZ-421,50.78241960,14.21472210
4641,Domažlice,60,CZ,321,CZ-321,49.43970270,12.93114350
4559,Frýdek-Místek,60,CZ,802,CZ-802,49.68563500,18.34834160
4611,Havlíčkův Brod,60,CZ,631,CZ-631,49.60433640,15.57965520
4561,Hodonín,60,CZ,645,CZ-645,48.85293910,17.12600250
4580,Hradec Králové,60,CZ,521,CZ-521,50.20921130,15.83275120
4612,Jablonec nad Nisou,60,CZ,512,CZ-512,50.72205280,15.17031350
4625,Jeseník,60,CZ,711,CZ-711,50.22462490,17.19804710
4640,Jičín,60,CZ,522,CZ-522,50.43533250,15.36104400
4613,Jihlava,60,CZ,632,CZ-632,49.39837820,15.58704150
4639,Jihočeský kraj,60,CZ,31,CZ-31,49.08645480,14.60017270
4602,Jihomoravský kraj,60,CZ,64,CZ-64,49.12491790,16.68277160
4624,Jindřichův Hradec,60,CZ,313,CZ-313,49.14448230,15.00613890
4581,Karlovarský kraj,60,CZ,41,CZ-41,50.17535320,12.80608630
4604,Karlovy Vary,60,CZ,412,CZ-412,50.23062160,12.87014370
4586,Karviná,60,CZ,803,CZ-803,49.85665240,18.54321860
4631,Kladno,60,CZ,203,CZ-203,50.14784970,14.10253790
4591,Klatovy,60,CZ,322,CZ-322,49.39555490,13.29509370
4618,Kolín,60,CZ,204,CZ-204,50.02888940,15.20115710
4575,Kraj Vysočina,60,CZ,63,CZ-63,49.39940980,15.57046830
4614,Královéhradecký kraj,60,CZ,52,CZ-52,50.40939270,15.68500540
4593,Kroměříž,60,CZ,721,CZ-721,49.29165820,17.39938000
4923,Kutná Hora,60,CZ,205,CZ-205,49.94865610,15.26811230
4590,Liberec,60,CZ,513,CZ-513,50.77026480,15.05839470
4601,Liberecký kraj,60,CZ,51,CZ-51,50.74760400,14.99031030
4605,Litoměřice,60,CZ,423,CZ-423,50.53841970,14.13054580
4617,Louny,60,CZ,424,CZ-424,50.35398120,13.80335510
4638,Mělník,60,CZ,206,CZ-206,50.35207850,14.47482810
4643,Mladá Boleslav,60,CZ,207,CZ-207,50.41161870,14.90313010
4600,Moravskoslezský kraj,60,CZ,80,CZ-80,49.86027500,18.03865410
4629,Most,60,CZ,425,CZ-425,50.50327370,13.63611200
4550,Náchod,60,CZ,523,CZ-523,50.41457220,16.16563470
4548,Nový Jičín,60,CZ,804,CZ-804,49.59432510,18.01353560
4582,Nymburk,60,CZ,208,CZ-208,50.18558160,15.04366040
4574,Olomouc,60,CZ,712,CZ-712,49.59377800,17.25087870
4589,Olomoucký kraj,60,CZ,71,CZ-71,49.85910580,16.95612670
4623,Opava,60,CZ,805,CZ-805,49.93890040,17.90241740
4584,Ostrava-město,60,CZ,806,CZ-806,49.83491390,18.28200840
4547,Pardubice,60,CZ,532,CZ-532,50.03858120,15.77913560
4588,Pardubický kraj,60,CZ,53,CZ-53,49.88981900,16.12832540
4645,Pelhřimov,60,CZ,633,CZ-633,49.43062070,15.22298300
4560,Písek,60,CZ,314,CZ-314,49.30898870,14.14776900
4608,Plzeň-jih,60,CZ,324,CZ-324,49.55224210,13.43426140
4544,Plzeň-město,60,CZ,323,CZ-323,49.74774150,13.37752490
4564,Plzeň-sever,60,CZ,325,CZ-325,49.88142340,13.28128810
4607,Plzeňský kraj,60,CZ,32,CZ-32,49.52281020,13.20631180
4578,Prachatice,60,CZ,315,CZ-315,49.01091000,14.00000050
4606,Praha-východ,60,CZ,209,CZ-209,50.08281120,14.71921790
4619,Praha-západ,60,CZ,20A,CZ-20A,49.99844200,14.26342830
4598,"Praha, Hlavní město",60,CZ,10,CZ-10,50.05962880,14.44645930
4626,Přerov,60,CZ,714,CZ-714,49.45537750,17.45086210
4546,Příbram,60,CZ,20B,CZ-20B,49.69014440,14.01036630
4551,Prostějov,60,CZ,713,CZ-713,49.47214670,17.11179790
4558,Rakovník,60,CZ,20C,CZ-20C,50.10612300,13.73966230
4583,Rokycany,60,CZ,326,CZ-326,49.80024140,13.64745770
4636,Rychnov nad Kněžnou,60,CZ,524,CZ-524,50.16596510,16.27768420
4596,Semily,60,CZ,514,CZ-514,50.60515760,15.32814090
4595,Sokolov,60,CZ,413,CZ-413,50.18090970,12.63949860
4628,Strakonice,60,CZ,316,CZ-316,49.26040430,13.91030850
4554,Středočeský kraj,60,CZ,20,CZ-20,50.06015790,13.83074790
4642,Šumperk,60,CZ,715,CZ-715,49.96555210,16.97056510
4571,Svitavy,60,CZ,533,CZ-533,49.75516290,16.46918610
4565,Tábor,60,CZ,317,CZ-317,49.41415330,14.65872340
4646,Tachov,60,CZ,327,CZ-327,49.79878030,12.63619210
4621,Teplice,60,CZ,426,CZ-426,50.64066440,13.82444610
4597,Třebíč,60,CZ,634,CZ-634,49.21478690,15.87955160
4579,Trutnov,60,CZ,525,CZ-525,50.56538380,15.90909230
4592,Uherské Hradiště,60,CZ,722,CZ-722,49.06810180,17.46638990
4576,Ústecký kraj,60,CZ,42,CZ-42,50.56632660,13.82067050
4599,Ústí nad Labem,60,CZ,427,CZ-427,50.66033270,14.03813570
4647,Ústí nad Orlicí,60,CZ,534,CZ-534,49.97218010,16.39966170
4572,Vsetín,60,CZ,723,CZ-723,49.33897750,17.99615340
4622,Vyškov,60,CZ,646,CZ-646,49.27781940,16.99944460
4648,Žďár nad Sázavou,60,CZ,635,CZ-635,49.56430120,15.93910300
4563,Zlín,60,CZ,724,CZ-724,49.22676600,17.66674150
4552,Zlínský kraj,60,CZ,72,CZ-72,49.19692000,17.64609160
4630,Znojmo,60,CZ,647,CZ-647,48.85543410,16.04894570
2753,Bas-Uélé,52,CD,BU,CD-BU,3.66444880,25.21378710
2744,Équateur,52,CD,EQ,CD-EQ,0.60601540,18.78007290
2750,Haut-Katanga,52,CD,HK,CD-HK,-10.51971800,27.84328040
2758,Haut-Lomami,52,CD,HL,CD-HL,-8.14950360,25.55579630
2734,Haut-Uélé,52,CD,HU,CD-HU,3.33984990,28.78927400
2751,Ituri,52,CD,IT,CD-IT,1.83306230,29.49807740
2757,Kasaï,52,CD,KS,CD-KS,-4.87408620,21.12348990
2742,Kasaï Central,52,CD,KC,CD-KC,-5.90468960,21.43344170
2735,Kasaï Oriental,52,CD,KE,CD-KE,-6.12589420,23.59981110
2741,Kinshasa,52,CD,KN,CD-KN,-4.32171000,15.31225110
2746,Kongo Central,52,CD,BC,CD-BC,-5.17784830,14.39099350
2740,Kwango,52,CD,KG,CD-KG,-6.18223810,17.77116910
2759,Kwilu,52,CD,KL,CD-KL,-4.81084970,18.80553400
2747,Lomami,52,CD,LO,CD-LO,-6.12866400,24.45779620
4953,Lualaba,52,CD,LU,CD-LU,-10.70278090,25.46579790
2755,Mai-Ndombe,52,CD,MN,CD-MN,-2.54069450,18.60657320
2745,Maniema,52,CD,MA,CD-MA,-2.96127780,25.96348480
2752,Mongala,52,CD,MO,CD-MO,2.15406000,21.48612210
2749,Nord-Kivu,52,CD,NK,CD-NK,-0.56456470,28.70619450
2739,Nord-Ubangi,52,CD,NU,CD-NU,4.01756560,21.37792420
2743,Sankuru,52,CD,SA,CD-SA,-3.50748850,23.58450390
2738,Sud-Kivu,52,CD,SK,CD-SK,-3.29689580,28.16740080
2748,Sud-Ubangi,52,CD,SU,CD-SU,3.32833350,19.46275810
2733,Tanganyika,52,CD,TA,CD-TA,-6.71057970,27.98798610
2756,Tshopo,52,CD,TO,CD-TO,0.49914930,25.16512260
2732,Tshuapa,52,CD,TU,CD-TU,-0.58759330,22.15443640
1531,Central Denmark,61,DK,82,DK-82,56.23564830,9.23462500
1530,Denmark,61,DK,84,DK-84,55.67024900,10.33332830
1532,North Denmark,61,DK,81,DK-81,56.81527930,9.72733080
1529,Southern Denmark,61,DK,83,DK-83,55.37842630,9.13180640
1528,Zealand,61,DK,85,DK-85,55.54559790,11.69737410
2933,Ali Sabieh,62,DJ,AS,DJ-AS,11.21338090,42.86992490
2932,Arta,62,DJ,AR,DJ-AR,11.52194590,42.83936290
2930,Dikhil,62,DJ,DI,DJ-DI,11.10543360,42.37047440
2929,Djibouti,62,DJ,DJ,DJ-DJ,11.81459660,42.84530610
2928,Obock,62,DJ,OB,DJ-OB,12.21110510,43.16858090
2931,Tadjourah,62,DJ,TA,DJ-TA,12.03581210,42.51745050
4082,Saint Andrew,63,DM,02,DM-02,15.42385390,-61.34165130
4078,Saint David,63,DM,03,DM-03,15.42385390,-61.34165130
4079,Saint George,63,DM,04,DM-04,15.30588490,-61.34772860
4076,Saint John,63,DM,05,DM-05,15.57391580,-61.43697570
4085,Saint Joseph,63,DM,06,DM-06,15.40631550,-61.42390930
4083,Saint Luke,63,DM,07,DM-07,15.25264830,-61.36068480
4077,Saint Mark,63,DM,08,DM-08,15.22852650,-61.35000410
4080,Saint Patrick,63,DM,09,DM-09,15.27704260,-61.29647750
4084,Saint Paul,63,DM,10,DM-10,15.36301840,-61.36134160
4081,Saint Peter,63,DM,11,DM-11,15.49975910,-61.44034710
4114,Azua,64,DO,02,DO-02,18.45527090,-70.73809280
4105,Baoruco,64,DO,03,DO-03,18.51402390,-71.33033930
4090,Barahona,64,DO,04,DO-04,18.21390660,-71.10437590
5540,Cibao Nordeste,64,DO,33,DO-33,19.40000000,-69.90000000
5541,Cibao Noroeste,64,DO,34,DO-34,19.60000000,-71.00000000
5542,Cibao Norte,64,DO,35,DO-35,19.50000000,-70.70000000
5543,Cibao Sur,64,DO,36,DO-36,19.20000000,-70.50000000
4107,Dajabón,64,DO,05,DO-05,19.54992410,-71.70865140
4095,Distrito Nacional,64,DO,01,DO-01,18.48605750,-69.93121170
4113,Duarte,64,DO,06,DO-06,19.28331630,-70.18800550
4086,El Seibo,64,DO,08,DO-08,18.76584960,-69.04066800
5544,El Valle,64,DO,37,DO-37,18.80000000,-71.20000000
5539,Elías Piña,64,DO,07,DO-07,19.03333000,-71.68333000
5545,Enriquillo,64,DO,38,DO-38,18.20000000,-71.30000000
4102,Espaillat,64,DO,09,DO-09,19.51081260,-70.49188030
4106,Hato Mayor,64,DO,30,DO-30,18.70895240,-69.32565240
4089,Hermanas Mirabal,64,DO,19,DO-19,19.39576990,-70.38405780
5546,Higuamo,64,DO,39,DO-39,18.70000000,-69.20000000
4097,Independencia,64,DO,10,DO-10,18.41558610,-71.63573960
4109,La Altagracia,64,DO,11,DO-11,18.58808860,-68.60531040
4087,La Romana,64,DO,12,DO-12,18.42301370,-68.96611040
4116,La Vega,64,DO,13,DO-13,19.22115540,-70.52887530
4094,María Trinidad Sánchez,64,DO,14,DO-14,19.44333040,-69.99908210
4099,Monseñor Nouel,64,DO,28,DO-28,18.92348010,-70.41572650
4115,Monte Cristi,64,DO,15,DO-15,19.71777180,-71.44481130
4111,Monte Plata,64,DO,29,DO-29,18.80808780,-69.78691460
5547,Ozama,64,DO,40,DO-40,18.50000000,-69.90000000
4101,Pedernales,64,DO,16,DO-16,18.09079180,-71.55952470
4096,Peravia,64,DO,17,DO-17,18.33095750,-70.37123490
4092,Puerto Plata,64,DO,18,DO-18,19.72252340,-70.72083380
4103,Samaná,64,DO,20,DO-20,19.20583710,-69.33629490
4091,San Cristóbal,64,DO,21,DO-21,18.41804140,-70.10658490
4112,San José de Ocoa,64,DO,31,DO-31,18.54385800,-70.50418160
4098,San Juan,64,DO,22,DO-22,18.87967000,-71.28627060
4110,San Pedro de Macorís,64,DO,23,DO-23,18.46266000,-69.30512340
4088,Sánchez Ramírez,64,DO,24,DO-24,19.01761470,-70.14483510
4108,Santiago,64,DO,25,DO-25,19.33638900,-70.95212770
4100,Santiago Rodríguez,64,DO,26,DO-26,19.36907290,-71.35238080
4093,Santo Domingo,64,DO,32,DO-32,18.56385430,-69.85316920
5548,Valdesia,64,DO,41,DO-41,18.40000000,-70.30000000
4104,Valverde,64,DO,27,DO-27,19.59556620,-71.03039740
5549,Yuma,64,DO,42,DO-42,18.60000000,-68.70000000
2923,Azuay,65,EC,A,EC-A,-3.05244510,-79.23951350
2920,Bolívar,65,EC,B,EC-B,-1.53927330,-79.08165050
2917,Cañar,65,EC,F,EC-F,-2.57448400,-78.98046780
2915,Carchi,65,EC,C,EC-C,0.83751630,-78.20751540
2925,Chimborazo,65,EC,H,EC-H,-1.46809880,-78.81555890
2921,Cotopaxi,65,EC,X,EC-X,-0.82685210,-78.89377570
2924,El Oro,65,EC,O,EC-O,-3.53110930,-79.83332340
2922,Esmeraldas,65,EC,E,EC-E,0.96817890,-79.65172020
2905,Galápagos,65,EC,W,EC-W,-0.06068990,-90.67389800
2914,Guayas,65,EC,G,EC-G,-2.00000000,-80.00000000
2911,Imbabura,65,EC,I,EC-I,0.25429020,-78.18039130
5068,Loja,65,EC,L,EC-L,-3.99313000,-79.20422000
2910,Los Ríos,65,EC,R,EC-R,-1.49412730,-79.55424850
2913,Manabí,65,EC,M,EC-M,-0.75880250,-80.06121310
2918,Morona-Santiago,65,EC,S,EC-S,-2.62329690,-78.00481060
2916,Napo,65,EC,N,EC-N,-0.60819650,-77.95203410
2926,Orellana,65,EC,D,EC-D,-0.78618000,-76.48031840
2907,Pastaza,65,EC,Y,EC-Y,-1.91666700,-77.00000000
2927,Pichincha,65,EC,P,EC-P,-0.05848930,-78.32843710
2912,Santa Elena,65,EC,SE,EC-SE,-2.22671050,-80.85949900
2919,Santo Domingo de los Tsáchilas,65,EC,SD,EC-SD,-0.25462120,-79.16867240
2906,Sucumbíos,65,EC,U,EC-U,-0.03913800,-76.51196780
2908,Tungurahua,65,EC,T,EC-T,-1.27658950,-78.47546670
2909,Zamora Chinchipe,65,EC,Z,EC-Z,-4.06201830,-78.77515880
3235,Alexandria,66,EG,ALX,EG-ALX,30.94329830,29.76564500
3225,Aswan,66,EG,ASN,EG-ASN,23.66752870,32.69164770
3236,Asyut,66,EG,AST,EG-AST,27.20651320,31.55002820
3241,Beheira,66,EG,BH,EG-BH,30.79152060,30.34654880
3230,Beni Suef,66,EG,BNS,EG-BNS,29.07298120,31.09825620
3223,Cairo,66,EG,C,EG-C,30.03325160,31.56216510
3245,Dakahlia,66,EG,DK,EG-DK,31.13800460,31.88824990
3224,Damietta,66,EG,DT,EG-DT,31.41133310,31.75570720
3238,Faiyum,66,EG,FYM,EG-FYM,29.30840210,30.84284970
3234,Gharbia,66,EG,GH,EG-GH,30.83919470,31.00160720
3239,Giza,66,EG,GZ,EG-GZ,29.05403570,29.41908070
3244,Ismailia,66,EG,IS,EG-IS,30.60437750,32.27708250
3222,Kafr El-Sheikh,66,EG,KFS,EG-KFS,31.38147650,30.85135660
3242,Luxor,66,EG,LX,EG-LX,25.70209600,32.64718600
3231,Matrouh,66,EG,MT,EG-MT,29.78763850,27.42704100
3243,Minya,66,EG,MN,EG-MN,28.08933250,30.75706230
3228,Monufia,66,EG,MNF,EG-MNF,30.43700980,30.74668520
3246,New Valley,66,EG,WAD,EG-WAD,24.87666650,28.77573450
3227,North Sinai,66,EG,SIN,EG-SIN,30.50428030,33.59100600
3229,Port Said,66,EG,PTS,EG-PTS,31.18212750,32.37258200
3232,Qalyubia,66,EG,KB,EG-KB,30.32923680,31.21684660
3247,Qena,66,EG,KN,EG-KN,26.15930970,32.71628550
3240,Red Sea,66,EG,BA,EG-BA,25.58672790,34.16946410
5067,Sharqia,66,EG,SHR,EG-SHR,30.63327750,31.78937390
3226,Sohag,66,EG,SHG,EG-SHG,26.76246280,32.09099360
3237,South Sinai,66,EG,JS,EG-JS,28.64495640,33.87113130
3233,Suez,66,EG,SUZ,EG-SUZ,29.41654270,32.14909670
4139,Ahuachapán,67,SV,AH,SV-AH,13.86349930,-89.92738610
4132,Cabañas,67,SV,CA,SV-CA,13.88329140,-88.73830960
4131,Chalatenango,67,SV,CH,SV-CH,14.17653110,-89.09329630
4137,Cuscatlán,67,SV,CU,SV-CU,13.85869030,-89.06325920
4134,La Libertad,67,SV,LI,SV-LI,13.74496220,-89.36108190
4136,La Paz,67,SV,PA,SV-PA,13.46697660,-88.98506220
4138,La Unión ,67,SV,UN,SV-UN,13.53263180,-87.90258200
4130,Morazán,67,SV,MO,SV-MO,13.77261760,-88.09519730
4135,San Miguel,67,SV,SM,SV-SM,13.43202240,-88.27173700
4133,San Salvador,67,SV,SS,SV-SS,13.73558800,-89.20055460
4127,San Vicente,67,SV,SV,SV-SV,13.52749350,-88.73969860
4128,Santa Ana,67,SV,SA,SV-SA,14.11455850,-89.56781410
4140,Sonsonate,67,SV,SO,SV-SO,13.71151050,-89.66058420
4129,Usulután,67,SV,US,SV-US,13.43247020,-88.53983580
3444,Annobón,68,GQ,AN,GQ-AN,-1.42687820,5.63528010
3446,Bioko Norte,68,GQ,BN,GQ-BN,3.64845940,8.78511550
3443,Bioko Sur,68,GQ,BS,GQ-BS,3.42452540,8.66460920
3445,Centro Sur,68,GQ,CS,GQ-CS,1.39699660,10.45385280
5551,Djibloho,68,GQ,DJ,GQ-DJ,1.60000000,10.80000000
3442,Insular,68,GQ,I,GQ-I,3.49865230,8.71360620
3439,Kié-Ntem,68,GQ,KN,GQ-KN,2.05792660,10.98559160
3441,Litoral,68,GQ,LI,GQ-LI,1.60263740,9.84156900
3438,Río Muni,68,GQ,C,GQ-C,1.05709510,9.65329170
3440,Wele-Nzas,68,GQ,WN,GQ-WN,1.46487190,11.13167600
3425,Anseba,69,ER,AN,ER-AN,16.50001010,37.50000480
3427,Debub,69,ER,DU,ER-DU,14.90996670,38.81506920
3428,Gash-Barka,69,ER,GB,ER-GB,15.25000000,37.50000000
3426,Maekel,69,ER,MA,ER-MA,15.33333300,38.91666700
3424,Northern Red Sea,69,ER,SK,ER-SK,16.00000000,39.00000000
3429,Southern Red Sea,69,ER,DK,ER-DK,13.75000000,41.50000000
5736,Alutaguse,70,EE,130,EE-130,59.11670000,27.45000000
5737,Anija,70,EE,141,EE-141,59.31670000,25.36670000
5738,Antsla,70,EE,142,EE-142,57.83330000,26.53330000
5739,Elva,70,EE,171,EE-171,58.22500000,26.41690000
5743,Häädemeeste,70,EE,214,EE-214,58.06670000,24.48330000
5800,Haapsalu,70,EE,184,EE-184,58.94330000,23.54190000
5740,Haljala,70,EE,191,EE-191,59.45000000,26.31670000
3567,Harju,70,EE,37,EE-37,58.95299790,22.89810630
5741,Harku,70,EE,198,EE-198,59.39030000,24.56970000
3555,Hiiu,70,EE,39,EE-39,59.38302360,24.67038480
5742,Hiiumaa,70,EE,205,EE-205,58.91670000,22.60000000
3569,Ida-Viru,70,EE,45,EE-45,59.21980300,27.39051620
3566,Järva,70,EE,52,EE-52,58.41333570,24.64773500
5747,Järva,70,EE,255,EE-255,59.00000000,25.86670000
5744,Joelähtme,70,EE,245,EE-245,59.46670000,25.10000000
3565,Jõgeva,70,EE,50,EE-50,58.74410590,26.38724440
5745,Jõgeva,70,EE,247,EE-247,58.75000000,26.38330000
5746,Jõhvi,70,EE,251,EE-251,59.35830000,27.42330000
5748,Kadrina,70,EE,272,EE-272,59.33330000,26.13330000
5749,Kambja,70,EE,283,EE-283,58.26670000,26.68330000
5750,Kanepi,70,EE,284,EE-284,58.00000000,26.90000000
5751,Kastre,70,EE,291,EE-291,58.31670000,26.78330000
5752,Kehtna,70,EE,293,EE-293,58.93330000,24.88330000
5801,Keila,70,EE,296,EE-296,59.30360000,24.42110000
5753,Kihnu,70,EE,303,EE-303,58.15000000,24.00000000
5754,Kiili,70,EE,305,EE-305,59.30000000,24.86670000
5755,Kohila,70,EE,317,EE-317,59.16670000,24.76670000
5802,Kohtla-Järve,70,EE,321,EE-321,59.39830000,27.27310000
5756,Kose,70,EE,338,EE-338,59.18330000,25.16670000
5757,Kuusalu,70,EE,353,EE-353,59.43330000,25.45000000
3568,Lääne,70,EE,56,EE-56,58.67412400,25.81061020
5758,Lääne-Harju,70,EE,430,EE-430,59.38330000,24.18330000
5761,Lääne-Nigula,70,EE,441,EE-441,58.86670000,23.78330000
3564,Lääne-Viru,70,EE,60,EE-60,59.40756660,26.30998700
5759,Lääneranna,70,EE,431,EE-431,58.53330000,24.10000000
5803,Loksa,70,EE,424,EE-424,59.57640000,25.72170000
5762,Lüganuse,70,EE,442,EE-442,59.35000000,27.15000000
5760,Luunja,70,EE,432,EE-432,58.38330000,26.91670000
5804,Maardu,70,EE,446,EE-446,59.46530000,25.01440000
5766,Märjamaa,70,EE,503,EE-503,58.88330000,24.46670000
5763,Muhu,70,EE,478,EE-478,58.60000000,23.25000000
5764,Mulgi,70,EE,480,EE-480,58.10000000,25.50000000
5765,Mustvee,70,EE,486,EE-486,58.85000000,26.93330000
5805,Narva,70,EE,511,EE-511,59.37720000,28.19030000
5806,Narva-Jõesuu,70,EE,514,EE-514,59.45390000,28.03940000
5767,Noo,70,EE,528,EE-528,58.28330000,26.55000000
5768,Otepää,70,EE,557,EE-557,58.06670000,26.50000000
5807,Paide,70,EE,567,EE-567,58.88560000,25.55690000
3562,Pärnu,70,EE,68,EE-68,58.38708330,24.50283100
5808,Pärnu,70,EE,624,EE-624,58.38060000,24.49890000
5769,Peipsiääre,70,EE,586,EE-586,58.66670000,27.41670000
5773,Põhja-Pärnu,70,EE,638,EE-638,58.83330000,24.41670000
5770,Põhja-Sakala,70,EE,615,EE-615,58.48330000,25.53330000
5771,Poltsamaa,70,EE,618,EE-618,58.65000000,25.96670000
5772,Põlva,70,EE,622,EE-622,58.06670000,27.05000000
3563,Põlva,70,EE,64,EE-64,58.16949240,27.15670660
5774,Raasiku,70,EE,651,EE-651,59.35000000,25.18330000
5775,Rae,70,EE,653,EE-653,59.35000000,24.96670000
5809,Rakvere,70,EE,663,EE-663,59.34700000,26.35580000
5776,Rakvere,70,EE,661,EE-661,59.34700000,26.35580000
5780,Räpina,70,EE,708,EE-708,58.09830000,27.46390000
5777,Rapla,70,EE,668,EE-668,58.98330000,24.80000000
3559,Rapla,70,EE,71,EE-71,58.94197810,24.69840420
5779,Rõuge,70,EE,698,EE-698,57.76670000,27.03330000
5778,Ruhnu,70,EE,689,EE-689,57.80000000,23.26670000
5781,Saarde,70,EE,712,EE-712,58.25000000,24.66670000
3561,Saare,70,EE,74,EE-74,58.36972190,23.83580310
5782,Saaremaa,70,EE,714,EE-714,58.41670000,22.50000000
5783,Saku,70,EE,719,EE-719,59.28330000,24.66670000
5784,Saue,70,EE,726,EE-726,59.31670000,24.55000000
5785,Setomaa,70,EE,732,EE-732,57.70000000,27.63330000
5810,Sillamäe,70,EE,735,EE-735,59.39690000,27.76310000
5811,Tallinn,70,EE,784,EE-784,59.43700000,24.75360000
5786,Tapa,70,EE,792,EE-792,59.26670000,26.03330000
5812,Tartu,70,EE,793,EE-793,58.37800000,26.72900000
3557,Tartu,70,EE,79,EE-79,58.38012070,26.72245000
5787,Tartu,70,EE,796,EE-796,58.37800000,26.72900000
5788,Toila,70,EE,803,EE-803,59.41670000,27.51670000
5789,Tori,70,EE,809,EE-809,58.48330000,24.81670000
5790,Tõrva,70,EE,824,EE-824,58.00000000,25.93330000
5791,Türi,70,EE,834,EE-834,58.80830000,25.43330000
5799,Väike-Maarja,70,EE,928,EE-928,59.13330000,26.25000000
5792,Valga,70,EE,855,EE-855,57.78330000,26.05000000
3558,Valga,70,EE,81,EE-81,57.77703400,26.03156280
5793,Viimsi,70,EE,890,EE-890,59.50000000,24.81670000
5813,Viljandi,70,EE,897,EE-897,58.36390000,25.59000000
3556,Viljandi,70,EE,84,EE-84,58.36454000,25.58780740
5794,Viljandi,70,EE,899,EE-899,58.36390000,25.59000000
5795,Vinni,70,EE,901,EE-901,59.35000000,26.43330000
5796,Viru-Nigula,70,EE,903,EE-903,59.36670000,26.83330000
5797,Vormsi,70,EE,907,EE-907,59.00000000,23.01670000
5798,Võru,70,EE,917,EE-917,57.84310000,27.01420000
3560,Võru,70,EE,87,EE-87,57.81326070,26.98475760
5814,Võru,70,EE,919,EE-919,57.84310000,27.01420000
969,Hhohho,71,SZ,HH,SZ-HH,-26.09880120,31.36308220
970,Lubombo,71,SZ,LU,SZ-LU,-26.55452000,31.86191160
968,Manzini,71,SZ,MA,SZ-MA,-26.49764440,31.37508150
971,Shiselweni,71,SZ,SH,SZ-SH,-27.03602200,31.33212980
11,Addis Ababa,72,ET,AA,ET-AA,9.00000000,38.75000000
6,Afar,72,ET,AF,ET-AF,11.71082060,41.03308660
3,Amhara,72,ET,AM,ET-AM,11.50000000,38.50000000
9,Benishangul-Gumuz,72,ET,BE,ET-BE,10.37782510,35.50844420
8,Dire Dawa,72,ET,DD,ET-DD,9.59132300,41.85663410
10,Gambela,72,ET,GA,ET-GA,7.81026470,34.18221720
7,Harari,72,ET,HA,ET-HA,9.29055170,42.18856720
5,Oromia,72,ET,OR,ET-OR,7.67216440,40.02997270
5465,Sidama,72,ET,SI,ET-SI,6.50000000,38.50000000
2,Somali,72,ET,SO,ET-SO,7.26298440,43.53605310
1,"Southern Nations, Nationalities, and Peoples",72,ET,SN,ET-SN,6.51569110,36.95410700
5466,Southwest Ethiopia Peoples,72,ET,SW,ET-SW,7.30000000,36.20000000
4,Tigray,72,ET,TI,ET-TI,13.88127300,39.12749500
5229,Eysturoy,74,FO,EY,FO-EY,62.19887040,-6.81784510
5230,Northern Isles,74,FO,NO,FO-NO,62.28056890,6.70170610
5231,Sandoy,74,FO,SA,FO-SA,61.83338770,-6.72398990
5232,Streymoy,74,FO,ST,FO-ST,62.12371920,-7.01588280
5233,Suðuroy,74,FO,SU,FO-SU,61.52106510,-6.81418660
5234,Vágar,74,FO,VA,FO-VA,62.08989850,-7.23458410
1917,Ba,75,FJ,01,FJ-01,36.06138930,-95.80058720
1930,Bua,75,FJ,02,FJ-02,43.09645840,-89.50088000
1924,Cakaudrove,75,FJ,03,FJ-03,-16.81336480,179.28686820
1929,Central,75,FJ,C,FJ-C,34.04400660,-118.24727380
1932,Eastern,75,FJ,E,FJ-E,32.80943050,-117.12899370
1934,Kadavu,75,FJ,04,FJ-04,-19.01271220,178.18766760
1933,Lau,75,FJ,05,FJ-05,31.66870150,-106.39557630
1916,Lomaiviti,75,FJ,06,FJ-06,-17.70900000,179.09100000
1922,Macuata,75,FJ,07,FJ-07,-16.48649220,179.28472510
1919,Nadroga-Navosa,75,FJ,08,FJ-08,-17.98652780,177.65811300
1927,Naitasiri,75,FJ,09,FJ-09,-17.89757540,178.20715980
1928,Namosi,75,FJ,10,FJ-10,-18.08641760,178.12913870
1921,Northern,75,FJ,N,FJ-N,-16.81336480,179.28686820
1926,Ra,75,FJ,11,FJ-11,37.10031530,-95.67442460
1920,Rewa,75,FJ,12,FJ-12,34.79235170,-82.36092640
1931,Rotuma,75,FJ,R,FJ-R,-12.50250690,177.07241640
1925,Serua,75,FJ,13,FJ-13,-18.18047490,178.05097900
1918,Tailevu,75,FJ,14,FJ-14,-17.82691110,178.29324800
1923,Western,75,FJ,W,FJ-W,42.96621980,-78.70211340
1511,Central Finland,76,FI,08,FI-08,62.60936580,25.57946100
1494,Central Ostrobothnia,76,FI,07,FI-07,63.64765570,24.11141130
1507,Finland Proper,76,FI,19,FI-19,60.30361130,22.41130840
1496,Kainuu,76,FI,05,FI-05,64.59463540,28.68105240
1512,Kymenlaakso,76,FI,09,FI-09,60.73185290,27.08287440
1500,Lapland,76,FI,10,FI-10,67.69291040,26.72821420
1504,North Karelia,76,FI,13,FI-13,62.80105200,30.21271160
1505,Northern Ostrobothnia,76,FI,14,FI-14,64.95215120,25.69688120
1503,Northern Savonia,76,FI,15,FI-15,62.93704610,27.49429950
1508,Ostrobothnia,76,FI,12,FI-12,62.96518570,21.20993670
1502,Päijänne Tavastia,76,FI,16,FI-16,61.14441960,25.68725020
1506,Pirkanmaa,76,FI,11,FI-11,61.71743300,23.71571150
1501,Satakunta,76,FI,17,FI-17,61.59342790,21.78245120
1497,South Karelia,76,FI,02,FI-02,61.26674430,28.40548490
1498,Southern Ostrobothnia,76,FI,03,FI-03,62.94330990,23.52852670
1495,Southern Savonia,76,FI,04,FI-04,61.69451480,27.80050150
1493,Tavastia Proper,76,FI,06,FI-06,60.93769600,24.15319190
1510,Uusimaa,76,FI,18,FI-18,60.22466840,25.12726310
4967,Ain,77,FR,01,FR-01,46.06523850,5.28477170
4968,Aisne,77,FR,02,FR-02,49.45328540,3.60689900
4969,Allier,77,FR,03,FR-03,46.36746410,3.16388280
4970,Alpes-de-Haute-Provence,77,FR,04,FR-04,44.16408320,6.18785150
4972,Alpes-Maritimes,77,FR,06,FR-06,43.94199960,7.02026550
4811,Alsace,77,FR,6AE,FR-6AE,48.00987120,7.58750210
4973,Ardèche,77,FR,07,FR-07,44.81519400,4.39865250
4974,Ardennes,77,FR,08,FR-08,49.69801170,4.67160050
4975,Ariège,77,FR,09,FR-09,42.94553680,1.40655440
4976,Aube,77,FR,10,FR-10,48.32019210,4.19053970
4977,Aude,77,FR,11,FR-11,43.05427330,2.51247150
4798,Auvergne-Rhône-Alpes,77,FR,ARA,FR-ARA,45.29681190,4.66048090
4978,Aveyron,77,FR,12,FR-12,44.31585740,2.50656970
5035,Bas-Rhin,77,FR,67,FR-67,48.59917830,7.53367290
4979,Bouches-du-Rhône,77,FR,13,FR-13,43.54241820,5.03432360
4825,Bourgogne-Franche-Comté,77,FR,BFC,FR-BFC,47.11871100,4.96910440
4807,Bretagne,77,FR,BRE,FR-BRE,48.26408450,-2.92024080
4981,Calvados,77,FR,14,FR-14,49.09076480,-0.24139510
4982,Cantal,77,FR,15,FR-15,45.04977010,2.69971760
4818,Centre-Val de Loire,77,FR,CVL,FR-CVL,47.54902510,1.73240620
4983,Charente,77,FR,16,FR-16,45.73022670,-0.72128760
4984,Charente-Maritime,77,FR,17,FR-17,45.73022670,-0.72128760
4985,Cher,77,FR,18,FR-18,47.02488240,2.57533340
5064,Clipperton,77,FR,CP,FR-CP,10.30212870,-109.21783500
4986,Corrèze,77,FR,19,FR-19,45.34290470,1.81764240
4806,Corse,77,FR,20R,FR-20R,42.18808960,9.06841380
4996,Corse-du-Sud,77,FR,2A,FR-2A,41.87340830,9.00870520
4987,Côte-d'Or,77,FR,21,FR-21,47.46550340,4.74812230
4988,Côtes-d'Armor,77,FR,22,FR-22,48.46148770,-2.75143280
4989,Creuse,77,FR,23,FR-23,46.05934850,2.04890100
5047,Deux-Sèvres,77,FR,79,FR-79,46.53914000,-0.29947850
4990,Dordogne,77,FR,24,FR-24,45.14291980,0.63212580
4991,Doubs,77,FR,25,FR-25,46.93217740,6.34762140
4992,Drôme,77,FR,26,FR-26,44.72953470,5.20463720
5059,Essonne,77,FR,91,FR-91,48.53034020,2.23929180
4993,Eure,77,FR,27,FR-27,49.07563580,0.96518290
4994,Eure-et-Loir,77,FR,28,FR-28,48.44741020,1.39988200
4995,Finistère,77,FR,29,FR-29,48.24511520,-4.04409020
4822,French Guiana,77,FR,973,FR-973,4.00398820,-52.99999800
4824,French Polynesia,77,FR,PF,FR-PF,-17.02437490,-144.64348980
5065,French Southern and Antarctic Lands,77,FR,TF,FR-TF,-49.23744200,69.62275900
4998,Gard,77,FR,30,FR-30,43.95995000,4.29763700
5000,Gers,77,FR,32,FR-32,43.69552760,0.41010190
5001,Gironde,77,FR,33,FR-33,44.88374600,-0.60512640
4820,Grand-Est,77,FR,GES,FR-GES,48.48451570,6.11303500
4829,Guadeloupe,77,FR,971,FR-971,16.25288270,-61.56868550
5036,Haut-Rhin,77,FR,68,FR-68,47.86547460,7.23154330
4997,Haute-Corse,77,FR,2B,FR-2B,42.42196980,9.10090650
4999,Haute-Garonne,77,FR,31,FR-31,43.30545460,0.97167920
5011,Haute-Loire,77,FR,43,FR-43,45.08572490,3.83382610
5020,Haute-Marne,77,FR,52,FR-52,48.13294140,5.25291080
5039,Haute-Saône,77,FR,70,FR-70,47.63842330,6.09511410
5043,Haute-Savoie,77,FR,74,FR-74,46.06904060,6.34453210
5055,Haute-Vienne,77,FR,87,FR-87,45.91901920,1.20317680
4971,Hautes-Alpes,77,FR,05,FR-05,44.65646660,6.35202460
5033,Hautes-Pyrénées,77,FR,65,FR-65,43.14379250,0.15866610
4828,Hauts-de-France,77,FR,HDF,FR-HDF,50.10246060,2.72475150
5060,Hauts-de-Seine,77,FR,92,FR-92,48.84018590,2.19863000
5002,Hérault,77,FR,34,FR-34,43.59142200,3.35533090
4796,Île-de-France,77,FR,IDF,FR-IDF,48.64430570,2.75378630
5003,Ille-et-Vilaine,77,FR,35,FR-35,48.17276810,-1.64980920
5004,Indre,77,FR,36,FR-36,46.81210570,1.53820520
5005,Indre-et-Loire,77,FR,37,FR-37,47.22320460,0.68667030
5006,Isère,77,FR,38,FR-38,45.28979320,5.63438250
5007,Jura,77,FR,39,FR-39,46.78336250,5.78328570
4823,La Réunion,77,FR,974,FR-974,-21.13073790,55.53648010
5008,Landes,77,FR,40,FR-40,44.00996940,-0.64338720
5009,Loir-et-Cher,77,FR,41,FR-41,47.65977520,1.29718350
5010,Loire,77,FR,42,FR-42,47.61507310,-0.97843910
5012,Loire-Atlantique,77,FR,44,FR-44,47.34816140,-1.87274610
5013,Loiret,77,FR,45,FR-45,47.91387240,2.30750360
5014,Lot,77,FR,46,FR-46,44.62499180,1.66577420
5015,Lot-et-Garonne,77,FR,47,FR-47,44.36917030,0.45391580
5016,Lozère,77,FR,48,FR-48,44.54257060,3.52111460
5017,Maine-et-Loire,77,FR,49,FR-49,47.38863050,-0.39090970
5018,Manche,77,FR,50,FR-50,49.09189520,-1.24549520
5019,Marne,77,FR,51,FR-51,48.96126400,4.31224360
4827,Martinique,77,FR,972,FR-972,14.63679270,-61.01582690
5021,Mayenne,77,FR,53,FR-53,48.30442180,-0.61798710
4797,Mayotte,77,FR,976,FR-976,-12.82304800,45.15207550
5038,Métropole de Lyon,77,FR,69M,FR-69M,45.74816160,4.85568590
5022,Meurthe-et-Moselle,77,FR,54,FR-54,48.95596820,5.98703830
5023,Meuse,77,FR,55,FR-55,49.01296850,5.42866910
5024,Morbihan,77,FR,56,FR-56,47.82598120,-2.76334930
5025,Moselle,77,FR,57,FR-57,49.02072590,6.53803520
5026,Nièvre,77,FR,58,FR-58,47.11969710,3.54488980
5027,Nord,77,FR,59,FR-59,50.52896150,3.08835080
4804,Normandie,77,FR,NOR,FR-NOR,49.06777080,0.31385320
4795,Nouvelle-Aquitaine,77,FR,NAQ,FR-NAQ,45.40393670,0.37561990
5538,Nouvelle-Calédonie,77,FR,NC,FR-NC,-21.25000000,165.30000000
4799,Occitanie,77,FR,OCC,FR-OCC,43.64878510,2.34356840
5028,Oise,77,FR,60,FR-60,49.41205460,2.40648780
5029,Orne,77,FR,61,FR-61,48.57588800,0.04487940
4816,Paris,77,FR,75C,FR-75C,48.85661400,2.35222190
5030,Pas-de-Calais,77,FR,62,FR-62,50.51440610,2.25800780
4802,Pays-de-la-Loire,77,FR,PDL,FR-PDL,47.65948640,-0.81861430
4812,Provence-Alpes-Côte-d’Azur,77,FR,PAC,FR-PAC,44.05805630,6.06385060
5031,Puy-de-Dôme,77,FR,63,FR-63,45.77264940,2.96440700
5032,Pyrénées-Atlantiques,77,FR,64,FR-64,43.18718650,-0.72824740
5034,Pyrénées-Orientales,77,FR,66,FR-66,42.62589400,2.50650900
5037,Rhône,77,FR,69,FR-69,45.88023480,4.56453360
4821,Saint Pierre and Miquelon,77,FR,PM,FR-PM,46.83745440,-56.21205550
4794,Saint-Barthélemy,77,FR,BL,FR-BL,17.90051340,-62.82058710
4809,Saint-Martin,77,FR,MF,FR-MF,18.08140660,-63.04671310
5040,Saône-et-Loire,77,FR,71,FR-71,46.65570860,4.55855480
5041,Sarthe,77,FR,72,FR-72,48.02692870,0.25382170
5042,Savoie,77,FR,73,FR-73,45.49489520,6.38466040
5045,Seine-et-Marne,77,FR,77,FR-77,48.61902070,3.04181580
5044,Seine-Maritime,77,FR,76,FR-76,49.66323740,0.94011340
5061,Seine-Saint-Denis,77,FR,93,FR-93,48.90981250,2.45286350
5048,Somme,77,FR,80,FR-80,49.96894820,2.37388550
5049,Tarn,77,FR,81,FR-81,43.79217410,2.13396480
5050,Tarn-et-Garonne,77,FR,82,FR-82,44.08065600,1.20506330
5058,Territoire de Belfort,77,FR,90,FR-90,47.62923100,6.89930120
5063,Val-d'Oise,77,FR,95,FR-95,49.07507040,2.20981140
5062,Val-de-Marne,77,FR,94,FR-94,48.77448930,2.45433210
5051,Var,77,FR,83,FR-83,43.41735510,6.26646370
5052,Vaucluse,77,FR,84,FR-84,43.99386430,5.18188980
5053,Vendée,77,FR,85,FR-85,46.67577320,-1.29144630
5054,Vienne,77,FR,86,FR-86,45.52524000,4.87477000
5056,Vosges,77,FR,88,FR-88,48.16378600,6.38207120
4810,Wallis and Futuna,77,FR,WF,FR-WF,-13.28940200,-176.20422400
5057,Yonne,77,FR,89,FR-89,47.85512570,3.64504390
5046,Yvelines,77,FR,78,FR-78,48.76203730,1.88713760
5818,Guyane,78,GF,01,FR-973,4.00000000,-53.00000000
5369,Austral Islands,79,PF,01,PF-01,-23.36556170,-149.46208160
5370,Leeward Islands,79,PF,02,PF-02,-16.63083480,-151.50391590
5371,Marquesas Islands,79,PF,03,PF-03,-9.77932550,-139.00678350
5372,Tuamotu-Gambier,79,PF,04,PF-04,-18.80276870,-141.90549290
5373,Windward Islands,79,PF,05,PF-05,-17.68734390,-149.44516810
5822,Adélie Land,80,TF,01,,-66.66277778,140.00111111
5823,Crozet Islands,80,TF,02,,-46.43250000,51.85763889
5824,Kerguelen Islands,80,TF,03,,-49.35000000,70.21888889
5825,Saint-Paul and Amsterdam Islands,80,TF,04,,-37.79555556,77.57333333
5826,Scattered Islands,80,TF,05,,-15.89222222,54.52083333
2727,Estuaire,81,GA,1,GA-1,0.43026390,9.46551890
2726,Haut-Ogooué,81,GA,2,GA-2,-1.23154400,13.83097130
2730,Moyen-Ogooué,81,GA,3,GA-3,-0.50034950,10.49910630
2731,Ngounié,81,GA,4,GA-4,-1.59107270,10.97850300
2725,Nyanga,81,GA,5,GA-5,-3.00804150,10.99647460
2724,Ogooué-Ivindo,81,GA,6,GA-6,0.60082000,12.68879110
2729,Ogooué-Lolo,81,GA,7,GA-7,-1.00029040,12.49524240
2728,Ogooué-Maritime,81,GA,8,GA-8,-1.49581570,9.50608960
2723,Woleu-Ntem,81,GA,9,GA-9,1.29501250,11.82188270
901,Abkhazia,83,GE,AB,GE-AB,42.99671870,41.05447410
900,Adjara,83,GE,AJ,GE-AJ,41.67315080,41.91966520
907,Guria,83,GE,GU,GE-GU,41.97726810,41.98282620
905,Imereti,83,GE,IM,GE-IM,42.18756000,42.95215540
910,Kakheti,83,GE,KA,GE-KA,41.81443170,45.71749770
904,Kvemo Kartli,83,GE,KK,GE-KK,41.51245780,44.54953690
902,Mtskheta-Mtianeti,83,GE,MM,GE-MM,42.22903120,44.85699630
909,Racha-Lechkhumi and Kvemo Svaneti,83,GE,RL,GE-RL,42.66884900,43.12525100
908,Samegrelo-Zemo Svaneti,83,GE,SZ,GE-SZ,42.63545200,42.24871380
906,Samtskhe-Javakheti,83,GE,SJ,GE-SJ,41.52963050,43.24342080
903,Shida Kartli,83,GE,SK,GE-SK,41.98868360,43.98612500
899,Tbilisi,83,GE,TB,GE-TB,41.69345910,44.80144950
3006,Baden-Württemberg,84,DE,BW,DE-BW,48.53775000,9.04116900
3009,Bavaria,84,DE,BY,DE-BY,48.94675620,11.40387170
3010,Berlin,84,DE,BE,DE-BE,52.51088500,13.39893670
3013,Brandenburg,84,DE,BB,DE-BB,52.84554920,13.24612960
3014,Bremen,84,DE,HB,DE-HB,53.07929620,8.80169360
3016,Hamburg,84,DE,HH,DE-HH,53.55108460,9.99368190
3018,Hessen,84,DE,HE,DE-HE,50.60806510,9.02846470
3008,Lower Saxony,84,DE,NI,DE-NI,52.83985310,9.07596200
3007,Mecklenburg-Vorpommern,84,DE,MV,DE-MV,53.77350640,12.57554710
3017,North Rhine-Westphalia,84,DE,NW,DE-NW,51.47892050,7.55437510
3019,Rhineland-Palatinate,84,DE,RP,DE-RP,49.95315990,7.31064600
3020,Saarland,84,DE,SL,DE-SL,49.38418720,6.95373690
3021,Saxony,84,DE,SN,DE-SN,50.92957980,13.45850520
3011,Saxony-Anhalt,84,DE,ST,DE-ST,51.92809760,11.68122430
3005,Schleswig-Holstein,84,DE,SH,DE-SH,54.18539980,9.82200890
3015,Thuringia,84,DE,TH,DE-TH,50.90147210,11.03778390
53,Ahafo,85,GH,AF,GH-AF,6.90966450,-2.23301230
48,Ashanti,85,GH,AH,GH-AH,6.80033190,-1.51881420
4959,Bono,85,GH,BO,GH-BO,7.80352360,-1.08764920
4958,Bono East,85,GH,BE,GH-BE,8.22479420,-0.65447110
52,Central,85,GH,CP,GH-CP,5.72441480,-1.37617490
50,Eastern,85,GH,EP,GH-EP,6.44687700,-0.37709640
54,Greater Accra,85,GH,AA,GH-AA,5.81015320,0.09952420
4960,North East,85,GH,NE,GH-NE,10.52799330,-0.36986250
51,Northern,85,GH,NP,GH-NP,9.66000050,-0.39437990
4961,Oti,85,GH,OT,GH-OT,6.10640980,-0.24837860
4962,Savannah,85,GH,SV,GH-SV,9.14006540,-1.71112340
55,Upper East,85,GH,UE,GH-UE,10.72459070,-0.81965910
57,Upper West,85,GH,UW,GH-UW,10.36695250,-2.09214260
56,Volta,85,GH,TV,GH-TV,6.53486240,0.45560550
49,Western,85,GH,WP,GH-WP,5.42612410,-2.12865740
4963,Western North,85,GH,WN,GH-WN,6.20646650,-2.48550920
2116,Achaea,87,GR,13,GR-13,38.06927480,21.87273040
2122,Attica,87,GR,I,GR-I,37.75618030,23.66690060
2128,Central Greece,87,GR,H,GR-H,38.56245950,23.16185280
2125,Central Macedonia,87,GR,B,GR-B,40.61864820,22.91795360
2109,Crete,87,GR,M,GR-M,35.28008260,24.63884400
2120,East Attica,87,GR,A2,GR-A2,37.97158270,23.97678540
2117,East Macedonia and Thrace,87,GR,A,GR-A,40.85337590,25.80304990
2110,Epirus,87,GR,D,GR-D,39.65019170,20.69084560
2131,Ionian Islands,87,GR,F,GR-F,37.78913840,20.79008960
5464,North Aegean,87,GR,K,GR-K,38.76453610,24.70113280
2119,Peloponnese,87,GR,J,GR-J,37.36337200,22.23949840
2118,South Aegean,87,GR,L,GR-L,37.15010310,25.45507680
5463,Thessaly,87,GR,E,GR-E,39.57758450,21.40783680
2096,West Greece,87,GR,G,GR-G,38.25294730,21.71176250
2108,West Macedonia,87,GR,C,GR-C,40.38709190,21.44124450
5379,Avannaata,88,GL,AV,GL-AV,76.50492650,-56.29119760
5380,Kujalleq,88,GL,KU,GL-KU,61.00000000,-45.00000000
5381,Qeqertalik,88,GL,QT,GL-QT,68.82495530,-54.76224720
5382,Qeqqata,88,GL,QE,GL-QE,66.50000000,-48.00000000
5383,Sermersooq,88,GL,SM,GL-SM,66.00000000,-40.00000000
3867,Carriacou,89,GD,10,GD-10,12.48299850,-61.44484360
3865,Saint Andrew,89,GD,01,GD-01,12.11119350,-61.68659710
3869,Saint David,89,GD,02,GD-02,12.04280690,-61.67789880
3864,Saint George,89,GD,03,GD-03,12.05353310,-61.75180500
3868,Saint John,89,GD,04,GD-04,12.14440290,-61.71218410
3866,Saint Mark,89,GD,05,GD-05,12.18864370,-61.69543550
3863,Saint Patrick,89,GD,06,GD-06,12.21029860,-61.63505390
5384,Basse-Terre,90,GP,01,GP-01,16.00007780,-61.73333730
5385,Pointe-à-Pitre,90,GP,02,GP-02,16.24086360,-61.53340770
5254,Agana Heights,91,GU,01,GU-01,13.46554410,144.74657140
5255,Asan-Maina,91,GU,02,GU-02,13.47764720,144.73085880
5256,Barrigada,91,GU,03,GU-03,13.46940920,144.80106000
5257,Chalan Pago-Ordot,91,GU,04,GU-04,13.44137200,144.76702410
5258,Dededo,91,GU,05,GU-05,13.51905400,144.83783880
5259,Hågat,91,GU,06,GU-06,13.38476100,144.65807140
5265,Hagåtña,91,GU,12,GU-12,13.47481480,144.75161910
5261,Inarajan (Inalåhan),91,GU,08,GU-08,13.27976640,144.74322660
5263,Mangilao,91,GU,10,GU-10,13.44399150,144.80505280
5262,Merizo (Malesso),91,GU,09,GU-09,13.26829750,144.67261060
5264,Mongmong-Toto-Maite,91,GU,11,GU-11,13.46743180,144.76802820
5266,Piti,91,GU,13,GU-13,13.46474460,144.68769820
5267,Santa Rita (Sånta Rita-Sumai),91,GU,14,GU-14,13.38678740,144.66642270
5268,Sinajana,91,GU,15,GU-15,13.46094860,144.74612080
5269,Talofofo (Talo'fo'fo),91,GU,16,GU-16,13.35390400,144.75329320
5270,Tamuning,91,GU,17,GU-17,13.49447620,144.78045820
5260,Umatac (Humåtak),91,GU,07,GU-07,13.29457770,144.65382830
5271,Yigo,91,GU,18,GU-18,13.53794240,144.89849550
5272,Yona,91,GU,19,GU-19,13.41376000,144.77441300
3671,Alta Verapaz ,92,GT,16,GT-16,15.59497050,-90.09180310
3674,Baja Verapaz ,92,GT,15,GT-15,15.11707980,-90.41096160
3675,Chimaltenango ,92,GT,04,GT-04,14.65397480,-90.92727410
3666,Chiquimula ,92,GT,20,GT-20,14.80057090,-89.54591730
3662,El Progreso ,92,GT,02,GT-02,14.91004360,-90.06827280
3677,Escuintla ,92,GT,05,GT-05,14.19212870,-91.02637910
3672,Guatemala ,92,GT,01,GT-01,14.64161420,-90.51328360
3670,Huehuetenango ,92,GT,13,GT-13,15.60641800,-91.64422170
3659,Izabal ,92,GT,18,GT-18,15.57005840,-88.98292470
3658,Jalapa ,92,GT,21,GT-21,14.63441640,-89.98979960
3673,Jutiapa ,92,GT,22,GT-22,14.14768590,-89.88725080
3669,Petén ,92,GT,17,GT-17,16.83179060,-90.04506370
3668,Quetzaltenango ,92,GT,09,GT-09,14.85946410,-91.59315860
3657,Quiché ,92,GT,14,GT-14,15.43817860,-91.00751860
3664,Retalhuleu ,92,GT,11,GT-11,14.53596210,-91.67806510
3676,Sacatepéquez ,92,GT,03,GT-03,14.55317590,-90.75470180
3667,San Marcos ,92,GT,12,GT-12,14.95331350,-91.91204440
3665,Santa Rosa ,92,GT,06,GT-06,14.15015230,-90.35088180
3661,Sololá ,92,GT,07,GT-07,14.70394120,-91.28281800
3660,Suchitepéquez ,92,GT,10,GT-10,14.37402260,-91.36501390
3663,Totonicapán ,92,GT,08,GT-08,14.91734020,-91.36139230
5239,Zacapa,92,GT,19,GT-19,14.97072190,-89.52974110
5389,Alderney,93,GG,04,GG-04,49.71689110,-2.19716940
5386,Castel,93,GG,01,GG-01,49.46774020,-2.59134590
5387,Forest,93,GG,02,GG-02,49.43129170,-2.59279680
5392,Sark,93,GG,07,GG-07,49.42833730,-2.35993940
5388,St Andrew,93,GG,03,GG-03,49.44990060,-2.56882250
5390,St Martin,93,GG,05,GG-05,49.43734880,-2.55552400
5391,St Peter Port,93,GG,06,GG-06,49.45681420,-2.53899790
5393,St Pierre du Bois,93,GG,08,GG-08,49.43959950,-2.64089630
5394,St Sampson,93,GG,09,GG-09,49.48172730,-2.53883950
5395,St Saviour,93,GG,10,GG-10,49.44916480,-2.62135570
5396,Torteval,93,GG,11,GG-11,49.43023210,-2.66386210
5397,Vale,93,GG,12,GG-12,49.49545600,-2.52250870
2672,Beyla,94,GN,BE,GN-BE,8.90943200,-8.36747550
2699,Boffa,94,GN,BF,GN-BF,10.18082540,-14.03916150
2676,Boké,94,GN,B,GN-B,11.34068980,-13.94407240
2709,Boké,94,GN,BK,GN-BK,11.34068980,-13.94407240
2686,Conakry,94,GN,C,GN-C,9.51706020,-13.69984340
2705,Coyah,94,GN,CO,GN-CO,9.70904100,-13.38895600
2679,Dabola,94,GN,DB,GN-DB,10.74217200,-11.10648600
2706,Dalaba,94,GN,DL,GN-DL,10.68681760,-12.24906970
2688,Dinguiraye,94,GN,DI,GN-DI,11.53254390,-10.67272680
2681,Dubréka,94,GN,DU,GN-DU,9.79073480,-13.51477350
5344,Faranah,94,GN,F,GN-F,10.31432030,-10.89009700
2682,Faranah,94,GN,FA,GN-FA,10.04249300,-10.74082400
2683,Forécariah,94,GN,FO,GN-FO,9.43000880,-13.08338590
2675,Fria,94,GN,FR,GN-FR,10.36745430,-13.58418710
2685,Gaoual,94,GN,GA,GN-GA,11.72434350,-13.24778750
2711,Guéckédou,94,GN,GU,GN-GU,8.56496880,-10.13111630
2704,Kankan,94,GN,KA,GN-KA,10.38351690,-9.30693540
2697,Kankan,94,GN,K,GN-K,10.38351690,-9.30693540
2710,Kérouané,94,GN,KE,GN-KE,9.27056870,-9.00761960
2701,Kindia,94,GN,D,GN-D,10.03680000,-12.82602150
2693,Kindia,94,GN,KD,GN-KD,10.03680000,-12.82602150
2691,Kissidougou,94,GN,KS,GN-KS,9.19238900,-10.09826900
2692,Koubia,94,GN,KB,GN-KB,11.58235400,-11.89202370
2703,Koundara,94,GN,KN,GN-KN,12.48515400,-13.29850900
2695,Kouroussa,94,GN,KO,GN-KO,10.64892290,-9.88505860
2680,Labé,94,GN,LA,GN-LA,11.35419390,-12.34638750
2677,Labé,94,GN,L,GN-L,11.32320420,-12.28913140
2690,Lélouma,94,GN,LE,GN-LE,11.42572330,-12.68285210
2708,Lola,94,GN,LO,GN-LO,8.01669610,-8.30784260
2702,Macenta,94,GN,MC,GN-MC,8.29482920,-9.20944630
2700,Mali,94,GN,ML,GN-ML,12.04204930,-12.26230610
2698,Mamou,94,GN,M,GN-M,10.66192690,-12.11395420
2689,Mamou,94,GN,MM,GN-MM,10.66192690,-12.11395420
2673,Mandiana,94,GN,MD,GN-MD,10.61728270,-8.69857160
2684,Nzérékoré,94,GN,N,GN-N,7.89328840,-8.88129220
2678,Nzérékoré,94,GN,NZ,GN-NZ,7.89328840,-8.88129220
2694,Pita,94,GN,PI,GN-PI,10.89942950,-12.63609100
2707,Siguiri,94,GN,SI,GN-SI,11.41481130,-9.17883040
2687,Télimélé,94,GN,TE,GN-TE,10.90893640,-13.02993310
2696,Tougué,94,GN,TO,GN-TO,11.43945660,-11.66294840
2674,Yomou,94,GN,YO,GN-YO,7.56962790,-9.25915710
2720,Bafatá,95,GW,BA,GW-BA,12.17352430,-14.65295200
2714,Biombo,95,GW,BM,GW-BM,11.88167580,-15.77844960
5553,Bissau,95,GW,BS,GW-BS,11.85000000,-15.56666667
2722,Bolama,95,GW,BL,GW-BL,11.27950640,-16.02944250
2713,Cacheu,95,GW,CA,GW-CA,12.19543310,-16.09918950
2719,Gabú,95,GW,GA,GW-GA,12.11703510,-14.17625060
2721,Leste,95,GW,L,GW-L,12.17000000,-14.37000000
2717,Norte,95,GW,N,GW-N,7.87218110,123.88577470
2718,Oio,95,GW,OI,GW-OI,12.28760920,-15.33876580
2715,Quinara,95,GW,QU,GW-QU,11.63401140,-15.09526850
2716,Sul,95,GW,S,GW-S,11.40882130,-16.00424940
2712,Tombali,95,GW,TO,GW-TO,11.29810820,-15.11701040
2764,Barima-Waini,96,GY,BA,GY-BA,7.75591470,-59.71790220
2760,Cuyuni-Mazaruni,96,GY,CU,GY-CU,6.18885400,-59.84973700
2767,Demerara-Mahaica,96,GY,DE,GY-DE,6.45478830,-58.12806760
2766,East Berbice-Corentyne,96,GY,EB,GY-EB,3.89726110,-58.13839250
2768,Essequibo Islands-West Demerara,96,GY,ES,GY-ES,6.87778480,-58.31142180
2762,Mahaica-Berbice,96,GY,MA,GY-MA,6.27668980,-57.82391000
2765,Pomeroon-Supenaam,96,GY,PM,GY-PM,7.20495480,-58.82956410
2761,Potaro-Siparuni,96,GY,PT,GY-PT,4.86222870,-59.41936120
2763,Upper Demerara-Berbice,96,GY,UD,GY-UD,5.56126770,-58.15415200
2769,Upper Takutu-Upper Essequibo,96,GY,UT,GY-UT,2.84496280,-58.97848230
4123,Artibonite,97,HT,AR,HT-AR,19.33662250,-72.49243460
4125,Centre,97,HT,CE,HT-CE,18.99082350,-71.99439850
4119,Grand'Anse,97,HT,GA,HT-GA,18.53041440,-74.15114630
4118,Nippes,97,HT,NI,HT-NI,18.44204260,-73.39137820
4117,Nord,97,HT,ND,HT-ND,19.62582450,-72.26992860
4121,Nord-Est,97,HT,NE,HT-NE,19.51784680,-71.87282250
4126,Nord-Ouest,97,HT,NO,HT-NO,19.84694340,-73.05899660
4120,Ouest,97,HT,OU,HT-OU,18.76686870,-72.43873150
4122,Sud,97,HT,SD,HT-SD,18.26128390,-73.84449850
4124,Sud-Est,97,HT,SE,HT-SE,18.29735660,-72.37456980
4047,Atlántida,100,HN,AT,HN-AT,15.81724920,-87.11469350
4045,Bay Islands,100,HN,IB,HN-IB,16.32176740,-86.17868330
4041,Choluteca,100,HN,CH,HN-CH,13.30140810,-87.18423230
4051,Colón,100,HN,CL,HN-CL,15.71495520,-85.70235840
4042,Comayagua,100,HN,CM,HN-CM,14.55258370,-87.69031540
4049,Copán,100,HN,CP,HN-CP,14.89586850,-88.92558120
4046,Cortés,100,HN,CR,HN-CR,15.47840730,-88.03438580
4043,El Paraíso,100,HN,EP,HN-EP,13.96199410,-86.56279210
4052,Francisco Morazán,100,HN,FM,HN-FM,14.34304780,-87.11419570
4048,Gracias a Dios,100,HN,GD,HN-GD,15.43333050,-84.14868700
4044,Intibucá,100,HN,IN,HN-IN,14.31213750,-88.17808470
4058,La Paz,100,HN,LP,HN-LP,14.12840890,-87.96152760
4054,Lempira,100,HN,LE,HN-LE,14.45566020,-88.61885580
4056,Ocotepeque,100,HN,OC,HN-OC,14.47594330,-89.03656330
4050,Olancho,100,HN,OL,HN-OL,14.82110280,-85.95498810
4053,Santa Bárbara,100,HN,SB,HN-SB,15.09605580,-88.36736920
4055,Valle,100,HN,VA,HN-VA,13.51109960,-87.54729250
4057,Yoro,100,HN,YO,HN-YO,15.29944740,-87.29169810
4889,Central and Western,101,HK,HCW,HK-HCW,22.28666000,114.15497000
4891,Eastern,101,HK,HEA,HK-HEA,22.28411000,114.22414000
4888,Islands,101,HK,NIS,HK-NIS,22.26114000,113.94608000
4895,Kowloon City,101,HK,KKC,HK-KKC,22.32820000,114.19155000
4898,Kwai Tsing,101,HK,NKT,HK-NKT,22.36343030,114.12298250
4897,Kwun Tong,101,HK,KKT,HK-KKT,22.31326000,114.22581000
4900,North,101,HK,NNO,HK-NNO,22.49471000,114.13812000
4887,Sai Kung,101,HK,NSK,HK-NSK,21.67305190,108.39543130
4901,Sha Tin,101,HK,NST,HK-NST,22.38715000,114.19534000
4894,Sham Shui Po,101,HK,KSS,HK-KSS,22.23573830,114.16981620
4892,Southern,101,HK,HSO,HK-HSO,22.24725000,114.15884000
4885,Tai Po,101,HK,NTP,HK-NTP,22.45085000,114.16422000
4884,Tsuen Wan,101,HK,NTW,HK-NTW,22.36281000,114.12907000
4899,Tuen Mun,101,HK,NTM,HK-NTM,22.39163000,113.97708850
4890,Wan Chai,101,HK,HWC,HK-HWC,22.26449900,114.18982160
4896,Wong Tai Sin,101,HK,KWT,HK-KWT,22.33353000,114.19686000
4893,Yau Tsim Mong,101,HK,KYT,HK-KYT,22.32138000,114.17260000
4883,Yuen Long,101,HK,NYL,HK-NYL,22.44870510,114.09587040
1048,Bács-Kiskun,102,HU,BK,HU-BK,46.58092940,19.51285320
1055,Baranya,102,HU,BA,HU-BA,45.97144360,18.16692460
1060,Békés,102,HU,BE,HU-BE,46.77174310,21.13258770
1036,Békéscsaba,102,HU,BC,HU-BC,46.67980030,21.09854250
1058,Borsod-Abaúj-Zemplén,102,HU,BZ,HU-BZ,48.23979360,21.13534740
1064,Budapest,102,HU,BU,HU-BU,47.49791200,19.04023500
1031,Csongrád County,102,HU,CS,HU-CS,46.26075250,20.14845680
1032,Debrecen,102,HU,DE,HU-DE,47.53160490,21.62731240
1049,Dunaújváros,102,HU,DU,HU-DU,46.96190590,18.93552270
1037,Eger,102,HU,EG,HU-EG,47.90253480,20.37722840
1028,Érd,102,HU,ER,HU-ER,47.37724950,18.92138330
1044,Fejér County,102,HU,FE,HU-FE,47.12179320,18.52948150
1041,Győr,102,HU,GY,HU-GY,47.68760900,17.63468150
1042,Győr-Moson-Sopron County,102,HU,GS,HU-GS,47.65092850,17.25058830
1063,Hajdú-Bihar County,102,HU,HB,HU-HB,47.46883550,21.54532270
1040,Heves County,102,HU,HE,HU-HE,47.80576170,20.20385590
1027,Hódmezővásárhely,102,HU,HV,HU-HV,46.41812620,20.33003150
1043,Jász-Nagykun-Szolnok County,102,HU,JN,HU-JN,47.25555790,20.52324560
1067,Kaposvár,102,HU,KV,HU-KV,46.35936060,17.79676390
1056,Kecskemét,102,HU,KM,HU-KM,46.90738830,19.69172060
5085,Komárom-Esztergom,102,HU,KE,HU-KE,47.65115990,18.25519110
1065,Miskolc,102,HU,MI,HU-MI,48.10347750,20.77843840
1030,Nagykanizsa,102,HU,NK,HU-NK,46.45902180,16.98967960
1051,Nógrád County,102,HU,NO,HU-NO,47.90410310,19.04985040
1034,Nyíregyháza,102,HU,NY,HU-NY,47.94953240,21.72440530
1053,Pécs,102,HU,PS,HU-PS,46.07273450,18.23226600
1059,Pest County,102,HU,PE,HU-PE,47.44800010,19.46181280
1068,Salgótarján,102,HU,ST,HU-ST,48.09352370,19.79998130
1035,Somogy County,102,HU,SO,HU-SO,46.55485900,17.58667320
1057,Sopron,102,HU,SN,HU-SN,47.68030630,16.59834570
1045,Szabolcs-Szatmár-Bereg County,102,HU,SZ,HU-SZ,48.03949540,22.00333000
1029,Szeged,102,HU,SD,HU-SD,46.25301020,20.14142530
1033,Székesfehérvár,102,HU,SF,HU-SF,47.19101690,18.41081100
1061,Szekszárd,102,HU,SS,HU-SS,46.34743260,18.70622930
1047,Szolnok,102,HU,SK,HU-SK,47.17538330,20.19462790
1052,Szombathely,102,HU,SH,HU-SH,47.23068510,16.62184410
1066,Tatabánya,102,HU,TB,HU-TB,47.58384500,18.39798550
1038,Tolna County,102,HU,TO,HU-TO,46.47627540,18.55706270
1039,Vas County,102,HU,VA,HU-VA,47.09291110,16.68121830
1062,Veszprém,102,HU,VM,HU-VM,47.09338240,17.90804060
1054,Veszprém County,102,HU,VE,HU-VE,47.09309740,17.91007630
1046,Zala County,102,HU,ZA,HU-ZA,46.79008810,16.93394280
1050,Zalaegerszeg,102,HU,ZE,HU-ZE,46.84169360,16.84163220
5554,Akranes,103,IS,AKN,IS-AKN,64.32000000,-22.08000000
5555,Akureyri,103,IS,AKU,IS-AKU,65.68000000,-18.10000000
5599,Árborg,103,IS,SFA,IS-SFA,63.90000000,-20.88000000
5556,Árneshreppur,103,IS,ARN,IS-ARN,66.08000000,-21.50000000
5557,Ásahreppur,103,IS,ASA,IS-ASA,63.95000000,-21.50000000
5558,Bláskógabyggð,103,IS,BLA,IS-BLA,64.23000000,-20.27000000
5560,Bolungarvík,103,IS,BOL,IS-BOL,66.15000000,-23.26000000
5559,Borgarbyggð,103,IS,BOG,IS-BOG,64.75000000,-21.67000000
3431,Capital,103,IS,1,IS-1,64.17271370,-21.56675750
5561,Dalabyggð,103,IS,DAB,IS-DAB,65.25000000,-21.83000000
5562,Dalvíkurbyggð,103,IS,DAV,IS-DAV,65.97000000,-18.53000000
3433,Eastern,103,IS,7,IS-7,65.19406680,-15.09242090
5563,Eyja- og Miklaholtshreppur,103,IS,EOM,IS-EOM,64.72000000,-22.65000000
5564,Eyjafjarðarsveit,103,IS,EYF,IS-EYF,65.63000000,-18.25000000
5566,Fjallabyggð,103,IS,FJL,IS-FJL,66.05000000,-18.90000000
5565,Fjarðabyggð,103,IS,FJD,IS-FJD,64.93000000,-14.30000000
5568,Fljótsdalshreppur,103,IS,FLR,IS-FLR,65.25000000,-14.83000000
5567,Flóahreppur,103,IS,FLA,IS-FLA,63.93000000,-20.68000000
5569,Garðabær,103,IS,GAR,IS-GAR,64.09000000,-21.93000000
5570,Grímsnes- og Grafningshreppur,103,IS,GOG,IS-GOG,64.07000000,-20.88000000
5571,Grindavík,103,IS,GRN,IS-GRN,63.84000000,-22.43000000
5572,Grundarfjörður,103,IS,GRU,IS-GRU,64.93000000,-23.25000000
5573,Grýtubakkahreppur,103,IS,GRY,IS-GRY,65.72000000,-17.57000000
5574,Hafnarfjörður,103,IS,HAF,IS-HAF,64.07000000,-21.95000000
5575,Hörðarsveit,103,IS,HRG,IS-HRG,64.60000000,-21.15000000
5600,Hornafjörður,103,IS,SHF,IS-SHF,64.25000000,-15.20000000
5576,Hrunamannahreppur,103,IS,HRU,IS-HRU,64.07000000,-20.35000000
5577,Húnabyggð,103,IS,HUG,IS-HUG,65.75000000,-20.83000000
5578,Húnaþing vestra,103,IS,HUV,IS-HUV,65.60000000,-21.25000000
5579,Hvalfjarðarsveit,103,IS,HVA,IS-HVA,64.40000000,-21.45000000
5580,Hveragerði,103,IS,HVE,IS-HVE,64.00000000,-21.18000000
5581,Ísafjörður,103,IS,ISA,IS-ISA,66.07000000,-23.13000000
5582,Kaldrananeshreppur,103,IS,KAL,IS-KAL,65.97000000,-23.48000000
5583,Kjósarhreppur,103,IS,KJO,IS-KJO,64.23000000,-21.47000000
5584,Kópavogur,103,IS,KOP,IS-KOP,64.11000000,-21.91000000
5585,Langanesbyggð,103,IS,LAN,IS-LAN,66.30000000,-14.95000000
5586,Mosfellsbær,103,IS,MOS,IS-MOS,64.17000000,-21.40000000
5587,Múlaþing,103,IS,MUL,IS-MUL,65.25000000,-14.55000000
5588,Mýrdalshreppur,103,IS,MYR,IS-MYR,63.47000000,-18.87000000
5589,Norðurþing,103,IS,NOR,IS-NOR,66.05000000,-17.35000000
3437,Northeastern,103,IS,6,IS-6,65.47359970,-17.44333390
3435,Northwestern,103,IS,5,IS-5,65.46221890,-19.84710160
5607,Ölfus,103,IS,SOL,IS-SOL,63.93000000,-21.07000000
5590,Rangárþing eystra,103,IS,RGE,IS-RGE,63.88000000,-20.05000000
5591,Rangárþing ytra,103,IS,RGY,IS-RGY,63.82000000,-20.42000000
5592,Reykhólahreppur,103,IS,RHH,IS-RHH,65.45000000,-22.18000000
5593,Reykjanesbær,103,IS,RKN,IS-RKN,63.98000000,-22.55000000
5594,Reykjavík,103,IS,RKV,IS-RKV,64.13000000,-21.90000000
5598,Seltjarnarnes,103,IS,SEL,IS-SEL,64.16000000,-22.01000000
5601,Skaftárhreppur,103,IS,SKF,IS-SKF,63.87000000,-18.07000000
5602,Skagabyggð,103,IS,SKG,IS-SKG,65.85000000,-20.50000000
5604,Skagafjörður,103,IS,SKR,IS-SKR,65.73000000,-19.50000000
5608,Skagaströnd,103,IS,SSS,IS-SSS,65.83000000,-20.30000000
5606,Skeiða- og Gnúpverjahreppur,103,IS,SOG,IS-SOG,64.03000000,-20.50000000
5603,Skorradalshreppur,103,IS,SKO,IS-SKO,64.70000000,-21.35000000
5605,Snæfellsbær,103,IS,SNF,IS-SNF,64.88000000,-23.73000000
3434,Southern,103,IS,8,IS-8,63.94150140,-22.20186270
3430,Southern Peninsula,103,IS,2,IS-2,63.94150140,-22.20186270
5609,Strandabyggð,103,IS,STR,IS-STR,65.58000000,-21.63000000
5610,Stykkishólmur,103,IS,STY,IS-STY,65.08000000,-22.73000000
5597,Súðavík,103,IS,SDV,IS-SDV,66.05000000,-23.13000000
5596,Suðurnesjabær,103,IS,SDN,IS-SDN,63.87000000,-22.08000000
5595,Svalbardsstrandarhreppur,103,IS,SBT,IS-SBT,65.27000000,-21.17000000
5612,Tálknafjarðarhreppur,103,IS,TAL,IS-TAL,65.63000000,-23.78000000
5614,Tjörneshreppur,103,IS,TJO,IS-TJO,66.20000000,-17.05000000
5615,Vestmannaeyjar,103,IS,VEM,IS-VEM,63.44000000,-20.27000000
5616,Vesturbyggð,103,IS,VER,IS-VER,65.52000000,-24.02000000
5611,Vogar,103,IS,SVG,IS-SVG,63.98000000,-22.38000000
5617,Vopnafjarðarhreppur,103,IS,VOP,IS-VOP,65.75000000,-14.83000000
3436,Western,103,IS,3,IS-3,52.62414960,-1.15375600
3432,Westfjords,103,IS,4,IS-4,65.90820490,-21.80788830
5613,Þingeyjarsveit,103,IS,THG,IS-THG,65.87000000,-17.08000000
4023,Andaman and Nicobar Islands,104,IN,AN,IN-AN,12.61123870,92.83165410
4017,Andhra Pradesh,104,IN,AP,IN-AP,15.92409050,80.18638090
4024,Arunachal Pradesh,104,IN,AR,IN-AR,28.09377020,94.59213260
4027,Assam,104,IN,AS,IN-AS,26.40738410,93.25513030
4037,Bihar,104,IN,BR,IN-BR,25.64408450,85.90650800
4031,Chandigarh,104,IN,CH,IN-CH,30.73331480,76.77941790
4040,Chhattisgarh,104,IN,CT,IN-CT,21.66373590,81.84063510
4033,Dadra and Nagar Haveli and Daman and Diu,104,IN,DH,IN-DH,20.71817490,70.93238340
4021,Delhi,104,IN,DL,IN-DL,28.63280270,77.21977130
4009,Goa,104,IN,GA,IN-GA,15.30045430,74.08551340
4030,Gujarat,104,IN,GJ,IN-GJ,22.38500510,71.74526100
4007,Haryana,104,IN,HR,IN-HR,29.00000000,76.00000000
4020,Himachal Pradesh,104,IN,HP,IN-HP,31.92923520,77.18284620
4029,Jammu and Kashmir,104,IN,JK,IN-JK,33.66492970,75.16295840
4025,Jharkhand,104,IN,JH,IN-JH,23.45598090,85.25573010
4026,Karnataka,104,IN,KA,IN-KA,14.52038960,75.72235210
4028,Kerala,104,IN,KL,IN-KL,10.35287440,76.51203960
4852,Ladakh,104,IN,LA,IN-LA,33.94564070,77.65685760
4019,Lakshadweep,104,IN,LD,IN-LD,10.33373130,72.92053860
4039,Madhya Pradesh,104,IN,MP,IN-MP,23.81434190,77.53407190
4008,Maharashtra,104,IN,MH,IN-MH,18.90683560,75.67415790
4010,Manipur,104,IN,MN,IN-MN,24.72088180,93.92293860
4006,Meghalaya,104,IN,ML,IN-ML,25.53794320,91.29991020
4036,Mizoram,104,IN,MZ,IN-MZ,23.21461690,92.86876120
4018,Nagaland,104,IN,NL,IN-NL,26.16305560,94.58849110
4013,Odisha,104,IN,OR,IN-OR,20.54312410,84.68973210
4011,Puducherry,104,IN,PY,IN-PY,11.93405680,79.83064470
4015,Punjab,104,IN,PB,IN-PB,30.92932110,75.50048410
4014,Rajasthan,104,IN,RJ,IN-RJ,26.81057770,73.76845490
4034,Sikkim,104,IN,SK,IN-SK,27.60102900,88.45413640
4035,Tamil Nadu,104,IN,TN,IN-TN,10.90943340,78.36653470
4012,Telangana,104,IN,TG,IN-TG,17.84959190,79.11516630
4038,Tripura,104,IN,TR,IN-TR,23.77508230,91.70250910
4022,Uttar Pradesh,104,IN,UP,IN-UP,27.13033440,80.85966600
4016,Uttarakhand,104,IN,UK,IN-UK,30.04173760,79.08969100
4853,West Bengal,104,IN,WB,IN-WB,22.99649480,87.68558820
1822,Aceh,105,ID,AC,ID-AC,4.36854910,97.02530240
1826,Bali,105,ID,BA,ID-BA,-8.22713030,115.19192030
1810,Banten,105,ID,BT,ID-BT,-6.44538010,106.13755860
1793,Bengkulu,105,ID,BE,ID-BE,-3.79284510,102.26076410
1829,DI Yogyakarta,105,ID,YO,ID-YO,-7.97783840,110.36722570
1805,DKI Jakarta,105,ID,JK,ID-JK,-6.17540490,106.82716800
1812,Gorontalo,105,ID,GO,ID-GO,0.54354420,123.05676930
1815,Jambi,105,ID,JA,ID-JA,-1.62969170,103.60778060
5618,Jawa,105,ID,JW,ID-JW,-7.49166667,110.00444444
1825,Jawa Barat,105,ID,JB,ID-JB,-6.88919040,107.64047160
1802,Jawa Tengah,105,ID,JT,ID-JT,-7.30324120,110.00441450
1827,Jawa Timur,105,ID,JI,ID-JI,-7.69773970,112.49141990
5619,Kalimantan,105,ID,KA,ID-KA,-1.00000000,114.00000000
1806,Kalimantan Barat,105,ID,KB,ID-KB,-0.13223870,111.09689010
1819,Kalimantan Selatan,105,ID,KS,ID-KS,-2.92856860,115.37007180
1794,Kalimantan Tengah,105,ID,KT,ID-KT,-1.49958300,113.29033070
1804,Kalimantan Timur,105,ID,KI,ID-KI,0.78843970,116.24199770
1824,Kalimantan Utara,105,ID,KU,ID-KU,3.02358170,116.20493060
1820,Kepulauan Bangka Belitung,105,ID,BB,ID-BB,-2.70528860,106.35856070
1807,Kepulauan Riau,105,ID,KR,ID-KR,-0.15478460,104.58037450
1811,Lampung,105,ID,LA,ID-LA,-4.85550390,105.02729860
5620,Maluku,105,ID,ML,ID-ML,-3.00000000,129.00000000
1800,Maluku,105,ID,MA,ID-MA,-3.11883700,129.42077590
1801,Maluku Utara,105,ID,MU,ID-MU,0.63012150,127.97202190
5621,Nusa Tenggara,105,ID,NU,ID-NU,-8.50000000,120.00000000
1814,Nusa Tenggara Barat,105,ID,NB,ID-NB,-8.78928550,117.14616900
1818,Nusa Tenggara Timur,105,ID,NT,ID-NT,-8.56567870,120.69785810
1798,Papua,105,ID,PA,ID-PA,-2.47491490,138.08485000
5622,Papua,105,ID,PP,ID-PP,-4.00000000,136.00000000
1799,Papua Barat,105,ID,PB,ID-PB,-2.85535560,133.47381710
5238,Papua Barat Daya,105,ID,PD,ID-PD,-1.09856000,131.35253360
5236,Papua Pegunungan,105,ID,PE,ID-PE,-4.24780130,139.37254760
5237,Papua Selatan,105,ID,PS,ID-PS,-6.50088820,139.38353390
5235,Papua Tengah,105,ID,PT,ID-PT,-3.86424370,136.37328000
1809,Riau,105,ID,RI,ID-RI,1.04980790,101.65484330
5623,Sulawesi,105,ID,SL,ID-SL,-2.00000000,121.00000000
1817,Sulawesi Barat,105,ID,SR,ID-SR,-2.49745460,119.39189550
1795,Sulawesi Selatan,105,ID,SN,ID-SN,-3.64467180,119.94719060
1813,Sulawesi Tengah,105,ID,ST,ID-ST,-1.69377860,120.80885550
1796,Sulawesi Tenggara,105,ID,SG,ID-SG,-3.54911990,121.72796460
1808,Sulawesi Utara,105,ID,SA,ID-SA,0.65556920,124.09015100
5624,Sumatera,105,ID,SM,ID-SM,0.00000000,102.00000000
1828,Sumatera Barat,105,ID,SB,ID-SB,-0.58275290,100.61333790
1816,Sumatera Selatan,105,ID,SS,ID-SS,-3.21931030,104.40750590
1792,Sumatera Utara,105,ID,SU,ID-SU,2.19235190,99.38122010
3929,Alborz,106,IR,30,IR-30,35.94132390,50.78842160
3934,Ardabil,106,IR,24,IR-24,38.45839830,47.93130010
3932,Bushehr,106,IR,18,IR-18,28.89366450,51.32048770
3921,Chaharmahal and Bakhtiari,106,IR,14,IR-14,32.01633070,50.68570900
3944,East Azerbaijan,106,IR,03,IR-03,37.91603650,46.67815890
3939,Fars,106,IR,07,IR-07,29.29905100,53.21845600
3920,Gilan,106,IR,01,IR-01,37.15156270,49.63897430
3933,Golestan,106,IR,27,IR-27,37.19844360,55.07067200
4920,Hamadan,106,IR,13,IR-13,34.79928880,48.51524640
3937,Hormozgan,106,IR,22,IR-22,27.71980950,56.33580700
3918,Ilam,106,IR,16,IR-16,33.15456960,46.75763430
3923,Isfahan,106,IR,10,IR-10,33.18813860,52.49816350
3943,Kerman,106,IR,08,IR-08,29.57185800,57.30104700
3919,Kermanshah,106,IR,05,IR-05,34.48673200,46.80872700
3917,Khuzestan,106,IR,06,IR-06,31.55630510,49.00588850
3926,Kohgiluyeh and Boyer-Ahmad,106,IR,17,IR-17,30.81434760,50.86614540
3935,Kurdistan,106,IR,12,IR-12,35.67278130,47.01279810
3928,Lorestan,106,IR,15,IR-15,33.53682060,48.24439450
3916,Markazi,106,IR,00,IR-00,34.53027050,49.78645610
3938,Mazandaran,106,IR,02,IR-02,36.31591590,51.89685970
3942,North Khorasan,106,IR,28,IR-28,37.53788550,56.95261370
3941,Qazvin,106,IR,26,IR-26,36.01562910,49.83981610
3922,Qom,106,IR,25,IR-25,34.64157640,50.87460350
3927,Razavi Khorasan,106,IR,09,IR-09,35.47950090,59.02372910
3940,Semnan,106,IR,20,IR-20,35.38431450,54.62093020
3931,Sistan and Baluchestan,106,IR,11,IR-11,28.12924810,60.82368480
3930,South Khorasan,106,IR,29,IR-29,33.12957700,58.10650690
3945,Tehran,106,IR,23,IR-23,35.68925230,51.38960040
3924,West Azarbaijan,106,IR,04,IR-04,38.49427310,44.32048530
3936,Yazd,106,IR,21,IR-21,31.90522230,54.37012350
3925,Zanjan,106,IR,19,IR-19,36.51585400,48.47776160
3964,Al Anbar,107,IQ,AN,IQ-AN,32.78894430,41.60939830
3958,Al Muthanna,107,IQ,MU,IQ-MU,30.59237390,45.29160410
3956,Al-Qādisiyyah,107,IQ,QA,IQ-QA,31.95996170,45.11978140
3955,Babylon,107,IQ,BB,IQ-BB,32.63193350,44.56293620
3959,Baghdad,107,IQ,BG,IQ-BG,33.30617010,44.38722130
3960,Basra,107,IQ,BA,IQ-BA,30.49523710,47.80909810
3954,Dhi Qar,107,IQ,DQ,IQ-DQ,31.28579410,46.30683470
3965,Diyala,107,IQ,DI,IQ-DI,34.02287190,45.10462240
3967,Dohuk,107,IQ,DA,IQ-DA,36.85425980,42.99245280
3968,Erbil,107,IQ,AR,IQ-AR,36.54790070,44.47883560
5625,Iqlim Kurdistan,107,IQ,KR,IQ-KR,36.18333333,44.00000000
3957,Karbala,107,IQ,KA,IQ-KA,32.45117030,43.81966170
3971,Kirkuk,107,IQ,KI,IQ-KI,35.29600940,44.03119530
3966,Maysan,107,IQ,MA,IQ-MA,32.01825420,47.06959570
3962,Najaf,107,IQ,NA,IQ-NA,31.33835300,43.84113370
3963,Nineveh,107,IQ,NI,IQ-NI,36.03679350,42.31686230
3961,Saladin,107,IQ,SD,IQ-SD,34.37622200,43.64465040
3969,Sulaymaniyah,107,IQ,SU,IQ-SU,35.55747250,45.43520200
3970,Wasit,107,IQ,WA,IQ-WA,32.69448270,45.68480090
1095,Carlow,108,IE,CW,IE-CW,52.69078870,-6.82514520
1088,Cavan,108,IE,CN,IE-CN,53.99110420,-7.36031190
1091,Clare,108,IE,CE,IE-CE,53.34549370,-8.98605340
1087,Connacht,108,IE,C,IE-C,53.72102780,-8.92525600
1074,Cork,108,IE,CO,IE-CO,51.89851430,-8.47560350
1071,Donegal,108,IE,DL,IE-DL,54.65489930,-8.10409670
1072,Dublin,108,IE,D,IE-D,53.34980530,-6.26030970
1079,Galway,108,IE,G,IE-G,53.27441220,-9.04906010
1077,Kerry,108,IE,KY,IE-KY,52.14533450,-9.51740110
1082,Kildare,108,IE,KE,IE-KE,53.15436450,-6.81844230
1090,Kilkenny,108,IE,KK,IE-KK,52.56870980,-7.18898310
1096,Laois,108,IE,LS,IE-LS,52.99845750,-7.39803380
1073,Leinster,108,IE,L,IE-L,53.11846500,-6.99181830
5345,Leitrim,108,IE,LM,IE-LM,54.14016220,-8.05247820
1094,Limerick,108,IE,LK,IE-LK,52.51883160,-8.79583470
1076,Longford,108,IE,LD,IE-LD,53.72749820,-7.79315270
1083,Louth,108,IE,LH,IE-LH,53.90628480,-6.53205020
1084,Mayo,108,IE,MO,IE-MO,53.90870560,-9.29830490
1092,Meath,108,IE,MH,IE-MH,53.64975140,-6.58842450
1075,Monaghan,108,IE,MN,IE-MN,54.24920460,-6.96831320
1080,Munster,108,IE,M,IE-M,52.30762160,-8.57089730
1078,Offaly,108,IE,OY,IE-OY,53.13617220,-7.81034080
1081,Roscommon,108,IE,RN,IE-RN,53.69826950,-8.21825080
1070,Sligo,108,IE,SO,IE-SO,54.19298610,-8.73054270
1069,Tipperary,108,IE,TA,IE-TA,52.47378940,-8.16185140
1086,Ulster,108,IE,U,IE-U,54.09346590,-7.19897940
1089,Waterford,108,IE,WD,IE-WD,52.15091310,-7.65779820
1097,Westmeath,108,IE,WH,IE-WH,53.55779020,-7.34785580
1093,Wexford,108,IE,WX,IE-WX,52.46018740,-6.60651550
1085,Wicklow,108,IE,WW,IE-WW,52.95820990,-6.38142080
1367,Central,110,IL,M,IL-M,-25.34820600,-57.56961500
1369,Haifa,110,IL,HA,IL-HA,32.63042970,34.98009920
1370,Jerusalem,110,IL,JM,IL-JM,31.74282530,35.06406900
1366,Northern,110,IL,Z,IL-Z,33.06018330,35.24481950
1368,Southern,110,IL,D,IL-D,30.68233340,34.88242290
1371,Tel Aviv,110,IL,TA,IL-TA,32.09290750,34.80721650
1679,Abruzzo,111,IT,65,IT-65,42.22768100,13.85498300
1727,Agrigento,111,IT,AG,IT-AG,37.31229910,13.57465000
1783,Alessandria,111,IT,AL,IT-AL,44.83495330,8.74503040
1672,Ancona,111,IT,AN,IT-AN,43.48011890,13.21872790
1716,Aosta Valley,111,IT,23,IT-23,45.73009900,7.38742600
1688,Apulia,111,IT,75,IT-75,40.98425390,16.62100270
1761,Arezzo,111,IT,AR,IT-AR,43.51714420,11.76392820
1681,Ascoli Piceno,111,IT,AP,IT-AP,42.85461850,13.57550380
1780,Asti,111,IT,AT,IT-AT,44.90076520,8.20643150
1692,Avellino,111,IT,AV,IT-AV,40.99654460,15.14056900
5626,Bari,111,IT,BA,IT-BA,41.11714300,16.87187200
1686,Barletta-Andria-Trani,111,IT,BT,IT-BT,41.18017200,16.14664080
1706,Basilicata,111,IT,77,IT-77,40.50057100,16.08195300
1689,Belluno,111,IT,BL,IT-BL,46.28054070,12.07891370
1701,Benevento,111,IT,BN,IT-BN,41.24763070,14.70570540
1704,Bergamo,111,IT,BG,IT-BG,45.69826420,9.67726980
1778,Biella,111,IT,BI,IT-BI,45.56281760,8.05827170
5627,Bologna,111,IT,BO,IT-BO,44.49488700,11.34262100
1717,Brescia,111,IT,BS,IT-BS,45.54155260,10.21180190
1714,Brindisi,111,IT,BR,IT-BR,40.63585990,17.68849750
5628,Cagliari,111,IT,CA,IT-CA,39.22380400,9.12166700
1703,Calabria,111,IT,78,IT-78,39.05659740,16.52498640
1718,Caltanissetta,111,IT,CL,IT-CL,37.48601300,14.06149820
1669,Campania,111,IT,72,IT-72,40.86067200,14.84398400
1721,Campobasso,111,IT,CB,IT-CB,41.71726480,14.82622670
1731,Caserta,111,IT,CE,IT-CE,41.20351920,14.11686240
5629,Catania,111,IT,CT,IT-CT,37.50287800,15.08704200
1728,Catanzaro,111,IT,CZ,IT-CZ,38.82996030,16.43155690
1739,Chieti,111,IT,CH,IT-CH,42.10269280,14.41590530
1740,Como,111,IT,CO,IT-CO,45.80804160,9.08517930
1742,Cosenza,111,IT,CS,IT-CS,39.59668530,16.33305560
1751,Cremona,111,IT,CR,IT-CR,45.22086410,10.03703800
1754,Crotone,111,IT,KR,IT-KR,39.08062230,17.12719600
1775,Cuneo,111,IT,CN,IT-CN,44.45807030,7.55813670
1773,Emilia-Romagna,111,IT,45,IT-45,44.52569600,11.03943700
1723,Enna,111,IT,EN,IT-EN,37.56762160,14.27953490
1744,Fermo,111,IT,FM,IT-FM,43.09224890,13.63876810
1746,Ferrara,111,IT,FE,IT-FE,44.76676420,11.82793900
5630,Florence,111,IT,FI,IT-FI,43.76923100,11.25588400
1771,Foggia,111,IT,FG,IT-FG,41.50281050,15.45289390
1779,Forlì-Cesena,111,IT,FC,IT-FC,44.02271930,12.01410360
1756,Friuli–Venezia Giulia,111,IT,36,IT-36,46.15104200,13.05590400
1776,Frosinone,111,IT,FR,IT-FR,41.62854680,13.57584980
5631,Genoa,111,IT,GE,IT-GE,44.41149100,8.93285900
1777,Gorizia,111,IT,GO,IT-GO,45.86252100,13.49792590
1787,Grosseto,111,IT,GR,IT-GR,42.77511020,11.28780440
1788,Imperia,111,IT,IM,IT-IM,43.95837530,7.86674270
1789,Isernia,111,IT,IS,IT-IS,41.60017500,14.23830170
1781,L'Aquila,111,IT,AQ,IT-AQ,42.13688530,13.61034100
1791,La Spezia,111,IT,SP,IT-SP,44.23836600,9.69123260
1674,Latina,111,IT,LT,IT-LT,41.45952610,13.01259120
1678,Lazio,111,IT,62,IT-62,41.98080380,12.76623120
1675,Lecce,111,IT,LE,IT-LE,40.15221730,18.22606280
1677,Lecco,111,IT,LC,IT-LC,45.90054850,9.41202480
1768,Liguria,111,IT,42,IT-42,44.47776170,8.70262960
1745,Livorno,111,IT,LI,IT-LI,42.79023790,10.34022390
1747,Lodi,111,IT,LO,IT-LO,45.26131040,9.49167810
1705,Lombardy,111,IT,25,IT-25,45.57036940,9.77325240
1749,Lucca,111,IT,LU,IT-LU,43.83767360,10.49505300
1750,Macerata,111,IT,MC,IT-MC,43.15297810,13.15088220
1758,Mantua,111,IT,MN,IT-MN,45.15666830,10.79171910
1670,Marche,111,IT,57,IT-57,43.34583880,13.14158720
1759,Massa and Carrara,111,IT,MS,IT-MS,44.04101620,10.15549220
1760,Matera,111,IT,MT,IT-MT,40.66634960,16.60436360
5632,Messina,111,IT,ME,IT-ME,38.19395000,15.55256200
5633,Milan,111,IT,MI,IT-MI,45.46679400,9.19007200
1757,Modena,111,IT,MO,IT-MO,44.53847280,10.93596090
1695,Molise,111,IT,67,IT-67,41.63082800,14.49292500
1769,Monza and Brianza,111,IT,MB,IT-MB,45.63954180,9.27883040
5634,Naples,111,IT,NA,IT-NA,40.85177700,14.26811700
1774,Novara,111,IT,NO,IT-NO,45.58425000,8.54599700
1790,Nuoro,111,IT,NU,IT-NU,40.32106010,9.32973390
1786,Oristano,111,IT,OR,IT-OR,40.02656760,8.67964160
1665,Padua,111,IT,PD,IT-PD,45.39140800,11.80584870
1668,Palermo,111,IT,PA,IT-PA,38.11569000,13.36148680
1666,Parma,111,IT,PR,IT-PR,44.80153220,10.32793540
1676,Pavia,111,IT,PV,IT-PV,45.18600430,9.15463750
1691,Perugia,111,IT,PG,IT-PG,43.11196130,12.38901040
1693,Pesaro and Urbino,111,IT,PU,IT-PU,43.61301180,12.71351210
1694,Pescara,111,IT,PE,IT-PE,42.31026190,13.95759010
1696,Piacenza,111,IT,PC,IT-PC,44.84763520,9.66653130
1702,Piedmont,111,IT,21,IT-21,45.06073500,7.92354900
1685,Pisa,111,IT,PI,IT-PI,43.72283150,10.40171940
1687,Pistoia,111,IT,PT,IT-PT,43.97409570,10.86870810
1690,Pordenone,111,IT,PN,IT-PN,46.10173670,12.70390280
1697,Potenza,111,IT,PZ,IT-PZ,40.51731190,15.82160880
1700,Prato,111,IT,PO,IT-PO,43.93571810,11.09414730
1729,Ragusa,111,IT,RG,IT-RG,36.92692730,14.72551290
1707,Ravenna,111,IT,RA,IT-RA,44.41844430,12.20359980
5635,Reggio Calabria,111,IT,RC,IT-RC,38.10882200,15.64392200
1708,Reggio Emilia,111,IT,RE,IT-RE,44.60866740,10.59406670
1712,Rieti,111,IT,RI,IT-RI,42.40265690,12.86081300
1713,Rimini,111,IT,RN,IT-RN,44.06782880,12.56951580
5636,Rome,111,IT,RM,IT-RM,41.89277000,12.48366000
1719,Rovigo,111,IT,RO,IT-RO,45.06981660,11.78882000
1720,Salerno,111,IT,SA,IT-SA,40.41944160,15.31060850
1715,Sardinia,111,IT,88,IT-88,40.09128130,9.03057730
1722,Sassari,111,IT,SS,IT-SS,40.72347460,8.56126740
1732,Savona,111,IT,SV,IT-SV,44.23342380,8.25257270
1709,Sicily,111,IT,82,IT-82,37.58779400,14.15504800
1734,Siena,111,IT,SI,IT-SI,43.31855360,11.33165330
1667,Siracusa,111,IT,SR,IT-SR,37.06569240,15.28571090
1741,Sondrio,111,IT,SO,IT-SO,46.17135530,9.87342740
1730,South Sardinia,111,IT,SU,IT-SU,39.38935350,8.93970000
5639,South Tyrol,111,IT,BZ,IT-BZ,46.49933500,11.35662200
1743,Taranto,111,IT,TA,IT-TA,40.47124270,17.24322780
1752,Teramo,111,IT,TE,IT-TE,42.65811790,13.69787460
1755,Terni,111,IT,TR,IT-TR,42.56414170,12.64054660
1733,Trapani,111,IT,TP,IT-TP,38.01831160,12.51482650
5640,Trentino,111,IT,TN,IT-TN,46.06787800,11.12108300
1725,Trentino-South Tyrol,111,IT,32,IT-32,46.49959340,11.35530150
1762,Treviso,111,IT,TV,IT-TV,45.66685170,12.24306170
1763,Trieste,111,IT,TS,IT-TS,45.68948230,13.78330720
5637,Turin,111,IT,TO,IT-TO,45.07049600,7.68682200
1664,Tuscany,111,IT,52,IT-52,43.45865410,11.13892040
1764,Udine,111,IT,UD,IT-UD,46.14594800,13.29743030
1683,Umbria,111,IT,55,IT-55,42.96591600,12.49023600
1765,Varese,111,IT,VA,IT-VA,45.83972030,8.75413380
1753,Veneto,111,IT,34,IT-34,45.64766630,11.86652540
5638,Venice,111,IT,VE,IT-VE,45.43409700,12.33890600
1726,Verbano-Cusio-Ossola,111,IT,VB,IT-VB,46.11557550,8.38359670
1785,Vercelli,111,IT,VC,IT-VC,45.32022040,8.41850800
1736,Verona,111,IT,VR,IT-VR,45.43849580,10.99241220
1737,Vibo Valentia,111,IT,VV,IT-VV,38.62665560,16.09869350
1738,Vicenza,111,IT,VI,IT-VI,45.63485910,11.40635430
1735,Viterbo,111,IT,VT,IT-VT,42.49295220,11.94881360
2634,Abidjan,55,CI,AB,CI-AB,5.35995170,-4.00825630
2643,Bas-Sassandra,55,CI,BS,CI-BS,5.27983560,-6.15269850
2654,Comoé,55,CI,CM,CI-CM,6.22190790,-4.60727990
2644,Denguélé,55,CI,DN,CI-DN,48.07077630,-68.56093410
2651,Gôh-Djiboua,55,CI,GD,CI-GD,5.87113930,-5.56172790
2632,Lacs,55,CI,LC,CI-LC,48.19801690,-80.45644120
2627,Lagunes,55,CI,LG,CI-LG,5.88273340,-4.23333550
2629,Montagnes,55,CI,MG,CI-MG,6.88716640,-9.10706440
2648,Sassandra-Marahoué,55,CI,SM,CI-SM,6.88033480,-6.23759470
2625,Savanes,55,CI,SV,CI-SV,9.63735270,-6.70071860
2637,Vallée du Bandama,55,CI,VB,CI-VB,8.27897800,-4.89356270
2650,Woroba,55,CI,WR,CI-WR,8.24913720,-6.92091350
2653,Yamoussoukro,55,CI,YM,CI-YM,6.82762280,-5.28934330
2641,Zanzan,55,CI,ZZ,CI-ZZ,8.82079040,-3.41955270
3753,Clarendon,112,JM,13,JM-13,17.95185250,-77.27192770
3749,Hanover,112,JM,09,JM-09,18.38506530,-78.13099300
3748,Kingston,112,JM,01,JM-01,17.97121480,-76.79281280
3754,Manchester,112,JM,12,JM-12,18.04992570,-77.51101430
3752,Portland,112,JM,04,JM-04,18.12682060,-76.53740120
3751,Saint Andrew,112,JM,02,JM-02,18.05896480,-76.76077670
3744,Saint Ann,112,JM,06,JM-06,18.32993000,-77.25418160
3746,Saint Catherine,112,JM,14,JM-14,18.04717370,-77.03338520
3743,Saint Elizabeth,112,JM,11,JM-11,18.05384500,-77.78282490
3745,Saint James,112,JM,08,JM-08,18.36580900,-77.85220370
3747,Saint Mary,112,JM,05,JM-05,18.27891790,-76.90218680
3750,Saint Thomas,112,JM,03,JM-03,17.97163060,-76.44143060
3755,Trelawny,112,JM,07,JM-07,18.36821280,-77.60436150
3742,Westmoreland,112,JM,10,JM-10,18.21040260,-77.97932110
827,Aichi,113,JP,23,JP-23,34.99916450,137.25457400
829,Akita,113,JP,05,JP-05,39.68988020,140.34260800
839,Aomori,113,JP,02,JP-02,40.82228330,140.74720270
821,Chiba,113,JP,12,JP-12,35.54939900,140.26473030
865,Ehime,113,JP,38,JP-38,33.60136460,132.81852750
848,Fukui,113,JP,18,JP-18,36.06175100,136.22605420
861,Fukuoka,113,JP,40,JP-40,33.62512410,130.61800160
847,Fukushima,113,JP,07,JP-07,37.76077700,140.47458070
858,Gifu,113,JP,21,JP-21,35.78674490,137.04607770
862,Gunma,113,JP,10,JP-10,36.52198000,139.03348300
828,Hiroshima,113,JP,34,JP-34,34.39172410,132.45175890
832,Hokkaidō,113,JP,01,JP-01,43.45198310,142.81978340
831,Hyōgo,113,JP,28,JP-28,34.91493400,134.86066600
851,Ibaraki,113,JP,08,JP-08,36.28711860,140.42409260
830,Ishikawa,113,JP,17,JP-17,36.98905740,136.81628390
856,Iwate,113,JP,03,JP-03,39.57137630,141.42535740
864,Kagawa,113,JP,37,JP-37,34.24801040,134.05865790
840,Kagoshima,113,JP,46,JP-46,31.52158700,130.54740770
842,Kanagawa,113,JP,14,JP-14,35.43429350,139.37475300
4924,Kōchi,113,JP,39,JP-39,33.56803840,133.53942210
846,Kumamoto,113,JP,43,JP-43,32.80339090,130.70827370
834,Kyōto,113,JP,26,JP-26,35.01157540,135.76814410
833,Mie,113,JP,24,JP-24,34.73396850,136.51544890
857,Miyagi,113,JP,04,JP-04,38.38801550,140.97610250
855,Miyazaki,113,JP,45,JP-45,32.09768100,131.29454200
843,Nagano,113,JP,20,JP-20,36.11439450,138.03190150
849,Nagasaki,113,JP,42,JP-42,33.11546830,129.78743390
824,Nara,113,JP,29,JP-29,34.29630890,135.88168190
841,Niigata,113,JP,15,JP-15,37.64522830,138.76691250
822,Ōita,113,JP,44,JP-44,33.18198750,131.42702170
820,Okayama,113,JP,33,JP-33,34.85813340,133.77592560
853,Okinawa,113,JP,47,JP-47,26.33437380,127.80565970
859,Ōsaka,113,JP,27,JP-27,34.61988130,135.49035700
863,Saga,113,JP,41,JP-41,33.26391340,130.30083780
860,Saitama,113,JP,11,JP-11,35.97541680,139.41601140
845,Shiga,113,JP,25,JP-25,35.24715400,136.10938500
826,Shimane,113,JP,32,JP-32,34.94182120,132.53743900
825,Shizuoka,113,JP,22,JP-22,34.97519740,138.38316970
854,Tochigi,113,JP,09,JP-09,36.67821670,139.80965490
836,Tokushima,113,JP,36,JP-36,33.91964180,134.25096340
823,Tokyo,113,JP,13,JP-13,35.67686010,139.76389470
850,Tottori,113,JP,31,JP-31,35.35550750,133.86785250
838,Toyama,113,JP,16,JP-16,36.69582660,137.21370710
844,Wakayama,113,JP,30,JP-30,33.80702920,135.59307430
837,Yamagata,113,JP,06,JP-06,38.47467050,140.08323700
835,Yamaguchi,113,JP,35,JP-35,34.23796140,131.58738450
852,Yamanashi,113,JP,19,JP-19,35.63993280,138.63804950
5309,Grouville,114,JE,01,JE-01,49.18404000,-2.05168280
5310,St Brelade,114,JE,02,JE-02,49.18512550,-2.20103410
5311,St Clement,114,JE,03,JE-03,49.17363730,-2.05621240
5312,St Helier,114,JE,04,JE-04,49.18566370,-2.11022770
5313,St John,114,JE,05,JE-05,49.24655350,-2.13497260
5314,St Lawrence,114,JE,06,JE-06,49.21491240,-2.14168920
5315,St Martin,114,JE,07,JE-07,49.21772740,-2.05163140
5316,St Mary,114,JE,08,JE-08,49.23640290,-2.17162450
5317,St Ouen,114,JE,09,JE-09,49.23350870,-2.20204060
5318,St Peter,114,JE,10,JE-10,49.21282880,-2.18372000
5319,St Saviour,114,JE,11,JE-11,49.19489460,-2.09031830
5320,Trinity,114,JE,12,JE-12,49.23449200,-2.09292680
963,Ajloun,115,JO,AJ,JO-AJ,32.33255840,35.75168440
965,Amman,115,JO,AM,JO-AM,31.94536330,35.92838950
959,Aqaba,115,JO,AQ,JO-AQ,29.53208600,35.00628210
961,Balqa,115,JO,BA,JO-BA,31.97829170,35.65852320
960,Irbid,115,JO,IR,JO-IR,32.55696360,35.84789650
966,Jerash,115,JO,JA,JO-JA,32.27472370,35.89609540
956,Karak,115,JO,KA,JO-KA,31.12570360,35.82470400
964,Ma'an,115,JO,MN,JO-MN,30.20000000,35.73333290
958,Madaba,115,JO,MD,JO-MD,31.71960970,35.79327540
962,Mafraq,115,JO,MA,JO-MA,32.34169230,36.20201750
957,Tafilah,115,JO,AT,JO-AT,30.83333300,35.59999990
967,Zarqa,115,JO,AZ,JO-AZ,32.06085050,36.09421210
5455,Abai,116,KZ,10,KZ-10,48.61633350,78.78347910
145,Akmola,116,KZ,11,KZ-11,51.87423470,69.85821320
151,Aktobe,116,KZ,15,KZ-15,48.25527720,59.44991720
143,Almaty,116,KZ,19,KZ-19,43.61369550,77.13581360
152,Almaty,116,KZ,75,KZ-75,43.61369550,77.13581360
156,Astana,116,KZ,71,KZ-71,51.12822050,71.43066820
153,Atyrau,116,KZ,23,KZ-23,47.10761880,51.91413300
154,East Kazakhstan,116,KZ,63,KZ-63,49.09737600,84.76578170
147,Jambyl,116,KZ,31,KZ-31,44.41684630,72.13416600
5456,Jetisu,116,KZ,33,KZ-33,45.53856920,78.05831440
150,Karaganda,116,KZ,35,KZ-35,49.17673220,74.18112720
157,Kostanay,116,KZ,39,KZ-39,52.06156260,62.93726890
142,Kyzylorda,116,KZ,43,KZ-43,45.20588530,63.91552020
141,Mangystau,116,KZ,47,KZ-47,44.43649180,53.79999310
144,North Kazakhstan,116,KZ,59,KZ-59,53.97971710,69.04509020
146,Pavlodar,116,KZ,55,KZ-55,52.28575730,76.94550350
5454,Shymkent,116,KZ,79,KZ-79,42.34191770,69.50723510
149,Turkistan,116,KZ,61,KZ-61,43.30194570,68.27036980
5457,Ulytau,116,KZ,62,KZ-62,47.94224700,64.89337140
148,West Kazakhstan,116,KZ,27,KZ-27,49.55684790,50.22274090
181,Baringo,117,KE,01,KE-01,0.71401000,36.01727390
210,Bomet,117,KE,02,KE-02,-0.71960540,35.23996250
168,Bungoma,117,KE,03,KE-03,0.56952520,34.55837660
161,Busia,117,KE,04,KE-04,0.37120480,34.26479520
201,Elgeyo-Marakwet,117,KE,05,KE-05,0.74221910,35.56180830
163,Embu,117,KE,06,KE-06,-0.53594790,37.66528840
196,Garissa,117,KE,07,KE-07,-0.45322930,39.64609880
195,Homa Bay,117,KE,08,KE-08,-0.56396010,34.31878190
170,Isiolo,117,KE,09,KE-09,1.00606010,38.74789540
197,Kajiado,117,KE,10,KE-10,-2.12171700,36.78625500
158,Kakamega,117,KE,11,KE-11,0.28330000,34.75000000
193,Kericho,117,KE,12,KE-12,-0.36660000,35.28330000
199,Kiambu,117,KE,13,KE-13,-1.03639500,36.84313120
174,Kilifi,117,KE,14,KE-14,-3.63330000,39.85000000
167,Kirinyaga,117,KE,15,KE-15,-0.46887800,37.30276810
159,Kisii,117,KE,16,KE-16,-0.66941190,34.76779440
171,Kisumu,117,KE,17,KE-17,-0.10291090,34.75417610
211,Kitui,117,KE,18,KE-18,-1.56422190,38.37281160
173,Kwale,117,KE,19,KE-19,-4.18360670,39.10509500
164,Laikipia,117,KE,20,KE-20,0.28584520,36.82577110
166,Lamu,117,KE,21,KE-21,-2.06452090,40.72809920
184,Machakos,117,KE,22,KE-22,-1.51768370,37.26341460
188,Makueni,117,KE,23,KE-23,-2.25709300,37.87717150
187,Mandera,117,KE,24,KE-24,3.22853320,40.70561530
194,Marsabit,117,KE,25,KE-25,2.33806120,37.99163900
198,Meru,117,KE,26,KE-26,0.22545090,37.77726240
190,Migori,117,KE,27,KE-27,-1.01922370,34.30954270
200,Mombasa,117,KE,28,KE-28,-4.05052000,39.66716900
178,Murang'a,117,KE,29,KE-29,-0.83170870,37.00492160
191,Nairobi City,117,KE,30,KE-30,-1.29206590,36.82194620
203,Nakuru,117,KE,31,KE-31,-0.28027240,36.07120480
165,Nandi,117,KE,32,KE-32,0.22539320,35.12449290
175,Narok,117,KE,33,KE-33,-1.08869310,35.87149160
209,Nyamira,117,KE,34,KE-34,-0.65179070,34.93416700
192,Nyandarua,117,KE,35,KE-35,-0.39170640,36.49773970
180,Nyeri,117,KE,36,KE-36,-0.41929620,36.95170050
207,Samburu,117,KE,37,KE-37,1.53944630,36.94216600
186,Siaya,117,KE,38,KE-38,-0.06040130,34.20013500
176,Taita–Taveta,117,KE,39,KE-39,-3.41783550,38.36706760
205,Tana River,117,KE,40,KE-40,-1.53651190,39.55083740
185,Tharaka-Nithi,117,KE,41,KE-41,-0.19370810,37.96140500
183,Trans Nzoia,117,KE,42,KE-42,1.04545820,34.97904400
206,Turkana,117,KE,43,KE-43,2.76556570,35.59772280
169,Uasin Gishu,117,KE,44,KE-44,0.47719380,35.30505970
202,Vihiga,117,KE,45,KE-45,0.07675530,34.70776650
182,Wajir,117,KE,46,KE-46,1.75046510,40.05949590
208,West Pokot,117,KE,47,KE-47,1.87986080,35.21061300
1831,Gilbert,118,KI,G,KI-G,-1.23945560,175.29694550
1832,Line,118,KI,L,KI-L,1.35897790,172.93112020
1830,Phoenix,118,KI,P,KI-P,-3.72134440,-170.71170520
4874,Ferizaj,250,XK,XUF,XK-XUF,42.37018440,21.14832810
4876,Gjakove,250,XK,XDG,XK-XDG,42.37987930,20.43162260
4877,Gjilan,250,XK,XGJ,XK-XGJ,42.46352060,21.46940110
4878,Mitrovica,250,XK,XKM,XK-XKM,42.87904240,20.86578620
5321,Peja,250,XK,PEJ,XK-PEJ,42.65939860,20.28857570
4879,Pristina,250,XK,XPI,XK-XPI,42.66291380,21.16550280
5322,Prizren,250,XK,PRI,XK-PRI,42.21301510,20.73633390
977,Al Ahmadi,121,KW,AH,KW-AH,28.85385710,48.16523770
976,Al Asimah,121,KW,KU,KW-KU,29.09261280,48.51335500
975,Al Farwaniyah,121,KW,FA,KW-FA,29.24825390,47.91367550
972,Al Jahra,121,KW,JA,KW-JA,29.34746360,47.67220540
973,Hawalli,121,KW,HA,KW-HA,29.32366090,48.11531480
974,Mubarak Al-Kabeer,121,KW,MU,KW-MU,29.18709560,48.08275890
998,Batken,122,KG,B,KG-B,40.06118520,70.82009640
1001,Bishkek,122,KG,GB,KG-GB,42.87614240,74.60367240
1004,Chuy,122,KG,C,KG-C,42.55502360,74.62199100
1002,Issyk-Kul,122,KG,Y,KG-Y,42.46203980,77.07898620
1000,Jalal-Abad,122,KG,J,KG-J,40.92981820,73.00119000
999,Naryn,122,KG,N,KG-N,41.36706580,75.99318380
1003,Osh,122,KG,GO,KG-GO,40.51726780,72.80498940
1005,Osh,122,KG,O,KG-O,40.51726780,72.80498940
997,Talas,122,KG,T,KG-T,42.52199500,72.24769300
982,Attapeu,123,LA,AT,LA-AT,14.79073000,107.10083180
991,Bokeo,123,LA,BK,LA-BK,20.31744500,100.39581120
985,Bolikhamsai,123,LA,BL,LA-BL,18.58065940,104.14915940
996,Champasak,123,LA,CH,LA-CH,14.88728850,105.87658040
989,Houaphanh,123,LA,HO,LA-HO,20.23547480,103.62033870
986,Khammouane,123,LA,KH,LA-KH,17.58420550,105.24713250
992,Luang Namtha,123,LA,LM,LA-LM,20.93300400,101.05867370
978,Luang Prabang,123,LA,LP,LA-LP,20.21154150,102.61268400
988,Oudomxay,123,LA,OU,LA-OU,20.69301340,101.98536780
987,Phongsaly,123,LA,PH,LA-PH,21.67678160,102.27731770
993,Sainyabuli,123,LA,XA,LA-XA,19.25361390,101.61809850
981,Salavan,123,LA,SL,LA-SL,15.87128000,106.33895650
990,Savannakhet,123,LA,SV,LA-SV,16.50019580,105.71559460
984,Sekong,123,LA,XE,LA-XE,15.86604190,106.96377820
980,Vientiane,123,LA,VI,LA-VI,17.96409880,102.61337070
979,Vientiane,123,LA,VT,LA-VT,17.96409880,102.61337070
983,Xaisomboun,123,LA,XS,LA-XS,18.86317250,103.03447830
995,Xiangkhouang,123,LA,XI,LA-XI,19.41304790,103.46801260
4454,Ādaži,124,LV,011,LV-011,57.08746710,24.31957970
4472,Aizkraukle,124,LV,002,LV-002,56.61667080,25.22306430
4487,Alūksne,124,LV,007,LV-007,57.42544850,27.04249680
4492,Augšdaugava,124,LV,111,LV-111,55.85613230,27.04580760
4505,Balvi,124,LV,015,LV-015,57.13262400,27.26466850
4465,Bauska,124,LV,016,LV-016,56.41018680,24.20006890
4469,Cēsis,124,LV,022,LV-022,57.31028970,25.26761250
4463,Daugavpils,124,LV,DGV,LV-DGV,55.87122670,26.51593370
4508,Dienvidkurzemes,124,LV,112,LV-112,56.52245750,21.45958940
4437,Dobele,124,LV,026,LV-026,56.62630500,23.28090660
4400,Gulbene,124,LV,033,LV-033,57.17597210,26.75147130
4438,Jēkabpils,124,LV,042,LV-042,56.49586380,25.86877470
4424,Jelgava,124,LV,041,LV-041,56.65143940,23.73391430
4500,Jelgava,124,LV,JEL,LV-JEL,56.65143940,23.73391430
4446,Jūrmala,124,LV,JUR,LV-JUR,56.97271640,23.78869790
4435,Ķekava,124,LV,052,LV-052,56.82584650,24.22081280
4474,Krāslava,124,LV,047,LV-047,55.89520600,27.16193040
4490,Kuldīga,124,LV,050,LV-050,56.96872570,21.96137390
4460,Liepāja,124,LV,LPX,LV-LPX,56.50466780,21.01080600
4418,Limbaži,124,LV,054,LV-054,57.51465860,24.71315360
4401,Līvāni,124,LV,056,LV-056,56.35509420,26.17251900
4501,Ludza,124,LV,058,LV-058,56.54595900,27.71431990
4433,Madona,124,LV,059,LV-059,56.85174670,26.21847690
4450,Mārupe,124,LV,062,LV-062,56.89657170,24.04600490
4416,Ogre,124,LV,067,LV-067,56.81473550,24.60445550
4417,Olaine,124,LV,068,LV-068,56.79059060,23.93319810
4483,Preiļi,124,LV,073,LV-073,56.29373660,26.72667340
4509,Rēzekne,124,LV,REZ,LV-REZ,56.50628100,27.33066230
4455,Rēzekne,124,LV,077,LV-077,56.50628100,27.33066230
4491,Riga,124,LV,RIX,LV-RIX,56.94964870,24.10518650
4493,Ropaži,124,LV,080,LV-080,56.97137710,24.63072330
4402,Salaspils,124,LV,087,LV-087,56.86081520,24.34978810
4439,Saldus,124,LV,088,LV-088,56.66650880,22.49354930
4443,Saulkrasti,124,LV,089,LV-089,57.25794180,24.41831460
4476,Sigulda,124,LV,091,LV-091,57.15405610,24.85671410
4462,Smiltene,124,LV,094,LV-094,57.42303320,25.90027800
4459,Talsi,124,LV,097,LV-097,57.24519260,22.59030030
4409,Tukums,124,LV,099,LV-099,56.96728680,23.15243790
4425,Valka,124,LV,101,LV-101,57.77439000,26.01700500
4473,Valmiera,124,LV,113,LV-113,57.53846590,25.42636180
4431,Varakļāni,124,LV,102,LV-102,56.60887430,26.75390930
4421,Ventspils,124,LV,VEN,LV-VEN,57.39039180,21.56359910
4403,Ventspils,124,LV,106,LV-106,57.39039180,21.56359910
2285,Akkar,125,LB,AK,LB-AK,34.55550090,36.20164530
2283,Baalbek-Hermel,125,LB,BH,LB-BH,34.16833300,36.31346170
2286,Beirut,125,LB,BA,LB-BA,33.88861060,35.49547720
2287,Beqaa,125,LB,BI,LB-BI,33.67462040,35.83337570
2282,Mount Lebanon,125,LB,JL,LB-JL,34.29000000,36.09200000
2288,Nabatieh,125,LB,NA,LB-NA,33.37716930,35.48382930
2284,North,125,LB,AS,LB-AS,34.29000000,36.09200000
2281,South,125,LB,JA,LB-JA,34.41153390,-81.20481400
3030,Berea,126,LS,D,LS-D,-29.19639710,27.91755810
3029,Butha-Buthe,126,LS,B,LS-B,-28.76537540,28.24681480
3026,Leribe,126,LS,C,LS-C,-28.86689100,28.05794080
3022,Mafeteng,126,LS,E,LS-E,-29.78930490,27.44231930
3028,Maseru,126,LS,A,LS-A,-29.58169420,27.82432080
3023,Mohale's Hoek,126,LS,F,LS-F,-30.15163050,27.47701130
3024,Mokhotlong,126,LS,J,LS-J,-29.21906970,29.03513690
3025,Qacha's Nek,126,LS,H,LS-H,-30.11145650,28.67897900
3027,Quthing,126,LS,G,LS-G,-30.40156870,27.70801330
3031,Thaba-Tseka,126,LS,K,LS-K,-29.51518320,28.60361790
3041,Bomi,127,LR,BM,LR-BM,6.71778560,-10.78817660
3034,Bong,127,LR,BG,LR-BG,6.96221950,-9.71344590
3044,Gbarpolu,127,LR,GP,LR-GP,7.26815640,-10.38147710
3040,Grand Bassa,127,LR,GB,LR-GB,6.16406210,-9.89566900
3036,Grand Cape Mount,127,LR,CM,LR-CM,7.04962060,-11.12984300
3039,Grand Gedeh,127,LR,GG,LR-GG,5.81615330,-8.09955370
3045,Grand Kru,127,LR,GK,LR-GK,4.84932000,-8.33088450
3037,Lofa,127,LR,LO,LR-LO,7.88240460,-9.97602970
3043,Margibi,127,LR,MG,LR-MG,6.60536760,-10.17584290
3042,Maryland,127,LR,MY,LR-MY,4.63553760,-7.72816690
3032,Montserrado,127,LR,MO,LR-MO,6.40955370,-10.60594030
3046,Nimba,127,LR,NI,LR-NI,6.80888130,-8.74614480
3033,River Cess,127,LR,RI,LR-RI,5.90873310,-9.39382670
3038,River Gee,127,LR,RG,LR-RG,5.26539030,-7.88562030
3035,Sinoe,127,LR,SI,LR-SI,5.32326930,-8.84359550
5641,Al Butnan,128,LY,BU,LY-BU,30.00000000,24.00000000
2964,Al Wahat,128,LY,WA,LY-WA,29.15731230,21.74963920
2981,Benghazi,128,LY,BA,LY-BA,32.11942420,20.08679090
2966,Derna,128,LY,DR,LY-DR,32.75561300,22.63774320
2969,Ghat,128,LY,GT,LY-GT,24.96403710,10.17592850
2980,Jabal al Akhdar,128,LY,JA,LY-JA,32.48741190,21.70897290
2974,Jabal al Gharbi,128,LY,JG,LY-JG,30.70464900,13.22338590
2979,Jafara,128,LY,JI,LY-JI,32.55879160,13.07070240
2970,Jufra,128,LY,JU,LY-JU,28.00557240,16.74302920
2972,Kufra,128,LY,KF,LY-KF,23.33237760,22.08403310
2968,Marj,128,LY,MJ,LY-MJ,31.91087280,21.14778770
2978,Misrata,128,LY,MI,LY-MI,32.37459230,15.09058030
2961,Murqub,128,LY,MB,LY-MB,32.40710580,13.86219030
2967,Murzuq,128,LY,MQ,LY-MQ,25.91822620,13.92600010
2976,Nalut,128,LY,NL,LY-NL,31.86378650,10.98279030
2962,Nuqat al Khams,128,LY,NQ,LY-NQ,32.71771530,11.98964150
2965,Sabha,128,LY,SB,LY-SB,27.03654060,14.42902360
2977,Sirte,128,LY,SR,LY-SR,31.20596250,16.58362060
2971,Tripoli,128,LY,TB,LY-TB,32.77338990,13.33187320
2973,Wadi al Hayaa,128,LY,WD,LY-WD,26.42333690,12.71836380
2975,Wadi al Shatii,128,LY,WS,LY-WS,27.60231720,12.86376270
2963,Zawiya,128,LY,ZA,LY-ZA,32.76302820,12.73649620
458,Balzers,129,LI,01,LI-01,47.06888220,9.50615900
451,Eschen,129,LI,02,LI-02,47.21262740,9.52332020
457,Gamprin,129,LI,03,LI-03,47.21324900,9.50251950
455,Mauren,129,LI,04,LI-04,47.21892850,9.54173500
454,Planken,129,LI,05,LI-05,47.18588480,9.54522110
453,Ruggell,129,LI,06,LI-06,47.23975750,9.52628710
450,Schaan,129,LI,07,LI-07,47.16633970,9.51031200
449,Schellenberg,129,LI,08,LI-08,47.23096600,9.54678430
459,Triesen,129,LI,09,LI-09,47.10979880,9.52482960
456,Triesenberg,129,LI,10,LI-10,47.11861810,9.54336630
452,Vaduz,129,LI,11,LI-11,47.14103030,9.52092770
1561,Akmenė,130,LT,01,LT-01,56.24550290,22.74711690
5722,Alytus,130,LT,03,LT-03,54.39246770,24.10876070
1605,Alytus,130,LT,02,LT-02,54.39246770,24.10876070
1574,Alytus,130,LT,AL,LT-AL,54.39246770,24.10876070
5346,Anykščiai,130,LT,04,LT-04,55.52579350,25.10612470
1603,Birštonas,130,LT,05,LT-05,54.58641940,24.04217360
1566,Biržai,130,LT,06,LT-06,56.20177190,24.75601180
1579,Druskininkai,130,LT,07,LT-07,54.01719320,23.97722820
1559,Elektrėnai,130,LT,08,LT-08,54.78665700,24.67083980
1562,Ignalina,130,LT,09,LT-09,55.33989750,26.16140430
1567,Jonava,130,LT,10,LT-10,55.07272420,24.27933370
1581,Joniškis,130,LT,11,LT-11,56.23607300,23.61365790
1555,Jurbarkas,130,LT,12,LT-12,55.07770770,22.76469450
1583,Kaišiadorys,130,LT,13,LT-13,54.86023370,24.45447850
1591,Kalvarija,130,LT,14,LT-14,54.37616740,23.19203210
1556,Kaunas,130,LT,KU,LT-KU,54.89821390,23.90448170
5723,Kaunas,130,LT,16,LT-16,54.89821390,23.90448170
1580,Kaunas,130,LT,15,LT-15,54.89821390,23.90448170
1575,Kazlų Rūda,130,LT,17,LT-17,54.75206690,23.49851410
1584,Kėdainiai,130,LT,18,LT-18,55.28873220,23.97583590
1618,Kelmė,130,LT,19,LT-19,55.62946790,22.93130950
1600,Klaipėda,130,LT,KL,LT-KL,55.71275290,21.13504690
1604,Klaipėda,130,LT,21,LT-21,55.71275290,21.13504690
5720,Klaipėdos miestas,130,LT,20,LT-20,55.70329430,21.14427950
1571,Kretinga,130,LT,22,LT-22,55.88384200,21.23509190
1585,Kupiškis,130,LT,23,LT-23,55.83889090,24.97604310
1611,Lazdijai,130,LT,24,LT-24,54.23432670,23.51565050
1610,Marijampolė,130,LT,25,LT-25,54.55625360,23.35036650
1570,Marijampolė,130,LT,MR,LT-MR,54.55625360,23.35036650
1557,Mažeikiai,130,LT,26,LT-26,56.30924390,22.34146800
1582,Molėtai,130,LT,27,LT-27,55.22653090,25.41800110
1563,Neringa,130,LT,28,LT-28,55.47568280,21.09258700
1612,Pagėgiai,130,LT,29,LT-29,55.13325200,21.91043980
1595,Pakruojis,130,LT,30,LT-30,55.97770840,23.84517970
1588,Palanga,130,LT,31,LT-31,55.92019800,21.06776140
5721,Panevėžio miestas,130,LT,32,LT-32,55.73449850,24.35780550
1614,Panevėžys,130,LT,33,LT-33,55.73449850,24.35780550
1558,Panevėžys,130,LT,PN,LT-PN,55.73449850,24.35780550
1616,Pasvalys,130,LT,34,LT-34,56.06046190,24.39629100
1553,Plungė,130,LT,35,LT-35,55.91078400,21.84540690
1578,Prienai,130,LT,36,LT-36,54.63835800,23.94680090
1568,Radviliškis,130,LT,37,LT-37,55.81083990,23.54648700
1587,Raseiniai,130,LT,38,LT-38,55.38194990,23.11561290
1590,Rietavas,130,LT,39,LT-39,55.72294080,21.92708040
1615,Rokiškis,130,LT,40,LT-40,55.95550390,25.58592490
1576,Šakiai,130,LT,41,LT-41,54.95267100,23.04801990
1577,Šalčininkai,130,LT,42,LT-42,54.30976700,25.38756400
1586,Šiauliai,130,LT,SA,LT-SA,55.93408230,23.31577750
1609,Šiauliai,130,LT,43,LT-43,55.93408230,23.31577750
5724,Šiauliai,130,LT,44,LT-44,55.93408230,23.31577750
1613,Šilalė ,130,LT,45,LT-45,55.49268000,22.18455590
1607,Šilutė,130,LT,46,LT-46,55.34137470,21.46056970
1594,Širvintos,130,LT,47,LT-47,55.04310200,24.95698100
1617,Skuodas,130,LT,48,LT-48,56.27021690,21.52143310
1560,Švenčionys,130,LT,49,LT-49,55.13368650,26.16301460
1573,Tauragė,130,LT,TA,LT-TA,55.30725860,22.35729390
1572,Tauragė,130,LT,50,LT-50,55.25036600,22.29095000
1608,Telšiai,130,LT,51,LT-51,55.98461350,22.24907530
1569,Telšiai,130,LT,TE,LT-TE,55.98461350,22.24907530
1593,Trakai,130,LT,52,LT-52,54.63791130,24.93468940
1596,Ukmergė,130,LT,53,LT-53,55.24772930,24.75997140
1598,Utena,130,LT,54,LT-54,55.48718330,25.63862210
1621,Utena,130,LT,UT,LT-UT,55.48718330,25.63862210
1602,Varėna,130,LT,55,LT-55,54.21217640,24.56737240
1620,Vilkaviškis,130,LT,56,LT-56,54.65194500,23.03515500
5725,Vilnius,130,LT,58,LT-58,54.68704580,25.28291110
1606,Vilnius,130,LT,57,LT-57,54.68704580,25.28291110
1601,Vilnius,130,LT,VL,LT-VL,54.68704580,25.28291110
1564,Visaginas,130,LT,59,LT-59,55.59411800,26.43079540
1619,Zarasai,130,LT,60,LT-60,55.73096090,26.24529500
1518,Capellen,131,LU,CA,LU-CA,49.64243530,5.98058930
1521,Clervaux,131,LU,CL,LU-CL,50.05463130,6.02858750
1513,Diekirch,131,LU,DI,LU-DI,49.86717840,6.15956330
1515,Echternach,131,LU,EC,LU-EC,49.81141330,6.41756350
1517,Esch-sur-Alzette,131,LU,ES,LU-ES,49.50088050,5.98609250
1520,Grevenmacher,131,LU,G,LU-G,49.68085100,6.44075240
1514,Luxembourg ,131,LU,L,LU-L,49.61127680,6.12979900
1522,Mersch,131,LU,ME,LU-ME,49.75067460,6.10665910
1516,Redange,131,LU,RD,LU-RD,49.76455000,5.88948000
1519,Remich,131,LU,RM,LU-RM,49.54501700,6.36742220
1523,Vianden,131,LU,VD,LU-VD,49.93419240,6.20199170
1526,Wiltz,131,LU,WI,LU-WI,49.96622000,5.93243060
2951,Antananarivo,133,MG,T,MG-T,-18.91001220,47.52558090
2950,Antsiranana,133,MG,D,MG-D,-13.72297220,49.18018360
2948,Fianarantsoa,133,MG,F,MG-F,-21.91742000,46.87098510
2953,Mahajanga,133,MG,M,MG-M,-16.59441040,46.17197960
2952,Toamasina,133,MG,A,MG-A,-18.15539850,49.40983520
2949,Toliara,133,MG,U,MG-U,-23.35417300,43.66966000
3096,Balaka,134,MW,BA,MW-BA,-15.03479690,35.06058880
3102,Blantyre,134,MW,BL,MW-BL,-15.68435020,34.92278380
3092,Central,134,MW,C,MW-C,-13.74427250,33.70569420
3107,Chikwawa,134,MW,CK,MW-CK,-16.21538200,34.72283930
3109,Chiradzulu,134,MW,CR,MW-CR,-15.75472000,35.20553620
3087,Chitipa,134,MW,CT,MW-CT,-9.70376550,33.27002530
3097,Dedza,134,MW,DE,MW-DE,-14.23744790,34.31965140
3090,Dowa,134,MW,DO,MW-DO,-13.53875780,33.77810800
3091,Karonga,134,MW,KR,MW-KR,-10.08474690,33.86619180
3094,Kasungu,134,MW,KS,MW-KS,-12.99217890,33.47245350
3093,Likoma,134,MW,LK,MW-LK,-12.05840050,34.73540310
3101,Lilongwe,134,MW,LI,MW-LI,-14.04141050,33.73537080
3082,Machinga,134,MW,MH,MW-MH,-14.90946810,35.60169600
3110,Mangochi,134,MW,MG,MW-MG,-14.14111100,35.32674950
3099,Mchinji,134,MW,MC,MW-MC,-13.78288970,33.02047390
3103,Mulanje,134,MW,MU,MW-MU,-15.91088000,35.54125500
3084,Mwanza,134,MW,MW,MW-MW,-15.61360310,34.51465950
3104,Mzimba,134,MW,MZ,MW-MZ,-11.84581020,33.55783190
5347,Neno,134,MW,NE,MW-NE,-15.51371830,34.68322050
3095,Nkhata Bay,134,MW,NB,MW-NB,-11.60699500,34.29839070
3100,Nkhotakota,134,MW,NK,MW-NK,-12.83219650,34.03291770
3105,Northern,134,MW,N,MW-N,-11.04916520,33.77302610
3085,Nsanje,134,MW,NS,MW-NS,-16.71999170,35.10110880
3088,Ntcheu,134,MW,NU,MW-NU,-14.82272930,34.76871780
3111,Ntchisi,134,MW,NI,MW-NI,-13.27698800,33.85462720
3108,Phalombe,134,MW,PH,MW-PH,-15.69220710,35.66505230
3089,Rumphi,134,MW,RU,MW-RU,-10.79093260,33.85071180
3086,Salima,134,MW,SA,MW-SA,-13.76289840,34.45237000
3106,Southern,134,MW,S,MW-S,-15.30629010,35.32831740
3098,Thyolo,134,MW,TH,MW-TH,-16.12877470,35.14491320
3083,Zomba,134,MW,ZO,MW-ZO,-15.38632080,35.32682730
1950,Johor,135,MY,01,MY-01,2.02288210,103.31145640
1947,Kedah,135,MY,02,MY-02,5.80982650,100.67150350
1946,Kelantan,135,MY,03,MY-03,5.40213020,102.06359720
1949,Kuala Lumpur,135,MY,14,MY-14,3.15169640,101.69423710
1935,Labuan,135,MY,15,MY-15,5.31683360,115.21986130
1941,Malacca,135,MY,04,MY-04,2.18959400,102.25008680
1948,Negeri Sembilan,135,MY,05,MY-05,2.78318950,102.19253190
1940,Pahang,135,MY,06,MY-06,3.61688220,102.59945470
1939,Penang,135,MY,07,MY-07,5.40650130,100.25590770
1943,Perak,135,MY,08,MY-08,4.81218100,100.97979080
1938,Perlis,135,MY,09,MY-09,6.48683920,100.25776230
1945,Putrajaya,135,MY,16,MY-16,2.93843810,101.69223000
1936,Sabah,135,MY,12,MY-12,5.42573590,117.03263920
1937,Sarawak,135,MY,13,MY-13,2.50238550,112.95472830
1944,Selangor,135,MY,10,MY-10,3.20833040,101.30414600
1942,Terengganu,135,MY,11,MY-11,4.86307430,102.99492970
2594,Addu,136,MV,01,MV-01,-0.64149350,73.16299780
2587,Alif Alif,136,MV,02,MV-02,4.43892360,72.87168540
2600,Alif Dhaal,136,MV,00,MV-00,3.61230260,72.85566300
5727,Baa,136,MV,20,MV-20,5.13333333,72.95000000
2590,Dhaalu,136,MV,17,MV-17,2.84734540,72.90295260
2599,Faafu,136,MV,14,MV-14,3.13149090,72.88435670
2598,Gaafu Alif,136,MV,27,MV-27,0.98295270,73.27809390
2603,Gaafu Dhaalu,136,MV,28,MV-28,0.30417830,73.21247460
2595,Gnaviyani,136,MV,29,MV-29,-0.20532640,73.25698680
2586,Haa Alif,136,MV,07,MV-07,7.06072960,72.98966280
2597,Haa Dhaalu,136,MV,23,MV-23,6.44990100,72.62648990
2596,Kaafu,136,MV,26,MV-26,4.35429900,73.57600320
2601,Laamu,136,MV,05,MV-05,1.88994180,73.31400270
2607,Lhaviyani,136,MV,03,MV-03,5.39925440,73.52739240
2609,Malé,136,MV,MLE,MV-MLE,4.17798790,73.51073870
2608,Meemu,136,MV,12,MV-12,2.78780940,73.53429870
2592,Noonu,136,MV,25,MV-25,5.78675500,73.41843360
2602,Raa,136,MV,13,MV-13,5.66094850,72.76816450
2585,Shaviyani,136,MV,24,MV-24,6.33229970,73.23246350
2591,Thaa,136,MV,08,MV-08,2.14616550,73.02882450
2584,Vaavu,136,MV,04,MV-04,3.61524920,73.58699860
253,Bamako,137,ML,BKO,ML-BKO,12.64931900,-8.00033700
258,Gao,137,ML,7,ML-7,17.00244000,-0.09911540
252,Kayes,137,ML,1,ML-1,13.80018440,-10.22455480
257,Kidal,137,ML,8,ML-8,18.44083580,1.40753950
250,Koulikoro,137,ML,2,ML-2,13.48207060,-7.60960790
251,Ménaka,137,ML,9,ML-9,15.91564210,2.39617400
255,Mopti,137,ML,5,ML-5,14.51448900,-3.64645810
249,Ségou,137,ML,4,ML-4,14.04876070,-6.00470910
254,Sikasso,137,ML,3,ML-3,11.52968400,-6.86632590
256,Taoudénit,137,ML,10,ML-10,20.85827180,-3.39819000
248,Tombouctou,137,ML,6,ML-6,16.77190910,-3.00872720
110,Attard,138,MT,01,MT-01,35.89091720,14.44300930
108,Balzan,138,MT,02,MT-02,35.89574140,14.45340650
107,Birgu,138,MT,03,MT-03,35.88792140,14.52256200
97,Birkirkara,138,MT,04,MT-04,35.89547060,14.46650720
88,Birżebbuġa,138,MT,05,MT-05,35.82694780,14.52741890
138,Cospicua,138,MT,06,MT-06,35.88067530,14.52183380
117,Dingli,138,MT,07,MT-07,35.86273090,14.38501070
129,Fgura,138,MT,08,MT-08,35.87382690,14.52329010
84,Floriana,138,MT,09,MT-09,35.89298380,14.50527160
134,Fontana,138,MT,10,MT-10,36.03874400,14.23700140
130,Għajnsielem,138,MT,13,MT-13,36.02479660,14.28029610
92,Għarb,138,MT,14,MT-14,36.05981820,14.20908100
120,Għargħur,138,MT,15,MT-15,35.92205690,14.45631760
106,Għasri,138,MT,16,MT-16,36.06680750,14.21924750
124,Għaxaq,138,MT,17,MT-17,35.84403590,14.51600900
118,Gudja,138,MT,11,MT-11,35.84698030,14.50290400
113,Gżira,138,MT,12,MT-12,35.90589700,14.49533380
105,Ħamrun,138,MT,18,MT-18,35.88612370,14.48834420
93,Iklin,138,MT,19,MT-19,35.90987740,14.45777320
99,Kalkara,138,MT,21,MT-21,35.89142420,14.53202780
91,Kerċem,138,MT,22,MT-22,36.04479390,14.22506050
82,Kirkop,138,MT,23,MT-23,35.84378620,14.48543240
126,Lija,138,MT,24,MT-24,35.90176600,14.44761360
77,Luqa,138,MT,25,MT-25,35.85828650,14.48688830
128,Marsa,138,MT,26,MT-26,35.88289200,14.49448980
137,Marsaskala,138,MT,27,MT-27,35.86036400,14.55678760
78,Marsaxlokk,138,MT,28,MT-28,35.84116990,14.53930970
89,Mdina,138,MT,29,MT-29,35.88809300,14.40683570
102,Mellieħa,138,MT,30,MT-30,35.95996180,14.36836700
109,Mġarr,138,MT,31,MT-31,35.91893270,14.36173430
140,Mosta,138,MT,32,MT-32,35.91415040,14.42284270
74,Mqabba,138,MT,33,MT-33,35.84441430,14.46941860
96,Msida,138,MT,34,MT-34,35.89563880,14.48688830
131,Mtarfa,138,MT,35,MT-35,35.88951250,14.39519530
132,Munxar,138,MT,36,MT-36,36.02880580,14.22506050
133,Nadur,138,MT,37,MT-37,36.04470190,14.29192730
112,Naxxar,138,MT,38,MT-38,35.91333960,14.44328510
115,Paola,138,MT,39,MT-39,35.87179940,14.50737480
125,Pembroke,138,MT,40,MT-40,35.92813130,14.47957220
127,Pietà,138,MT,41,MT-41,35.89235300,14.49348810
79,Qala,138,MT,42,MT-42,36.03886280,14.31810100
119,Qormi,138,MT,43,MT-43,35.87643880,14.46941860
111,Qrendi,138,MT,44,MT-44,35.83284880,14.45486210
83,Rabat,138,MT,46,MT-46,35.88471700,14.37234000
5642,Safi,138,MT,47,MT-47,35.83333333,14.48500000
75,San Ġwann,138,MT,49,MT-49,35.90773650,14.47524160
87,San Lawrenz,138,MT,50,MT-50,36.05530050,14.20395030
116,Sannat,138,MT,52,MT-52,36.02730220,14.24290170
94,Santa Luċija,138,MT,53,MT-53,35.85614200,14.50436000
90,Santa Venera,138,MT,54,MT-54,35.89022010,14.47669740
136,Senglea,138,MT,20,MT-20,35.88730410,14.51673710
98,Siġġiewi,138,MT,55,MT-55,35.85393540,14.43806300
104,Sliema,138,MT,56,MT-56,35.91100810,14.50290400
100,St. Julian's,138,MT,48,MT-48,35.91992250,14.48771190
139,St. Paul's Bay,138,MT,51,MT-51,35.94807420,14.39739290
86,Swieqi,138,MT,57,MT-57,35.91911820,14.46941860
122,Ta' Xbiex,138,MT,58,MT-58,35.89914480,14.49635190
103,Tarxien,138,MT,59,MT-59,35.86725520,14.51164050
95,Valletta,138,MT,60,MT-60,35.89890850,14.51455280
101,Victoria,138,MT,45,MT-45,36.04289070,14.23984790
114,Xagħra,138,MT,61,MT-61,36.05084500,14.26748200
121,Xewkija,138,MT,62,MT-62,36.02992360,14.25994370
81,Xgħajra,138,MT,63,MT-63,35.88682820,14.54723910
123,Żabbar,138,MT,64,MT-64,35.87247150,14.54513540
85,Żebbuġ Gozo,138,MT,65,MT-65,36.07164030,14.24540800
80,Żebbuġ Malta,138,MT,66,MT-66,35.87646480,14.43908400
135,Żejtun,138,MT,67,MT-67,35.85487140,14.53639690
76,Żurrieq,138,MT,68,MT-68,35.82946760,14.47451720
5303,Ayre,109,IM,01,IM-01,54.23592070,-4.51476690
5304,Garff,109,IM,02,IM-02,54.23592070,-4.51476690
5305,Glenfaba,109,IM,03,IM-03,54.23592070,-4.51476690
5306,Michael,109,IM,04,IM-04,54.23592070,-4.51476690
5307,Middle,109,IM,05,IM-05,54.23592070,-4.51476690
5308,Rushen,109,IM,06,IM-06,54.23592070,-4.51476690
5643,Ailinglaplap,139,MH,ALL,MH-ALL,7.50000000,168.73333333
5644,Ailuk,139,MH,ALK,MH-ALK,10.31666667,169.93333333
5645,Arno,139,MH,ARN,MH-ARN,7.08333333,171.70000000
5646,Aur,139,MH,AUR,MH-AUR,8.20000000,171.10000000
5647,Bikini & Kili,139,MH,KIL,MH-KIL,11.60000000,165.40000000
5648,Ebon,139,MH,EBO,MH-EBO,4.63333333,168.71666667
5649,Enewetak & Ujelang,139,MH,ENI,MH-ENI,11.50000000,162.33333333
5650,Jabat,139,MH,JAB,MH-JAB,7.75000000,168.96666667
5651,Jaluit,139,MH,JAL,MH-JAL,6.00000000,169.56666667
5652,Kwajalein,139,MH,KWA,MH-KWA,8.71666667,167.73333333
5653,Lae,139,MH,LAE,MH-LAE,8.93611111,166.23750000
5654,Lib,139,MH,LIB,MH-LIB,8.31305556,167.37777778
5655,Likiep,139,MH,LIK,MH-LIK,9.88498000,169.14345000
5656,Majuro,139,MH,MAJ,MH-MAJ,7.09180000,171.38020000
5657,Maloelap,139,MH,MAL,MH-MAL,8.75343611,171.04888889
5658,Mejit,139,MH,MEJ,MH-MEJ,10.28333333,170.88333333
5659,Mili,139,MH,MIL,MH-MIL,6.12621667,171.97998056
5660,Namdrik,139,MH,NMK,MH-NMK,5.61666667,168.11666667
5661,Namu,139,MH,NMU,MH-NMU,7.98333333,168.17361111
2574,Ralik,139,MH,L,MH-L,8.23081700,167.79532240
2573,Ratak,139,MH,T,MH-T,8.61505500,170.82055470
5662,Rongelap,139,MH,RON,MH-RON,11.31666667,166.78333333
5663,Ujae,139,MH,UJA,MH-UJA,9.05000000,165.65000000
5664,Utrik,139,MH,UTI,MH-UTI,11.26730556,169.78426111
5665,Wotho,139,MH,WTH,MH-WTH,10.10000000,165.96666667
5666,Wotje,139,MH,WTJ,MH-WTJ,9.43333333,170.01666667
5398,Fort-de-France,140,MQ,01,MQ-01,14.60279620,-61.06767240
5399,La Trinité,140,MQ,02,MQ-02,14.75531610,-61.02872260
5400,Le Marin,140,MQ,03,MQ-03,14.52518410,-60.96241510
5401,Saint-Pierre,140,MQ,04,MQ-04,14.74171830,-61.17639040
3344,Adrar,141,MR,07,MR-07,21.00906230,-10.22074490
3349,Assaba,141,MR,03,MR-03,16.58091850,-11.53637240
3339,Brakna,141,MR,05,MR-05,17.24756380,-13.40377140
3346,Dakhlet Nouadhibou,141,MR,08,MR-08,20.80195370,-16.00127080
3341,Gorgol,141,MR,04,MR-04,16.00622750,-12.83608340
3350,Guidimaka,141,MR,10,MR-10,15.37668960,-12.12466300
3338,Hodh Ech Chargui,141,MR,01,MR-01,18.19411120,-7.09216520
3351,Hodh El Gharbi,141,MR,02,MR-02,16.56939220,-9.83223660
3342,Inchiri,141,MR,12,MR-12,19.99227660,-15.11376700
3343,Nouakchott-Nord,141,MR,14,MR-14,18.10249450,-15.91928190
3352,Nouakchott-Ouest,141,MR,13,MR-13,18.11279450,-15.99302760
3347,Nouakchott-Sud,141,MR,15,MR-15,18.00339450,-15.96582900
3345,Tagant,141,MR,09,MR-09,18.57298930,-10.39379260
3340,Tiris Zemmour,141,MR,11,MR-11,24.19513920,-9.66641990
3348,Trarza,141,MR,06,MR-06,17.92264200,-14.84760170
3248,Agalega Islands,142,MU,AG,MU-AG,-10.38485780,56.61235250
3259,Black River,142,MU,BL,MU-BL,-20.32647920,57.41557850
3254,Flacq,142,MU,FL,MU-FL,-20.22173120,57.72232510
3264,Grand Port,142,MU,GP,MU-GP,-20.38972840,57.61607620
3253,Moka,142,MU,MO,MU-MO,-20.25213920,57.58722450
3250,Pamplemousses,142,MU,PA,MU-PA,-20.11360080,57.57592600
3263,Plaines Wilhems,142,MU,PW,MU-PW,-20.30538960,57.49596190
3260,Port Louis,142,MU,PL,MU-PL,-20.16089120,57.50122220
3261,Rivière du Rempart,142,MU,RR,MU-RR,-20.06699430,57.65063000
3249,Rodrigues Island,142,MU,RO,MU-RO,-19.71951490,63.41759380
3251,Saint Brandon Islands,142,MU,CC,MU-CC,-16.58333300,59.61666700
3257,Savanne,142,MU,SA,MU-SA,-20.45838600,57.48932970
5415,Acoua,143,YT,14,YT-14,-12.72432450,45.05893720
5417,Bandraboua,143,YT,16,YT-16,-12.70454820,45.12219260
5406,Bandrélé,143,YT,05,YT-05,-12.91335860,45.19286770
5408,Boueni,143,YT,07,YT-07,-12.91070860,45.08012560
5412,Chiconi,143,YT,11,YT-11,-12.83234970,45.11497660
5409,Chirongui,143,YT,08,YT-08,-12.93544000,45.14921570
5405,Dembeni,143,YT,04,YT-04,-12.84330810,45.18399540
5402,Dzaoudzi,143,YT,01,YT-01,-12.77606510,45.25632460
5407,Kani Keli,143,YT,06,YT-06,-12.95652220,45.10526060
5418,Koungou,143,YT,17,YT-17,-12.73575300,45.20674590
5414,M'Tsangamouji,143,YT,13,YT-13,-12.76019410,45.08768920
5404,Mamoudzou,143,YT,03,YT-03,-12.78041360,45.22797610
5416,Mtsamboro,143,YT,15,YT-15,-12.69969690,45.06799040
5411,Ouangani,143,YT,10,YT-10,-12.84982350,45.13986640
5403,Pamandzi,143,YT,02,YT-02,-12.79834460,45.27465150
5410,Sada,143,YT,09,YT-09,-12.85182890,45.09931690
5413,Tsingoni,143,YT,12,YT-12,-12.78972520,45.10380550
3456,Aguascalientes,144,MX,AGU,MX-AGU,21.88525620,-102.29156770
3457,Baja California,144,MX,BCN,MX-BCN,30.03389230,-115.14251070
3460,Baja California Sur,144,MX,BCS,MX-BCS,25.58180140,-111.57061640
3475,Campeche,144,MX,CAM,MX-CAM,19.83812150,-90.51982530
3451,Chiapas,144,MX,CHP,MX-CHP,16.50000010,-92.50000010
3447,Chihuahua,144,MX,CHH,MX-CHH,28.63299570,-106.06910040
3473,Ciudad de México,144,MX,CMX,MX-CMX,19.43260770,-99.13320800
3471,Coahuila de Zaragoza,144,MX,COA,MX-COA,27.33333310,-102.00000010
3472,Colima,144,MX,COL,MX-COL,19.24523420,-103.72408680
3453,Durango,144,MX,DUR,MX-DUR,24.83333300,-104.83333300
3450,Estado de México,144,MX,MEX,MX-MEX,19.48394460,-99.68997160
3469,Guanajuato,144,MX,GUA,MX-GUA,21.01901450,-101.25735860
3459,Guerrero,144,MX,GRO,MX-GRO,17.66666700,-100.00000000
3470,Hidalgo,144,MX,HID,MX-HID,24.16855450,-99.38737290
4857,Jalisco,144,MX,JAL,MX-JAL,20.33333310,-103.66666710
3474,Michoacán de Ocampo,144,MX,MIC,MX-MIC,19.20709800,-101.87811300
3465,Morelos,144,MX,MOR,MX-MOR,18.75000000,-99.00000000
3477,Nayarit,144,MX,NAY,MX-NAY,22.00000010,-105.00000010
3452,Nuevo León,144,MX,NLE,MX-NLE,26.23843630,-99.88730000
3448,Oaxaca,144,MX,OAX,MX-OAX,17.00000000,-96.50000000
3476,Puebla,144,MX,PUE,MX-PUE,19.04143980,-98.20627270
3455,Querétaro,144,MX,QUE,MX-QUE,20.58879320,-100.38988810
3467,Quintana Roo,144,MX,ROO,MX-ROO,19.66666710,-88.50000010
3461,San Luis Potosí,144,MX,SLP,MX-SLP,22.15164720,-100.97639930
3449,Sinaloa,144,MX,SIN,MX-SIN,25.00000010,-107.50000010
3468,Sonora,144,MX,SON,MX-SON,29.33333310,-110.66666710
3454,Tabasco,144,MX,TAB,MX-TAB,17.99992880,-92.66816590
3463,Tamaulipas,144,MX,TAM,MX-TAM,23.98915530,-98.70268250
3458,Tlaxcala,144,MX,TLA,MX-TLA,19.31815400,-98.23749540
3464,Veracruz de Ignacio de la Llave,144,MX,VER,MX-VER,19.33333300,-96.66666700
3466,Yucatán,144,MX,YUC,MX-YUC,20.68459570,-88.87556690
3462,Zacatecas,144,MX,ZAC,MX-ZAC,22.77538910,-102.57227060
2580,Chuuk,145,FM,TRK,FM-TRK,7.43937930,151.85155380
2583,Kosrae,145,FM,KSA,FM-KSA,5.30956180,162.98148770
2581,Pohnpei,145,FM,PNI,FM-PNI,6.88704670,158.24061380
2582,Yap,145,FM,YAP,FM-YAP,9.54626830,138.16515990
4368,Anenii Noi,146,MD,AN,MD-AN,46.87956630,29.23121750
4393,Bălți,146,MD,BA,MD-BA,47.76471360,27.91991600
4379,Basarabeasca,146,MD,BS,MD-BS,46.39852420,28.90220840
4362,Bender,146,MD,BD,MD-BD,46.82275510,29.46201010
4375,Briceni,146,MD,BR,MD-BR,48.36320220,27.07503980
4391,Cahul,146,MD,CA,MD-CA,45.90440870,28.19465830
4366,Călărași,146,MD,CL,MD-CL,47.27050860,28.28756850
4380,Cantemir,146,MD,CT,MD-CT,46.27717420,28.20096530
4365,Căușeni,146,MD,CS,MD-CS,46.65547150,29.40912220
4373,Chișinău,146,MD,CU,MD-CU,47.02451170,28.83229230
4360,Cimișlia,146,MD,CM,MD-CM,46.52508510,28.77218350
4390,Criuleni,146,MD,CR,MD-CR,47.21361140,29.15575190
4384,Dondușeni,146,MD,DO,MD-DO,48.23383050,27.59980870
4392,Drochia,146,MD,DR,MD-DR,48.11284410,27.80954190
4383,Dubăsari,146,MD,DU,MD-DU,47.26439420,29.15503480
4387,Edineț,146,MD,ED,MD-ED,48.16789910,27.29361430
4381,Fălești,146,MD,FA,MD-FA,47.57351410,27.70680160
4370,Florești,146,MD,FL,MD-FL,47.89914790,28.31326120
4385,Gagauzia,146,MD,GA,MD-GA,46.20702040,28.76362810
4367,Glodeni,146,MD,GL,MD-GL,47.77901560,27.51680100
4382,Hîncești,146,MD,HI,MD-HI,46.82811470,28.58508890
4369,Ialoveni,146,MD,IA,MD-IA,46.94376000,28.77672320
5667,Leova,146,MD,LE,MD-LE,46.50000000,28.41666667
4363,Nisporeni,146,MD,NI,MD-NI,47.07513490,28.17681550
4389,Ocnița,146,MD,OC,MD-OC,48.41104350,27.47680920
4361,Orhei,146,MD,OR,MD-OR,47.38604000,28.83030820
4394,Rezina,146,MD,RE,MD-RE,47.74892090,28.95657390
4376,Rîșcani,146,MD,RI,MD-RI,47.95359870,27.55144530
4364,Sîngerei,146,MD,SI,MD-SI,47.63891340,28.13718160
4388,Șoldănești,146,MD,SD,MD-SD,47.81473890,28.78895860
4374,Soroca,146,MD,SO,MD-SO,48.15497430,28.28707830
4378,Ștefan Vodă,146,MD,SV,MD-SV,46.51600240,29.66449730
4377,Strășeni,146,MD,ST,MD-ST,47.14502670,28.61367360
4372,Taraclia,146,MD,TA,MD-TA,45.89865100,28.66716440
4371,Telenești,146,MD,TE,MD-TE,47.49839620,28.36760190
4395,Transnistria,146,MD,SN,MD-SN,47.75986780,29.11760550
4386,Ungheni,146,MD,UN,MD-UN,47.20599650,27.79891700
5668,Fontvieille,147,MC,FO,MC-FO,43.72944444,7.41500000
5669,Jardin Exotique,147,MC,JE,MC-JE,43.73138889,7.41388889
4917,La Colle,147,MC,CL,MC-CL,43.73274650,7.41372760
4918,La Condamine,147,MC,CO,MC-CO,43.73506650,7.41990600
5670,La Gare,147,MC,GA,MC-GA,43.73190000,7.41680000
5671,La Source,147,MC,SO,MC-SO,43.73650000,7.41950000
5672,Larvotto,147,MC,LA,MC-LA,43.74666667,7.43333333
5673,Malbousquet,147,MC,MA,MC-MA,43.73450000,7.42150000
5674,Monaco-Ville,147,MC,MO,MC-MO,43.73110000,7.42000000
4919,Moneghetti,147,MC,MG,MC-MG,43.73649270,7.41533830
5675,Monte-Carlo,147,MC,MC,MC-MC,43.73972222,7.42722222
5676,Moulins,147,MC,MU,MC-MU,43.73890000,7.41850000
5677,Port-Hercule,147,MC,PH,MC-PH,43.73470000,7.42530000
5678,Saint-Roman,147,MC,SR,MC-SR,43.74530000,7.43180000
5679,Sainte-Dévote,147,MC,SD,MC-SD,43.73720000,7.42080000
5680,Spélugues,147,MC,SP,MC-SP,43.73920000,7.42510000
5681,Vallon de la Rousse,147,MC,VR,MC-VR,43.74010000,7.41750000
1973,Arkhangai,148,MN,073,MN-073,47.86264600,101.03162830
1969,Bayan-Ölgii,148,MN,071,MN-071,48.54700830,89.85493580
1976,Bayankhongor,148,MN,069,MN-069,45.23809370,99.51467990
1961,Bulgan,148,MN,067,MN-067,48.95214380,103.39655910
1962,Darkhan-Uul,148,MN,037,MN-037,49.37672910,106.29013840
1963,Dornod,148,MN,061,MN-061,47.67727810,115.21771550
1981,Dornogovi,148,MN,063,MN-063,44.41796370,109.77837530
1970,Dundgovi,148,MN,059,MN-059,45.51867220,106.26115620
1972,Govi-Altai,148,MN,065,MN-065,45.34631390,95.93258060
1978,Govisümber,148,MN,064,MN-064,46.46108270,108.51731010
1974,Khentii,148,MN,039,MN-039,47.88598100,110.42010430
1964,Khovd,148,MN,043,MN-043,46.89979770,92.29596510
1975,Khövsgöl,148,MN,041,MN-041,50.22061960,99.91704920
1967,Ömnögovi,148,MN,053,MN-053,43.28236300,104.11338640
1966,Orkhon,148,MN,035,MN-035,49.02437440,104.29988630
1965,Övörkhangai,148,MN,055,MN-055,45.82970390,102.72377690
1980,Selenge,148,MN,049,MN-049,49.39101360,107.06290340
1977,Sükhbaatar,148,MN,051,MN-051,46.20934170,113.50771960
1968,Töv,148,MN,047,MN-047,47.46925380,106.55251610
5453,Ulaanbaatar,148,MN,001,MN-001,47.91846760,106.91770160
1971,Uvs,148,MN,046,MN-046,49.63138870,92.95581860
1979,Zavkhan,148,MN,057,MN-057,48.31333550,96.28505060
23,Andrijevica,149,ME,01,ME-01,42.73624770,19.78595560
13,Bar,149,ME,02,ME-02,42.09797450,19.09545280
21,Berane,149,ME,03,ME-03,42.84357920,19.87287010
25,Bijelo Polje,149,ME,04,ME-04,43.03415950,19.74735590
30,Budva,149,ME,05,ME-05,42.28856560,18.84195050
14,Danilovgrad,149,ME,07,ME-07,42.55240490,19.10522890
24,Gusinje,149,ME,22,ME-22,42.55634550,19.83060510
5682,Herceg-Novi,149,ME,08,ME-08,42.45306000,18.53722000
31,Kolašin,149,ME,09,ME-09,42.82383870,19.52180050
26,Kotor,149,ME,10,ME-10,42.42492050,18.77133320
22,Mojkovac,149,ME,11,ME-11,42.96249080,19.57998990
17,Nikšić,149,ME,12,ME-12,42.77393880,18.94880970
28,Old Royal Capital Cetinje,149,ME,06,ME-06,42.47830570,18.89800590
12,Petnjica,149,ME,23,ME-23,42.92565700,19.98292190
19,Plav,149,ME,13,ME-13,42.60013370,19.94075410
20,Pljevlja,149,ME,14,ME-14,43.35656110,19.35847150
16,Plužine,149,ME,15,ME-15,43.15933840,18.85514840
27,Podgorica,149,ME,16,ME-16,42.44152380,19.26210810
15,Rožaje,149,ME,17,ME-17,42.84083890,20.16706280
18,Šavnik,149,ME,18,ME-18,42.95719700,19.09460430
29,Tivat,149,ME,19,ME-19,42.43037620,18.69881040
5683,Tuzi,149,ME,24,ME-24,42.36667000,19.40000000
33,Ulcinj,149,ME,20,ME-20,41.92601200,19.20555630
32,Žabljak,149,ME,21,ME-21,43.15551520,19.12260180
5684,Zeta,149,ME,25,ME-25,42.40000000,19.25000000
5421,Saint Anthony,150,MS,03,MS-03,16.70562450,-62.18553040
5420,Saint Georges,150,MS,02,MS-02,16.74847550,-62.19074720
5419,Saint Peter,150,MS,01,MS-01,16.77659810,-62.20007860
4928,Agadir-Ida-Ou-Tanane,151,MA,AGD,MA-AGD,30.42094920,-9.60442980
3320,Al Haouz,151,MA,HAO,MA-HAO,31.28067150,-7.92517710
3267,Al Hoceïma,151,MA,HOC,MA-HOC,35.24455890,-3.93174680
3266,Aousserd (EH),151,MA,AOU,MA-AOU,22.55215380,-14.32973530
3297,Assa-Zag (EH-partial),151,MA,ASZ,MA-ASZ,28.14023950,-9.72326730
3321,Azilal,151,MA,AZI,MA-AZI,31.95929500,-6.57099100
3272,Béni Mellal,151,MA,BEM,MA-BEM,32.33419300,-6.35333500
3278,Béni Mellal-Khénifra,151,MA,05,MA-05,32.64074980,-6.20710500
3304,Benslimane,151,MA,BES,MA-BES,33.61896980,-7.13055360
3285,Berkane,151,MA,BER,MA-BER,34.92667550,-2.32940870
4929,Berrechid,151,MA,BRR,MA-BRR,33.25860350,-7.61504690
3275,Boujdour (EH),151,MA,BOD,MA-BOD,26.12524930,-14.48473470
3270,Boulemane,151,MA,BOM,MA-BOM,33.36251590,-4.73033970
4930,Casablanca,151,MA,CAS,MA-CAS,33.59451440,-7.62002840
3303,Casablanca-Settat,151,MA,06,MA-06,33.26271280,-7.96390280
3310,Chefchaouen,151,MA,CHE,MA-CHE,35.16877480,-5.26834540
3274,Chichaoua,151,MA,CHI,MA-CHI,31.53835810,-8.76463880
3302,Chtouka-Ait Baha,151,MA,CHT,MA-CHT,30.00806010,-9.33344130
3306,Dakhla-Oued Ed-Dahab (EH),151,MA,12,MA-12,22.60439730,-19.83482410
3290,Drâa-Tafilalet,151,MA,08,MA-08,31.18354320,-5.13954350
4931,Driouch,151,MA,DRI,MA-DRI,34.97603200,-3.39644930
3291,El Hajeb,151,MA,HAJ,MA-HAJ,33.68573500,-5.36778440
3280,El Jadida,151,MA,JDI,MA-JDI,33.23163260,-8.50071160
3309,El Kelâa des Sraghna,151,MA,KES,MA-KES,32.05389210,-7.40686420
3299,Errachidia,151,MA,ERR,MA-ERR,31.92908900,-4.43408070
3292,Es-Semara (EH-partial),151,MA,ESM,MA-ESM,26.74185600,-11.67836710
3316,Essaouira,151,MA,ESI,MA-ESI,31.50849260,-9.75950410
3300,Fahs-Anjra,151,MA,FAH,MA-FAH,35.75182350,-5.58646520
4932,Fès,151,MA,FES,MA-FES,34.02619510,-5.02318490
3313,Fès-Meknès,151,MA,03,MA-03,33.83331360,-4.85563820
3301,Figuig,151,MA,FIG,MA-FIG,32.10926130,-1.22980600
4933,Fquih Ben Salah,151,MA,FQH,MA-FQH,32.42121480,-6.74707850
3265,Guelmim,151,MA,GUE,MA-GUE,28.98836590,-10.05274980
3305,Guelmim-Oued Noun (EH-partial),151,MA,10,MA-10,28.48442810,-10.08072980
4934,Guercif,151,MA,GUF,MA-GUF,34.22557600,-3.35234500
3325,Ifrane,151,MA,IFR,MA-IFR,33.52280620,-5.11095520
3294,Inezgane-Ait Melloul,151,MA,INE,MA-INE,30.34691720,-9.44084920
3307,Jerada,151,MA,JRA,MA-JRA,34.31053100,-2.15997900
3308,Kénitra,151,MA,KEN,MA-KEN,34.26457000,-6.57016900
3276,Khémisset,151,MA,KHE,MA-KHE,33.83028700,-6.07260500
3317,Khénifra,151,MA,KHN,MA-KHN,32.93404710,-5.66157100
3326,Khouribga,151,MA,KHO,MA-KHO,32.88564820,-6.90879800
3271,L'Oriental,151,MA,02,MA-02,34.68089970,-1.94071960
3293,Laâyoune (EH),151,MA,LAA,MA-LAA,27.15003840,-13.19907580
3298,Laâyoune-Sakia El Hamra (EH-partial),151,MA,11,MA-11,27.86831940,-11.98046130
3268,Larache,151,MA,LAR,MA-LAR,35.19523270,-6.15291300
4936,M’diq-Fnideq,151,MA,MDF,MA-MDF,35.76148060,-5.39941600
4935,Marrakech,151,MA,MAR,MA-MAR,31.62651210,-8.00301950
3288,Marrakesh-Safi,151,MA,07,MA-07,31.62582570,-7.98916080
3284,Médiouna,151,MA,MED,MA-MED,33.45409390,-7.51660200
4937,Meknès,151,MA,MEK,MA-MEK,33.89841310,-5.53215820
4938,Midelt,151,MA,MID,MA-MID,32.68034700,-4.73989700
4939,Mohammadia,151,MA,MOH,MA-MOH,33.69583830,-7.38932920
3315,Moulay Yacoub,151,MA,MOU,MA-MOU,34.08744790,-5.17840190
3281,Nador,151,MA,NAD,MA-NAD,35.17399220,-2.92811980
3287,Nouaceur,151,MA,NOU,MA-NOU,33.36703930,-7.57325370
3269,Ouarzazate,151,MA,OUA,MA-OUA,30.92019300,-6.91092300
3319,Oued Ed-Dahab (EH),151,MA,OUD,MA-OUD,22.73378920,-14.28611160
4941,Ouezzane,151,MA,OUZ,MA-OUZ,34.80715020,-5.57609340
4940,Oujda-Angad,151,MA,OUJ,MA-OUJ,34.66746800,-2.03658370
4942,Rabat,151,MA,RAB,MA-RAB,34.02184540,-6.84089290
4927,Rabat-Salé-Kénitra,151,MA,04,MA-04,33.92043320,-6.36760930
4943,Rehamna,151,MA,REH,MA-REH,32.46374360,-7.90878220
3311,Safi,151,MA,SAF,MA-SAF,32.26507760,-9.23055400
4944,Salé,151,MA,SAL,MA-SAL,34.04488900,-6.81401700
3289,Sefrou,151,MA,SEF,MA-SEF,33.83052440,-4.83531540
3282,Settat,151,MA,SET,MA-SET,33.00239700,-7.61986700
4945,Sidi Bennour,151,MA,SIB,MA-SIB,32.65077920,-8.42420870
4946,Sidi Ifni,151,MA,SIF,MA-SIF,29.37912530,-10.17156320
3279,Sidi Kacem,151,MA,SIK,MA-SIK,34.22601720,-5.71291640
4952,Sidi Slimane,151,MA,SIL,MA-SIL,34.25987800,-5.92725300
4947,Skhirate-Témara,151,MA,SKH,MA-SKH,33.75633750,-6.87994280
3295,Souss-Massa,151,MA,09,MA-09,30.18772200,-8.63224980
3286,Tan-Tan (EH-partial),151,MA,TNT,MA-TNT,28.03012000,-11.16173560
4950,Tanger-Assilah,151,MA,TNG,MA-TNG,35.76256810,-5.82950620
3324,Tanger-Tétouan-Al Hoceïma,151,MA,01,MA-01,35.20294100,-5.55101670
3323,Taounate,151,MA,TAO,MA-TAO,34.53691700,-4.63986930
3322,Taourirt,151,MA,TAI,MA-TAI,34.41343800,-2.89382500
4948,Tarfaya (EH-partial),151,MA,TAF,MA-TAF,27.93777010,-12.92940630
3314,Taroudannt,151,MA,TAR,MA-TAR,30.47271260,-8.87487650
3312,Tata,151,MA,TAT,MA-TAT,29.75087700,-7.97563430
3296,Taza,151,MA,TAZ,MA-TAZ,34.23015500,-4.01010400
3318,Tétouan,151,MA,TET,MA-TET,35.57017500,-5.37427760
4949,Tinghir,151,MA,TIN,MA-TIN,31.31731240,-5.74942320
3277,Tiznit,151,MA,TIZ,MA-TIZ,29.69339200,-9.73215700
4951,Youssoufia,151,MA,YUS,MA-YUS,32.24580100,-8.53243900
3283,Zagora,151,MA,ZAG,MA-ZAG,30.32790530,-5.83699570
3327,Cabo Delgado,152,MZ,P,MZ-P,-12.42549420,39.41687430
3329,Gaza,152,MZ,G,MZ-G,-23.32839800,32.80660570
3330,Inhambane,152,MZ,I,MZ-I,-22.77911600,34.56617410
3337,Manica,152,MZ,B,MZ-B,-19.04009950,33.43181370
3332,Maputo,152,MZ,L,MZ-L,-25.54451670,32.45787530
3335,Maputo,152,MZ,MPM,MZ-MPM,-25.54451670,32.45787530
3336,Nampula,152,MZ,N,MZ-N,-14.96696900,39.27077520
3333,Niassa,152,MZ,A,MZ-A,-13.06385770,36.46699640
3331,Sofala,152,MZ,S,MZ-S,-19.07716660,34.71648040
3334,Tete,152,MZ,T,MZ-T,-15.52051930,32.76827420
3328,Zambezia,152,MZ,Q,MZ-Q,-16.64601780,36.99193200
2142,Ayeyarwady,153,MM,07,MM-07,16.83400790,95.18047050
2141,Bago,153,MM,02,MM-02,17.33666700,96.47972200
2137,Chin,153,MM,14,MM-14,22.01824200,93.50380350
2143,Kachin,153,MM,11,MM-11,26.02076560,97.49192580
2144,Kayah,153,MM,12,MM-12,19.28125050,97.32918060
2133,Kayin,153,MM,13,MM-13,17.18631350,97.74993160
2136,Magway,153,MM,03,MM-03,20.14914580,94.92135180
2134,Mandalay,153,MM,04,MM-04,21.95968340,96.09487430
2147,Mon State,153,MM,15,MM-15,17.08325460,97.33373050
2146,Naypyidaw,153,MM,18,MM-18,19.77532890,96.10325520
2138,Rakhine,153,MM,16,MM-16,19.52129910,94.00724280
2145,Sagaing,153,MM,01,MM-01,24.47684860,95.47474000
2139,Shan,153,MM,17,MM-17,21.51224040,98.00983620
2140,Tanintharyi,153,MM,05,MM-05,12.10915460,98.81652560
2135,Yangon,153,MM,06,MM-06,16.79671290,96.16099160
43,Erongo,154,NA,ER,NA-ER,-22.02781470,15.38935800
38,Hardap,154,NA,HA,NA-HA,-24.41409440,17.41340510
45,Karas,154,NA,KA,NA-KA,-26.87520940,17.76348180
36,Kavango East,154,NA,KE,NA-KE,-18.39823550,20.72468000
35,Kavango West,154,NA,KW,NA-KW,-18.25611100,18.97020100
44,Khomas,154,NA,KH,NA-KH,-22.90825530,17.09198000
34,Kunene,154,NA,KU,NA-KU,-19.67928090,13.97565640
40,Ohangwena,154,NA,OW,NA-OW,-17.58773690,16.77379550
41,Omaheke,154,NA,OH,NA-OH,-21.90746760,19.39296610
39,Omusati,154,NA,OS,NA-OS,-18.28623140,14.88566790
37,Oshana,154,NA,ON,NA-ON,-18.47023080,15.74344190
42,Oshikoto,154,NA,OT,NA-OT,-18.54640460,17.10196060
46,Otjozondjupa,154,NA,OD,NA-OD,-19.94249620,18.39588600
47,Zambezi,154,NA,CA,NA-CA,-17.69129220,24.13773710
4656,Aiwo,155,NR,01,NR-01,-0.53400120,166.91388730
4658,Anabar,155,NR,02,NR-02,-0.51335170,166.94846240
4667,Anetan,155,NR,03,NR-03,-0.50643430,166.94270060
4663,Anibare,155,NR,04,NR-04,-0.52947580,166.95134320
4660,Baiti,155,NR,05,NR-05,-0.51043100,166.92757440
4665,Boe,155,NR,06,NR-06,-0.54230030,166.91606090
4662,Buada,155,NR,07,NR-07,-0.53287770,166.92685410
4666,Denigomodu,155,NR,08,NR-08,-0.52479640,166.91676890
4654,Ewa,155,NR,09,NR-09,-0.50872410,166.93693840
4661,Ijuw,155,NR,10,NR-10,-0.52027670,166.95710460
4657,Meneng,155,NR,11,NR-11,-0.54672400,166.93837900
4659,Nibok,155,NR,12,NR-12,-0.51962080,166.91893010
4655,Uaboe,155,NR,13,NR-13,-0.52022220,166.93117610
4664,Yaren,155,NR,14,NR-14,-0.54668570,166.92109130
2073,Bagmati,156,NP,P3,NP-P3,27.48451080,85.29297580
2069,Gandaki,156,NP,P4,NP-P4,28.37403240,84.05133240
2068,Karnali,156,NP,P6,NP-P6,29.20272000,81.61452140
2066,Koshi,156,NP,P1,NP-P1,26.56028710,87.00665820
2067,Lumbini,156,NP,P5,NP-P5,28.06546260,82.53564200
5240,Madhesh,156,NP,P2,NP-P2,26.90666750,85.70696350
5241,Sudurpashchim,156,NP,P7,NP-P7,29.43339330,81.01397750
2613,Drenthe,157,NL,DR,NL-DR,52.90679220,6.63684230
2619,Flevoland,157,NL,FL,NL-FL,52.44843750,5.42353970
2622,Friesland,157,NL,FR,NL-FR,53.09236890,5.77704300
2611,Gelderland,157,NL,GE,NL-GE,52.10140410,5.95157010
2617,Groningen,157,NL,GR,NL-GR,53.21938350,6.56650170
2615,Limburg,157,NL,LI,NL-LI,51.20151960,5.90463020
2623,North Brabant,157,NL,NB,NL-NB,51.60177230,5.44413910
2612,North Holland,157,NL,NH,NL-NH,52.72128250,4.82066500
2618,Overijssel,157,NL,OV,NL-OV,52.42541430,6.46106110
2614,South Holland,157,NL,ZH,NL-ZH,51.99667920,4.55973970
2610,Utrecht,157,NL,UT,NL-UT,52.09073740,5.12142010
2620,Zeeland,157,NL,ZE,NL-ZE,51.41629750,3.70280610
5227,Loyalty Islands Province,158,NC,03,NC-03,-20.97296600,167.28842950
5226,North Province,158,NC,02,NC-02,-20.14725120,164.12375680
5225,South Province,158,NC,01,NC-01,-22.27584210,166.64179460
4072,Auckland,159,NZ,AUK,NZ-AUK,-36.85209500,174.76318030
4074,Bay of Plenty,159,NZ,BOP,NZ-BOP,-37.49691850,176.92283490
4066,Canterbury,159,NZ,CAN,NZ-CAN,-43.49417620,171.80984480
4067,Chatham Islands,159,NZ,CIT,NZ-CIT,-43.91753400,-176.18734000
4068,Gisborne,159,NZ,GIS,NZ-GIS,-38.15322870,178.13675240
4075,Hawke's Bay,159,NZ,HKB,NZ-HKB,-39.52565120,176.76114570
4060,Manawatu-Whanganui,159,NZ,MWT,NZ-MWT,-39.64077340,175.57135570
4063,Marlborough,159,NZ,MBH,NZ-MBH,-41.47447470,173.83302630
4070,Nelson,159,NZ,NSN,NZ-NSN,-41.27108490,173.28367560
4059,Northland,159,NZ,NTL,NZ-NTL,-35.37550910,173.94701060
4062,Otago,159,NZ,OTA,NZ-OTA,-45.39750530,170.17789180
4071,Southland,159,NZ,STL,NZ-STL,-45.92542660,167.60684830
4069,Taranaki,159,NZ,TKI,NZ-TKI,-39.38480640,174.19735050
4073,Tasman,159,NZ,TAS,NZ-TAS,-41.30222100,172.89453190
4061,Waikato,159,NZ,WKO,NZ-WKO,-37.77922720,175.20103240
4065,Wellington,159,NZ,WGN,NZ-WGN,-41.22354740,175.41575760
4064,West Coast,159,NZ,WTC,NZ-WTC,-42.56388960,171.45233400
946,Boaco,160,NI,BO,NI-BO,12.46928400,-85.66146820
950,Carazo,160,NI,CA,NI-CA,11.66199850,-86.31256970
954,Chinandega,160,NI,CI,NI-CI,12.77779620,-87.26958400
940,Chontales,160,NI,CO,NI-CO,11.98767530,-85.18607980
945,Estelí,160,NI,ES,NI-ES,13.09312410,-86.35544360
943,Granada,160,NI,GR,NI-GR,11.93440730,-85.95600050
955,Jinotega,160,NI,JI,NI-JI,13.08839070,-85.99939970
944,León,160,NI,LE,NI-LE,12.50920370,-86.66110830
948,Madriz,160,NI,MD,NI-MD,13.42728710,-86.40162200
941,Managua,160,NI,MN,NI-MN,12.10805850,-86.35058080
953,Masaya,160,NI,MS,NI-MS,11.97364740,-86.09605470
947,Matagalpa,160,NI,MT,NI-MT,12.94032300,-85.69609420
951,North Caribbean Coast,160,NI,AN,NI-AN,14.05574990,-83.74757650
4964,Nueva Segovia,160,NI,NS,NI-NS,13.77190230,-86.05845420
949,Río San Juan,160,NI,SJ,NI-SJ,11.30800260,-84.75506930
942,Rivas,160,NI,RI,NI-RI,11.34346870,-85.71596240
952,South Caribbean Coast,160,NI,AS,NI-AS,12.17932750,-83.77740510
71,Agadez,161,NE,1,NE-1,19.42111150,10.68469870
72,Diffa,161,NE,2,NE-2,13.48808750,12.51362660
68,Dosso,161,NE,3,NE-3,13.16580090,3.30680750
70,Maradi,161,NE,4,NE-4,14.22400000,7.47178770
5685,Niamey,161,NE,8,NE-8,13.51361111,2.10888889
73,Tahoua,161,NE,5,NE-5,16.15767450,5.32826520
67,Tillabéri,161,NE,6,NE-6,13.72510680,1.69614560
69,Zinder,161,NE,7,NE-7,15.17870000,9.70741080
303,Abia,162,NG,AB,NG-AB,5.45409530,7.51530710
293,Abuja Federal Capital Territory,162,NG,FC,NG-FC,8.83112280,7.17246730
320,Adamawa,162,NG,AD,NG-AD,9.51297720,12.38818870
304,Akwa Ibom,162,NG,AK,NG-AK,4.99063790,7.79662050
315,Anambra,162,NG,AN,NG-AN,6.21831360,6.95318420
312,Bauchi,162,NG,BA,NG-BA,10.62282840,10.02877540
305,Bayelsa,162,NG,BY,NG-BY,4.76297860,6.02889800
291,Benue,162,NG,BE,NG-BE,7.35057470,8.77728770
307,Borno,162,NG,BO,NG-BO,12.18753920,13.30800340
314,Cross River,162,NG,CR,NG-CR,5.86719660,8.52047740
316,Delta,162,NG,DE,NG-DE,5.52730610,6.17841670
311,Ebonyi,162,NG,EB,NG-EB,6.19969180,8.03489060
318,Edo,162,NG,ED,NG-ED,6.60765750,5.97227130
309,Ekiti,162,NG,EK,NG-EK,7.73689100,5.27383260
289,Enugu,162,NG,EN,NG-EN,6.55360940,7.41430610
310,Gombe,162,NG,GO,NG-GO,10.43040180,11.20654080
308,Imo,162,NG,IM,NG-IM,5.58594560,7.06696510
288,Jigawa,162,NG,JI,NG-JI,12.32523620,9.51032960
294,Kaduna,162,NG,KD,NG-KD,10.38253180,7.85332260
300,Kano,162,NG,KN,NG-KN,11.89483890,8.53641360
313,Katsina,162,NG,KT,NG-KT,12.56308250,7.62070630
290,Kebbi,162,NG,KE,NG-KE,11.41675740,4.10745450
298,Kogi,162,NG,KO,NG-KO,7.79496020,6.68686690
295,Kwara,162,NG,KW,NG-KW,8.83678910,4.66884870
306,Lagos,162,NG,LA,NG-LA,6.45505750,3.39417950
301,Nasarawa,162,NG,NA,NG-NA,8.43878680,8.23828490
317,Niger,162,NG,NI,NG-NI,9.93260830,5.65110880
323,Ogun,162,NG,OG,NG-OG,6.97885820,3.43892930
321,Ondo,162,NG,ON,NG-ON,7.02096860,5.05674770
322,Osun,162,NG,OS,NG-OS,7.54840470,4.49783070
296,Oyo,162,NG,OY,NG-OY,8.21512490,3.56428970
302,Plateau,162,NG,PL,NG-PL,9.05834460,9.68262890
4926,Rivers,162,NG,RI,NG-RI,4.84160280,6.86040880
292,Sokoto,162,NG,SO,NG-SO,13.06111950,5.31522030
319,Taraba,162,NG,TA,NG-TA,8.01413340,10.73763360
297,Yobe,162,NG,YO,NG-YO,12.12332420,11.50659370
299,Zamfara,162,NG,ZA,NG-ZA,12.00789980,6.41914320
5435,Alofi North,163,NU,14,NU-14,-19.04889770,-169.91909050
5434,Alofi South,163,NU,13,NU-13,-19.05483600,-169.91988460
5432,Avatele,163,NU,11,NU-11,-19.12373020,-169.91656780
5430,Hakupu,163,NU,09,NU-09,-19.12872750,-169.84921230
5425,Hikutavake,163,NU,04,NU-04,-18.96563260,-169.88063600
5428,Lakepa,163,NU,07,NU-07,-19.00964250,-169.81200460
5429,Liku,163,NU,08,NU-08,-19.05369070,-169.79425910
5422,Makefu,163,NU,01,NU-01,-19.00326180,-169.92047320
5427,Mutalau,163,NU,06,NU-06,-18.96393850,-169.83278630
5424,Namukulu,163,NU,03,NU-03,-18.98122750,-169.90294220
5433,Tamakautoga,163,NU,12,NU-12,-19.10452400,-169.91738200
5426,Toi,163,NU,05,NU-05,-18.97376000,-169.86297740
5423,Tuapa,163,NU,02,NU-02,-18.99125070,-169.90920780
5431,Vaiea,163,NU,10,NU-10,-19.13083580,-169.89380120
3998,Chagang,119,KP,04,KP-04,40.71985360,126.53905600
5719,Kaesong,119,KP,15,KP-15,37.97166667,126.55277778
3999,Kangwon,119,KP,07,KP-07,38.83543490,127.51465470
5718,Nampho,119,KP,14,KP-14,38.73555556,125.40888889
3995,North Hamgyong,119,KP,09,KP-09,41.90987230,129.36905600
4004,North Hwanghae,119,KP,06,KP-06,38.57096320,126.24657230
4002,North Pyongan,119,KP,03,KP-03,40.06428470,125.23562220
4005,Pyongyang,119,KP,01,KP-01,39.01679790,125.74736090
4001,Rason,119,KP,13,KP-13,42.24973160,130.31132960
3996,Ryanggang,119,KP,10,KP-10,41.09978980,128.16903460
4000,South Hamgyong,119,KP,08,KP-08,40.11991800,127.59909890
4003,South Hwanghae,119,KP,05,KP-05,38.26282620,125.47690100
3997,South Pyongan,119,KP,02,KP-02,39.54165050,126.06476450
703,Aerodrom,165,MK,801,MK-801,41.96780280,21.50902200
656,Aračinovo,165,MK,802,MK-802,42.02529650,21.55776590
716,Berovo,165,MK,201,MK-201,41.66973820,22.81737350
679,Bitola,165,MK,501,MK-501,41.03633020,21.33219740
649,Bogdanci,165,MK,401,MK-401,41.18696160,22.59602680
721,Bogovinje,165,MK,601,MK-601,41.92363710,20.91638870
652,Bosilovo,165,MK,402,MK-402,41.48151190,22.77538150
660,Brvenica,165,MK,602,MK-602,41.96814820,20.98195860
694,Butel,165,MK,803,MK-803,42.08950680,21.46336100
704,Čair,165,MK,815,MK-815,42.01067110,21.43820770
676,Čaška,165,MK,109,MK-109,41.64743800,21.69141150
702,Centar,165,MK,814,MK-814,41.99429550,21.43024940
720,Centar Župa,165,MK,313,MK-313,41.46522590,20.59305480
644,Češinovo-Obleševo,165,MK,210,MK-210,41.87534490,22.29000450
715,Čučer-Sandevo,165,MK,816,MK-816,42.09948690,21.38686110
5726,Debar,165,MK,303,MK-303,41.52306550,20.52383890
645,Debarca,165,MK,304,MK-304,41.99643190,21.42394420
695,Delčevo,165,MK,203,MK-203,41.96683440,22.77677220
687,Demir Hisar,165,MK,502,MK-502,41.21989670,21.20208720
655,Demir Kapija,165,MK,103,MK-103,41.40871360,22.24185710
697,Dojran,165,MK,406,MK-406,41.22531180,22.70402940
675,Dolneni,165,MK,503,MK-503,41.48180580,21.40604440
707,Gazi Baba,165,MK,804,MK-804,41.99844460,21.47372490
648,Gevgelija,165,MK,405,MK-405,41.13886640,22.50331920
722,Gjorče Petrov,165,MK,805,MK-805,42.01746480,21.36427530
693,Gostivar,165,MK,604,MK-604,41.79202220,20.90817030
708,Gradsko,165,MK,102,MK-102,41.61335680,21.88607700
690,Ilinden,165,MK,807,MK-807,41.99574430,21.56769750
678,Jegunovce,165,MK,606,MK-606,42.07407200,21.12204780
674,Karbinci,165,MK,205,MK-205,41.81801590,22.23247580
681,Karpoš,165,MK,808,MK-808,42.00622790,21.38625690
713,Kavadarci,165,MK,104,MK-104,41.43328020,22.01225930
688,Kičevo,165,MK,307,MK-307,41.51291120,20.95250650
686,Kisela Voda,165,MK,809,MK-809,41.97942650,21.43960020
723,Kočani,165,MK,206,MK-206,41.92113320,22.41141820
665,Konče,165,MK,407,MK-407,41.52056340,22.40363430
641,Kratovo,165,MK,701,MK-701,42.09621630,22.16867350
677,Kriva Palanka,165,MK,702,MK-702,42.20584540,22.33079650
647,Krivogaštani,165,MK,504,MK-504,41.32383760,21.38185190
714,Kruševo,165,MK,505,MK-505,41.37203240,21.24843510
683,Kumanovo,165,MK,703,MK-703,42.13591300,21.71854740
659,Lipkovo,165,MK,704,MK-704,42.16582090,21.58434970
705,Lozovo,165,MK,105,MK-105,41.78181390,21.90008270
701,Makedonska Kamenica,165,MK,207,MK-207,42.02190960,22.58871900
692,Makedonski Brod,165,MK,308,MK-308,41.51330880,21.21743290
669,Mavrovo and Rostuša,165,MK,607,MK-607,41.64411670,20.65908930
653,Mogila,165,MK,506,MK-506,41.17687760,21.40789680
664,Negotino,165,MK,106,MK-106,41.48442290,22.09059030
696,Novaci,165,MK,507,MK-507,41.04426610,21.45888940
718,Novo Selo,165,MK,408,MK-408,41.41263250,22.88355560
699,Ohrid,165,MK,310,MK-310,41.11702030,20.80177150
685,Pehčevo,165,MK,208,MK-208,41.76357290,22.88730170
698,Petrovec,165,MK,810,MK-810,41.90298970,21.68992100
670,Plasnica,165,MK,311,MK-311,41.45463490,21.10565390
666,Prilep,165,MK,508,MK-508,41.34449840,21.55271150
646,Probištip,165,MK,209,MK-209,41.95891460,22.16686700
709,Radoviš,165,MK,409,MK-409,41.64955310,22.47682870
717,Rankovce,165,MK,705,MK-705,42.16862010,22.11655180
712,Resen,165,MK,509,MK-509,41.03276740,20.99177890
691,Rosoman,165,MK,107,MK-107,41.50023710,21.90573220
667,Saraj,165,MK,811,MK-811,41.99991610,21.32819700
719,Sopište,165,MK,812,MK-812,41.84849730,21.29715590
643,Staro Nagoričane,165,MK,706,MK-706,42.19901880,21.82941610
661,Štip,165,MK,211,MK-211,41.73747240,22.19358560
700,Struga,165,MK,312,MK-312,41.17702780,20.67905860
710,Strumica,165,MK,410,MK-410,41.43780040,22.64274280
711,Studeničani,165,MK,813,MK-813,41.92256390,21.53639650
680,Šuto Orizari,165,MK,817,MK-817,42.04054530,21.42359100
640,Sveti Nikole,165,MK,108,MK-108,41.86473390,21.94205060
654,Tearce,165,MK,608,MK-608,42.07775110,21.05349230
663,Tetovo,165,MK,609,MK-609,42.00682970,20.97285560
671,Valandovo,165,MK,403,MK-403,41.33738040,22.51567520
658,Vasilevo,165,MK,404,MK-404,41.47416990,22.64221280
651,Veles,165,MK,101,MK-101,41.71886900,21.77056950
662,Vevčani,165,MK,301,MK-301,41.24075430,20.59156490
672,Vinica,165,MK,202,MK-202,41.86073990,22.59284540
689,Vrapčište,165,MK,603,MK-603,41.87911600,20.83145000
706,Zelenikovo,165,MK,806,MK-806,41.88604080,21.58696710
668,Želino,165,MK,605,MK-605,41.92629230,21.11757820
673,Zrnovci,165,MK,204,MK-204,41.83737140,22.42870130
1014,Agder,167,NO,42,NO-42,58.71944230,8.03496350
5448,Akershus,167,NO,32,NO-32,60.03122150,11.31746190
5449,Buskerud,167,NO,33,NO-33,60.24978760,8.96278680
1015,Finnmark,167,NO,56,NO-56,69.96977350,24.76857880
1009,Innlandet,167,NO,34,NO-34,63.10478260,7.73517930
1026,Jan Mayen,167,NO,22,NO-22,70.99314710,-8.35206590
1020,Møre og Romsdal,167,NO,15,NO-15,62.84527770,7.51819410
1025,Nordland,167,NO,18,NO-18,67.27564050,13.86236060
1007,Oslo,167,NO,03,NO-03,59.91386880,10.75224540
5450,Østfold,167,NO,31,NO-31,59.26693020,11.20857190
1021,Rogaland,167,NO,11,NO-11,58.93631370,5.80587860
1013,Svalbard,167,NO,21,NO-21,78.71985190,20.34933280
1024,Telemark,167,NO,40,NO-40,59.39626760,8.66266000
5451,Troms,167,NO,55,NO-55,69.53110710,19.52968390
1006,Trøndelag,167,NO,50,NO-50,63.87759240,10.19505050
5452,Vestfold,167,NO,39,NO-39,59.19548570,10.26626160
1018,Vestland,167,NO,46,NO-46,60.92910110,6.10788690
3058,Ad Dakhiliyah,168,OM,DA,OM-DA,22.22597520,57.36927220
3047,Ad Dhahirah,168,OM,ZA,OM-ZA,22.65052320,56.06162950
3048,Al Batinah North,168,OM,BS,OM-BS,24.23718790,56.57011980
3049,Al Batinah South,168,OM,BJ,OM-BJ,23.36739110,57.47378630
3059,Al Buraimi,168,OM,BU,OM-BU,24.16149480,56.14641020
3056,Al Wusta,168,OM,WU,OM-WU,19.72503470,56.43136710
3053,Ash Sharqiyah North,168,OM,SS,OM-SS,22.20247380,58.51590720
3054,Ash Sharqiyah South,168,OM,SJ,OM-SJ,21.90987800,59.30781170
3057,Dhofar,168,OM,ZU,OM-ZU,18.33688290,54.20929940
3052,Musandam,168,OM,MU,OM-MU,26.15232150,56.32948950
3055,Muscat,168,OM,MA,OM-MA,23.61236280,58.59381340
3172,Azad Kashmir,169,PK,JK,PK-JK,33.84412000,73.79664200
3174,Balochistan,169,PK,BA,PK-BA,28.00000000,66.00000000
3170,Gilgit-Baltistan,169,PK,GB,PK-GB,35.99999720,75.00000230
3169,Islamabad,169,PK,IS,PK-IS,33.69381180,73.06515110
3171,Khyber Pakhtunkhwa,169,PK,KP,PK-KP,33.71280200,71.26788050
3176,Punjab,169,PK,PB,PK-PB,31.00000000,72.00000000
3175,Sindh,169,PK,SD,PK-SD,25.50000000,69.00000000
4540,Aimeliik,170,PW,002,PW-002,7.56514970,134.14696650
4528,Airai,170,PW,004,PW-004,7.35993420,134.56011540
4538,Angaur,170,PW,010,PW-010,6.90922300,134.13879340
4529,Hatohobei,170,PW,050,PW-050,3.00706580,131.12377810
4539,Kayangel,170,PW,100,PW-100,8.08224910,134.71896330
4532,Koror,170,PW,150,PW-150,7.33374870,134.47628060
4530,Melekeok,170,PW,212,PW-212,7.47260130,134.75487430
4537,Ngaraard,170,PW,214,PW-214,7.64245290,134.73280640
4533,Ngarchelong,170,PW,218,PW-218,7.84672350,134.47330140
4527,Ngardmau,170,PW,222,PW-222,7.72678900,134.27654860
4531,Ngatpang,170,PW,224,PW-224,7.61175910,134.17997320
4536,Ngchesar,170,PW,226,PW-226,7.41771600,134.71149470
4541,Ngeremlengui,170,PW,227,PW-227,7.65902070,134.21200440
4534,Ngiwal,170,PW,228,PW-228,7.54073160,134.72982020
4526,Peleliu,170,PW,350,PW-350,7.01137970,134.24606500
4535,Sonsorol,170,PW,370,PW-370,5.32681190,132.22391170
5118,Bethlehem,171,PS,BTH,PS-BTH,31.70539960,35.19368770
5119,Deir El Balah,171,PS,DEB,PS-DEB,31.42028970,34.28616400
5120,Gaza,171,PS,GZA,PS-GZA,31.48723970,34.14998900
5121,Hebron,171,PS,HBN,PS-HBN,31.53260010,35.06394750
5122,Jenin,171,PS,JEN,PS-JEN,32.42637610,35.08568870
5123,Jericho ,171,PS,JRH,PS-JRH,31.96764250,35.13542790
5124,Jerusalem (Quds),171,PS,JEM,PS-JEM,31.80203280,34.95996640
5125,Khan Yunis,171,PS,KYS,PS-KYS,31.32987660,34.22548330
5126,Nablus,171,PS,NBS,PS-NBS,32.22437550,35.20647930
5127,North Gaza,171,PS,NGZ,PS-NGZ,31.54750600,34.42814090
5128,Qalqilya,171,PS,QQA,PS-QQA,32.18103230,34.99369990
5129,Rafah,171,PS,RFH,PS-RFH,31.29688990,34.11166850
5130,Ramallah,171,PS,RBH,PS-RBH,31.94301450,34.86456510
5131,Salfit,171,PS,SLT,PS-SLT,32.11122720,34.95787690
5132,Tubas,171,PS,TBS,PS-TBS,32.29380430,34.85109800
5133,Tulkarm,171,PS,TKM,PS-TKM,32.32766720,34.92311080
1393,Bocas del Toro,172,PA,1,PA-1,9.34029640,-82.24181690
1397,Chiriquí Province,172,PA,4,PA-4,9.02873510,-79.62238690
1387,Coclé,172,PA,2,PA-2,8.57431370,-80.44490590
1386,Colón,172,PA,3,PA-3,9.23530850,-80.25325260
1385,Darién,172,PA,5,PA-5,8.21589910,-78.01725510
1396,Emberá-Wounaan Comarca,172,PA,EM,PA-EM,8.42107540,-77.59226900
1388,Guna,172,PA,KY,PA-KY,9.15914090,-78.45530830
1389,Herrera,172,PA,6,PA-6,7.85443800,-80.74363130
1390,Los Santos,172,PA,7,PA-7,7.87734710,-80.42906170
5686,Naso Tjër Di,172,PA,NT,PA-NT,9.24440000,-82.73530000
1391,Ngöbe-Buglé Comarca,172,PA,NB,PA-NB,8.79324400,-81.76826940
1395,Panamá,172,PA,8,PA-8,8.97144930,-79.53418020
1394,Panamá Oeste,172,PA,10,PA-10,8.73008700,-79.87558170
1392,Veraguas,172,PA,9,PA-9,8.24141310,-81.09034640
4831,Bougainville,173,PG,NSB,PG-NSB,-6.14412830,155.20593390
4847,Central,173,PG,CPM,PG-CPM,-10.00000000,148.00000000
4846,Chimbu,173,PG,CPK,PG-CPK,-6.25000000,144.83333300
4834,East New Britain,173,PG,EBR,PG-EBR,-5.13862780,151.90201870
5228,East Sepik,173,PG,ESW,PG-ESW,-4.35554100,143.23251620
4845,Eastern Highlands,173,PG,EHG,PG-EHG,-6.50000000,145.58333300
4848,Enga,173,PG,EPW,PG-EPW,-5.67259370,143.64369420
4839,Gulf,173,PG,GPK,PG-GPK,-7.55564110,144.88500360
4833,Hela,173,PG,HLA,PG-HLA,-5.77297760,142.77924770
4832,Jiwaka,173,PG,JWK,PG-JWK,-5.57976040,144.61375200
4843,Madang,173,PG,MPM,PG-MPM,-5.00000000,145.50000000
4842,Manus,173,PG,MRL,PG-MRL,-2.10326450,146.93254480
4849,Milne Bay,173,PG,MBA,PG-MBA,-10.02264910,151.58002880
4835,Morobe,173,PG,MPL,PG-MPL,-7.00000000,147.00000000
4841,New Ireland,173,PG,NIK,PG-NIK,-3.70214720,152.43600210
4838,Oro,173,PG,NPP,PG-NPP,-9.00000000,148.50000000
4837,Port Moresby,173,PG,NCD,PG-NCD,-9.47433010,147.15995040
4836,Sandaun,173,PG,SAN,PG-SAN,-3.50000000,142.00000000
4844,Southern Highlands,173,PG,SHM,PG-SHM,-6.44715220,143.60066120
4830,West New Britain,173,PG,WBK,PG-WBK,-5.88914650,149.69954600
4850,Western,173,PG,WPD,PG-WPD,-7.50000000,142.00000000
4840,Western Highlands,173,PG,WHM,PG-WHM,-5.84158600,144.23553480
2785,Alto Paraguay,174,PY,16,PY-16,-20.50000000,-59.16666700
2784,Alto Paraná,174,PY,10,PY-10,-25.50000000,-54.83333300
2782,Amambay,174,PY,13,PY-13,-23.00000000,-56.00000000
5221,Asuncion,174,PY,ASU,PY-ASU,-25.28004590,-57.63438140
2780,Boquerón,174,PY,19,PY-19,-22.66430640,-61.00158770
2773,Caaguazú,174,PY,5,PY-5,-25.46458180,-56.01385100
2775,Caazapá,174,PY,6,PY-6,-26.19733020,-56.36664220
2771,Canindeyú,174,PY,14,PY-14,-24.25000000,-55.25000000
2777,Central,174,PY,11,PY-11,-25.50000000,-57.50000000
2779,Concepción,174,PY,1,PY-1,-23.40682810,-57.44278020
2783,Cordillera,174,PY,3,PY-3,-25.25000000,-57.00000000
2772,Guairá,174,PY,4,PY-4,-25.75000000,-56.50000000
2778,Itapúa,174,PY,7,PY-7,-26.83333300,-55.83333300
2786,Misiones,174,PY,8,PY-8,-27.00000000,-57.00000000
2781,Ñeembucú,174,PY,12,PY-12,-27.00000000,-58.00000000
2774,Paraguarí,174,PY,9,PY-9,-25.62621740,-57.15206420
2770,Presidente Hayes,174,PY,15,PY-15,-23.50000000,-58.83333300
2776,San Pedro,174,PY,2,PY-2,-24.25000000,-56.50000000
3685,Amazonas,175,PE,AMA,PE-AMA,-5.00000000,-78.00000000
3680,Áncash,175,PE,ANC,PE-ANC,-9.50000000,-77.75000000
3699,Apurímac,175,PE,APU,PE-APU,-14.00000000,-73.00000000
3681,Arequipa,175,PE,ARE,PE-ARE,-16.39886670,-71.53696070
3692,Ayacucho,175,PE,AYA,PE-AYA,-13.16387370,-74.22356410
3688,Cajamarca,175,PE,CAJ,PE-CAJ,-7.16174650,-78.51278550
3701,Callao,175,PE,CAL,PE-CAL,-12.05226260,-77.13911330
3691,Cusco,175,PE,CUS,PE-CUS,-13.51708870,-71.97853560
3679,Huancavelica,175,PE,HUV,PE-HUV,-12.78619780,-74.97640240
3687,Huanuco,175,PE,HUC,PE-HUC,-9.92076480,-76.24108430
3700,Ica,175,PE,ICA,PE-ICA,-14.06409670,-75.72909150
3693,Junín,175,PE,JUN,PE-JUN,-11.15819250,-75.99263060
3683,La Libertad,175,PE,LAL,PE-LAL,-8.00000000,-78.50000000
3702,Lambayeque,175,PE,LAM,PE-LAM,-6.70302700,-79.90650860
3695,Lima,175,PE,LIM,PE-LIM,-12.06210650,-77.03652560
4922,Loreto,175,PE,LOR,PE-LOR,-4.00000000,-75.16666700
3678,Madre de Dios,175,PE,MDD,PE-MDD,-12.00000000,-70.25000000
3698,Moquegua,175,PE,MOQ,PE-MOQ,-17.19273610,-70.93281380
5687,Municipalidad Metropolitana de Lima,175,PE,LMA,PE-LMA,-12.04640000,-77.04280000
3686,Pasco,175,PE,PAS,PE-PAS,-10.72469260,-76.16573050
3697,Piura,175,PE,PIU,PE-PIU,-5.19713760,-80.62672370
3682,Puno,175,PE,PUN,PE-PUN,-15.84022180,-70.02188050
3694,San Martín,175,PE,SAM,PE-SAM,-6.40951330,-76.87125810
3696,Tacna,175,PE,TAC,PE-TAC,-18.00656790,-70.24627410
3689,Tumbes,175,PE,TUM,PE-TUM,-3.57078750,-80.45964540
3684,Ucayali,175,PE,UCA,PE-UCA,-9.00000000,-73.50000000
1324,Abra,176,PH,ABR,PH-ABR,17.58000000,120.80000000
1323,Agusan del Norte,176,PH,AGN,PH-AGN,8.92000000,125.46000000
1326,Agusan del Sur,176,PH,AGS,PH-AGS,8.36000000,125.71000000
1331,Aklan,176,PH,AKL,PH-AKL,11.62978940,122.24811770
1337,Albay,176,PH,ALB,PH-ALB,13.21666700,123.55000000
1336,Antique,176,PH,ANT,PH-ANT,11.17050660,122.08333300
1334,Apayao,176,PH,APA,PH-APA,18.12000000,121.19000000
1341,Aurora,176,PH,AUR,PH-AUR,16.99088110,121.63580000
1316,Autonomous Region in Muslim Mindanao,176,PH,14,PH-14,7.22420330,124.24701640
1346,Basilan,176,PH,BAS,PH-BAS,6.56498210,122.06491830
1344,Bataan,176,PH,BAN,PH-BAN,14.64360310,120.46576220
1352,Batanes,176,PH,BTN,PH-BTN,20.64424650,121.89394560
1359,Batangas,176,PH,BTG,PH-BTG,13.75646510,121.05830760
1363,Benguet,176,PH,BEN,PH-BEN,16.52000000,120.69000000
1304,Bicol,176,PH,05,PH-05,13.07644890,123.51623870
1274,Biliran,176,PH,BIL,PH-BIL,11.58535470,124.48546270
1272,Bohol,176,PH,BOH,PH-BOH,9.83333300,124.16155790
1270,Bukidnon,176,PH,BUK,PH-BUK,8.02277800,124.99861100
1278,Bulacan,176,PH,BUL,PH-BUL,15.00000000,121.08333300
1279,Cagayan,176,PH,CAG,PH-CAG,18.00000000,121.83333300
1342,Cagayan Valley,176,PH,02,PH-02,17.67221560,121.88310430
1294,Calabarzon,176,PH,40,PH-40,14.16583140,121.35355770
1283,Camarines Norte,176,PH,CAN,PH-CAN,14.16666700,122.75000000
1287,Camarines Sur,176,PH,CAS,PH-CAS,13.64282160,123.32823380
1285,Camiguin,176,PH,CAM,PH-CAM,9.17321640,124.72987650
1292,Capiz,176,PH,CAP,PH-CAP,11.38529870,122.63773150
1314,Caraga,176,PH,13,PH-13,9.25173360,125.85166600
1301,Catanduanes,176,PH,CAT,PH-CAT,13.83333300,124.25000000
1307,Cavite,176,PH,CAV,PH-CAV,14.48209190,120.90891900
1306,Cebu,176,PH,CEB,PH-CEB,10.29356390,123.90192090
1345,Central Luzon,176,PH,03,PH-03,15.39427290,120.68729590
1308,Central Visayas,176,PH,07,PH-07,10.47345040,123.86480830
1335,Cordillera Administrative,176,PH,15,PH-15,17.35971010,121.07169230
1320,Cotabato,176,PH,NCO,PH-NCO,7.22376280,124.24670620
1340,Davao,176,PH,11,PH-11,7.06483060,125.60806230
1311,Davao de Oro,176,PH,COM,PH-COM,7.45000000,126.07000000
1319,Davao del Norte,176,PH,DAV,PH-DAV,7.61792280,125.68326870
1318,Davao del Sur,176,PH,DAS,PH-DAS,6.69836580,125.36121350
1309,Davao Occidental,176,PH,DVO,PH-DVO,6.27000000,125.60000000
1289,Davao Oriental,176,PH,DAO,PH-DAO,7.16666700,126.33333300
1291,Dinagat Islands,176,PH,DIN,PH-DIN,10.15779320,125.58518270
1290,Eastern Samar,176,PH,EAS,PH-EAS,11.73000000,125.37000000
1322,Eastern Visayas,176,PH,08,PH-08,11.29452780,124.99595080
1303,Guimaras,176,PH,GUI,PH-GUI,10.57306290,122.62389070
1300,Ifugao,176,PH,IFU,PH-IFU,16.87000000,121.22000000
1355,Ilocos,176,PH,01,PH-01,17.20000000,120.50000000
1298,Ilocos Norte,176,PH,ILN,PH-ILN,18.16666700,120.75000000
1321,Ilocos Sur,176,PH,ILS,PH-ILS,17.20000000,120.50000000
1315,Iloilo,176,PH,ILI,PH-ILI,10.69328840,122.57326040
1313,Isabela,176,PH,ISA,PH-ISA,17.00000000,122.00000000
1312,Kalinga,176,PH,KAL,PH-KAL,17.46000000,121.31000000
1317,La Union,176,PH,LUN,PH-LUN,16.57359570,120.40898990
1328,Laguna,176,PH,LAG,PH-LAG,14.16964760,121.33365260
1327,Lanao del Norte,176,PH,LAN,PH-LAN,7.95797230,123.90211240
1333,Lanao del Sur,176,PH,LAS,PH-LAS,7.87764430,124.37547590
1332,Leyte,176,PH,LEY,PH-LEY,10.78411570,124.89232100
1330,Maguindanao del Norte,176,PH,MGN,PH-MGN,7.10883560,124.20729450
1347,Maguindanao del Sur,176,PH,MGS,PH-MGS,6.92341960,124.53653570
1329,Marinduque,176,PH,MAD,PH-MAD,13.41666700,121.95000000
1338,Masbate,176,PH,MAS,PH-MAS,12.37108990,123.62392230
1299,Mimaropa,176,PH,41,PH-41,13.01064360,121.41157470
1343,Misamis Occidental,176,PH,MSC,PH-MSC,8.33749030,123.70706190
1348,Misamis Oriental,176,PH,MSR,PH-MSR,8.65348070,124.82352050
1353,Mountain Province,176,PH,MOU,PH-MOU,17.11000000,121.16000000
5324,National Capital Region (Metro Manila),176,PH,00,PH-00,14.58002970,120.98553600
1351,Negros Occidental,176,PH,NEC,PH-NEC,10.41666700,123.00000000
1350,Negros Oriental,176,PH,NER,PH-NER,9.75000000,123.00000000
1339,Northern Mindanao,176,PH,10,PH-10,8.39795490,124.71068800
1349,Northern Samar,176,PH,NSA,PH-NSA,12.42000000,124.81000000
1360,Nueva Ecija,176,PH,NUE,PH-NUE,15.58333300,121.00000000
1358,Nueva Vizcaya,176,PH,NUV,PH-NUV,16.35000000,121.13000000
1356,Occidental Mindoro,176,PH,MDC,PH-MDC,13.00000210,120.91666660
1354,Oriental Mindoro,176,PH,MDR,PH-MDR,13.20000000,121.20000000
1361,Palawan,176,PH,PLW,PH-PLW,9.87784260,118.67649190
1365,Pampanga,176,PH,PAM,PH-PAM,15.05196350,120.64453980
1364,Pangasinan,176,PH,PAN,PH-PAN,15.91666700,120.33333300
1275,Quezon,176,PH,QUE,PH-QUE,14.00670370,122.18272320
1273,Quirino,176,PH,QUI,PH-QUI,16.28333300,121.58333300
1271,Rizal,176,PH,RIZ,PH-RIZ,14.65000000,121.25000000
1269,Romblon,176,PH,ROM,PH-ROM,12.57780160,122.26914600
1277,Sarangani,176,PH,SAR,PH-SAR,5.87472200,125.27527800
1276,Siquijor,176,PH,SIG,PH-SIG,9.18000000,123.58000000
1310,Soccsksargen,176,PH,12,PH-12,6.56472770,124.48402550
1281,Sorsogon,176,PH,SOR,PH-SOR,12.97078480,124.00525430
1280,South Cotabato,176,PH,SCO,PH-SCO,6.28552390,124.93330960
1284,Southern Leyte,176,PH,SLE,PH-SLE,10.34750990,125.12508960
1282,Sultan Kudarat,176,PH,SUK,PH-SUK,6.55567050,124.32714960
1288,Sulu,176,PH,SLU,PH-SLU,5.99428080,121.07879260
1286,Surigao del Norte,176,PH,SUN,PH-SUN,9.70228680,125.54648310
1296,Surigao del Sur,176,PH,SUR,PH-SUR,8.84000000,126.15000000
1295,Tarlac,176,PH,TAR,PH-TAR,15.48612180,120.58934730
1293,Tawi-Tawi,176,PH,TAW,PH-TAW,5.20570000,120.02650000
5115,Western Samar,176,PH,WSA,PH-WSA,11.83333300,125.00000000
1305,Western Visayas,176,PH,06,PH-06,11.23673240,122.68781870
1297,Zambales,176,PH,ZMB,PH-ZMB,15.23000000,120.12000000
1302,Zamboanga del Norte,176,PH,ZAN,PH-ZAN,8.00000000,122.66666700
1357,Zamboanga del Sur,176,PH,ZAS,PH-ZAS,7.90430000,123.31940000
1325,Zamboanga Peninsula,176,PH,09,PH-09,7.77872340,122.75708280
1362,Zamboanga Sibugay,176,PH,ZSI,PH-ZSI,7.78770970,122.57442170
1634,Greater Poland,178,PL,30,PL-30,52.14585060,17.39767200
1630,Holy Cross,178,PL,26,PL-26,50.75048940,20.78291220
1625,Kuyavia-Pomerania,178,PL,04,PL-04,53.16483630,18.48342240
1635,Lesser Poland,178,PL,12,PL-12,49.79095200,20.37935210
1629,Lower Silesia,178,PL,02,PL-02,50.92060280,16.49463510
1638,Lublin,178,PL,06,PL-06,51.25055900,22.57010220
1631,Lubusz,178,PL,08,PL-08,52.10017540,15.36050750
1636,Łódź,178,PL,10,PL-10,51.76873230,19.45699110
1637,Mazovia,178,PL,14,PL-14,52.54619340,21.20734040
1632,Podlaskie,178,PL,20,PL-20,53.26684550,22.85257870
1624,Pomerania,178,PL,22,PL-22,54.24556000,18.10990000
1623,Silesia,178,PL,24,PL-24,50.56874220,19.23439950
1626,Subcarpathia,178,PL,18,PL-18,49.31134020,22.43259070
1622,Upper Silesia,178,PL,16,PL-16,50.24665260,18.64536960
1628,Warmia-Masuria,178,PL,28,PL-28,53.93118920,21.12608080
1633,West Pomerania,178,PL,32,PL-32,53.54507930,15.56615860
2233,Açores,179,PT,20,PT-20,37.80855640,-25.47313740
2235,Aveiro,179,PT,01,PT-01,40.67915040,-8.52171660
2230,Beja,179,PT,02,PT-02,38.01544790,-7.86503680
2244,Braga,179,PT,03,PT-03,41.55038800,-8.42613010
2229,Bragança,179,PT,04,PT-04,41.80616520,-6.75674270
2241,Castelo Branco,179,PT,05,PT-05,39.82663220,-7.49193180
2246,Coimbra,179,PT,06,PT-06,40.21119310,-8.42946320
2236,Évora,179,PT,07,PT-07,38.57444680,-7.90765530
2239,Faro,179,PT,08,PT-08,37.01935480,-7.93043970
4859,Guarda,179,PT,09,PT-09,40.53859720,-7.26757720
2240,Leiria,179,PT,10,PT-10,39.74379020,-8.80711190
2228,Lisbon,179,PT,11,PT-11,38.70775070,-9.13659190
2231,Madeira,179,PT,30,PT-30,32.75175010,-16.98174870
2232,Portalegre,179,PT,12,PT-12,39.29670860,-7.42847550
2243,Porto,179,PT,13,PT-13,41.14766290,-8.60789730
2238,Santarém,179,PT,14,PT-14,39.23666870,-8.68599440
2242,Setúbal,179,PT,15,PT-15,38.52409330,-8.89258760
2245,Viana do Castelo,179,PT,16,PT-16,41.69180460,-8.83445100
2234,Vila Real,179,PT,17,PT-17,41.30035270,-7.74572740
2237,Viseu,179,PT,18,PT-18,40.65884240,-7.91475600
5134,Adjuntas,180,PR,001,PR-001,18.16348480,-66.72315800
5135,Aguada,180,PR,003,PR-003,18.38015790,-67.18870400
5136,Aguadilla,180,PR,005,PR-005,18.44965510,-67.11847640
5137,Aguas Buenas,180,PR,007,PR-007,18.25689890,-66.10294420
5138,Aibonito,180,PR,009,PR-009,18.12814720,-66.26924410
5139,Añasco,180,PR,011,PR-011,18.28544760,-67.14029350
5081,Arecibo,180,PR,AR,PR-AR,18.47055556,-66.72083333
5141,Arroyo,180,PR,015,PR-015,17.99619930,-66.05316830
5142,Barceloneta,180,PR,017,PR-017,18.45466390,-66.53868770
5143,Barranquitas,180,PR,019,PR-019,18.18662420,-66.30628020
5076,Bayamon,180,PR,BY,PR-BY,18.34495820,-66.16837400
5145,Cabo Rojo,180,PR,023,PR-023,18.08662650,-67.14573470
5079,Caguas,180,PR,CG,PR-CG,18.23333333,-66.03333333
5147,Camuy,180,PR,027,PR-027,18.48383300,-66.84489940
5148,Canóvanas,180,PR,029,PR-029,18.37487480,-65.89975330
5077,Carolina,180,PR,CL,PR-CL,18.38085160,-65.95702440
5150,Cataño,180,PR,033,PR-033,18.44653550,-66.13557750
5151,Cayey,180,PR,035,PR-035,18.11190510,-66.16600000
5152,Ceiba,180,PR,037,PR-037,18.18771390,-65.89448400
5153,Ciales,180,PR,039,PR-039,18.33606220,-66.46878230
5154,Cidra,180,PR,041,PR-041,18.17579140,-66.16127790
5155,Coamo,180,PR,043,PR-043,18.07996160,-66.35794730
5156,Comerío,180,PR,045,PR-045,18.21920010,-66.22560220
5157,Corozal,180,PR,047,PR-047,18.30438780,-66.32891860
5158,Culebra,180,PR,049,PR-049,18.31367760,-65.28262260
5159,Dorado,180,PR,051,PR-051,18.45947660,-66.26188460
5160,Fajardo,180,PR,053,PR-053,18.32521480,-65.65393560
5161,Florida,180,PR,054,PR-054,18.36297720,-66.56699610
5162,Guánica,180,PR,055,PR-055,17.97251450,-66.90862640
5163,Guayama,180,PR,057,PR-057,17.98413280,-66.11377670
5164,Guayanilla,180,PR,059,PR-059,18.01913140,-66.79184200
5080,Guaynabo,180,PR,GN,PR-GN,18.35915960,-66.11568020
5166,Gurabo,180,PR,063,PR-063,18.25439870,-65.97294210
5167,Hatillo,180,PR,065,PR-065,18.40715890,-66.79592870
5168,Hormigueros,180,PR,067,PR-067,18.13346380,-67.11281230
5169,Humacao,180,PR,069,PR-069,18.15157360,-65.82485290
5170,Isabela,180,PR,071,PR-071,18.50075360,-67.02374220
5171,Jayuya,180,PR,073,PR-073,18.21856740,-66.59156170
5172,Juana Díaz,180,PR,075,PR-075,18.05343720,-66.50750790
5173,Juncos,180,PR,077,PR-077,18.22745580,-65.92099700
5174,Lajas,180,PR,079,PR-079,18.04996200,-67.05934490
5175,Lares,180,PR,081,PR-081,18.29486830,-66.87760450
5176,Las Marías,180,PR,083,PR-083,18.25224460,-66.99181330
5177,Las Piedras,180,PR,085,PR-085,18.18244450,-65.86467410
5178,Loíza,180,PR,087,PR-087,18.43299040,-65.87836000
5179,Luquillo,180,PR,089,PR-089,18.37245070,-65.71655110
5180,Manatí,180,PR,091,PR-091,18.41824670,-66.49178000
5181,Maricao,180,PR,093,PR-093,18.18079020,-66.97990010
5182,Maunabo,180,PR,095,PR-095,18.00718850,-65.89932890
5083,Mayagüez,180,PR,MG,PR-MG,18.20111111,-67.13972222
5184,Moca,180,PR,099,PR-099,18.39475120,-67.11367900
5185,Morovis,180,PR,101,PR-101,18.32578500,-66.40655920
5186,Naguabo,180,PR,103,PR-103,18.21162470,-65.73488410
5187,Naranjito,180,PR,105,PR-105,18.30078610,-66.24489040
5188,Orocovis,180,PR,107,PR-107,18.22692240,-66.39116860
5189,Patillas,180,PR,109,PR-109,18.00373810,-66.01340590
5190,Peñuelas,180,PR,111,PR-111,18.06335770,-66.72738960
5078,Ponce,180,PR,PO,PR-PO,18.01156400,-66.61395800
5192,Quebradillas,180,PR,115,PR-115,18.47383300,-66.93851200
5193,Rincón,180,PR,117,PR-117,18.33620740,-67.23212020
5194,Río Grande,180,PR,119,PR-119,18.36063210,-67.23687230
5195,Sabana Grande,180,PR,121,PR-121,18.07773920,-66.96045490
5196,Salinas,180,PR,123,PR-123,17.97697790,-66.29801870
5197,San Germán,180,PR,125,PR-125,18.08070820,-67.04110960
5075,San Juan,180,PR,SJ,PR-SJ,18.38423900,-66.05344000
5199,San Lorenzo,180,PR,129,PR-129,18.19043030,-65.96117940
5200,San Sebastián,180,PR,131,PR-131,18.32346000,-66.97283700
5201,Santa Isabel,180,PR,133,PR-133,17.96607750,-66.40489200
5202,Toa Alta,180,PR,135,PR-135,18.38828230,-66.24822370
5082,Toa Baja,180,PR,TB,PR-TB,18.44388900,-66.25972200
5084,Trujillo Alto,180,PR,TA,PR-TA,18.35424080,-66.00737700
5205,Utuado,180,PR,141,PR-141,18.26550950,-66.70045190
5206,Vega Alta,180,PR,143,PR-143,18.41217030,-66.33128050
5207,Vega Baja,180,PR,145,PR-145,18.44453140,-66.38758700
5208,Vieques,180,PR,147,PR-147,18.12156220,-65.45746400
5209,Villalba,180,PR,149,PR-149,18.12175540,-66.49857870
5210,Yabucoa,180,PR,151,PR-151,18.05052010,-65.87932880
5211,Yauco,180,PR,153,PR-153,18.03496400,-66.84989830
3182,Al Daayen,181,QA,ZA,QA-ZA,25.50974190,51.44226990
3183,Al Khor,181,QA,KH,QA-KH,25.68040780,51.49685020
3177,Al Rayyan,181,QA,RA,QA-RA,24.93047410,50.97768880
3179,Al Wakrah,181,QA,WA,QA-WA,25.15666230,51.60132120
3178,Al-Shahaniya,181,QA,SH,QA-SH,25.37174210,51.22710900
3181,Doha,181,QA,DA,QA-DA,25.28544730,51.53103980
3180,Madinat ash Shamal,181,QA,MS,QA-MS,26.11827430,51.21572650
3184,Umm Salal,181,QA,US,QA-US,25.46476540,51.33839960
5436,Saint-Benoît,182,RE,01,RE-01,-21.08104330,55.60281270
5437,Saint-Denis,182,RE,02,RE-02,-20.87998890,55.44813700
5438,Saint-Paul,182,RE,03,RE-03,-21.00060990,55.27715850
5439,Saint-Pierre,182,RE,04,RE-04,-21.23774370,55.48997640
4724,Alba,183,RO,AB,RO-AB,46.01593620,23.54684970
4739,Arad,183,RO,AR,RO-AR,46.29137060,21.89251850
4722,Arges,183,RO,AG,RO-AG,44.99397640,24.84886850
4744,Bacău,183,RO,BC,RO-BC,46.42287030,26.71639910
4723,Bihor,183,RO,BH,RO-BH,46.99268990,22.19275200
4733,Bistrița-Năsăud,183,RO,BN,RO-BN,47.17725480,24.54115920
4740,Botoșani,183,RO,BT,RO-BT,47.85282630,26.75933400
4736,Braila,183,RO,BR,RO-BR,45.27160920,27.97429320
4759,Brașov,183,RO,BV,RO-BV,45.78602220,25.15407320
4730,Bucharest,183,RO,B,RO-B,44.43614140,26.10272020
4756,Buzău,183,RO,BZ,RO-BZ,45.26925810,26.77481730
4732,Călărași,183,RO,CL,RO-CL,44.31518740,27.13901560
4753,Caraș-Severin,183,RO,CS,RO-CS,45.12713440,22.07714450
4734,Cluj,183,RO,CJ,RO-CJ,46.76937900,23.58995420
4737,Constanța,183,RO,CT,RO-CT,44.26785910,28.29207870
4754,Covasna,183,RO,CV,RO-CV,45.89667930,26.01018060
4745,Dâmbovița,183,RO,DB,RO-DB,44.92245650,25.48195750
4742,Dolj,183,RO,DJ,RO-DJ,44.21501230,23.66936300
4747,Galați,183,RO,GL,RO-GL,45.77724390,27.74965750
4726,Giurgiu,183,RO,GR,RO-GR,43.90370760,25.96992650
4750,Gorj,183,RO,GJ,RO-GJ,44.96116750,23.32567990
4749,Harghita,183,RO,HR,RO-HR,46.64430610,25.62219190
4721,Hunedoara,183,RO,HD,RO-HD,45.79540680,22.94524300
4743,Ialomița,183,RO,IL,RO-IL,44.59607610,27.20163680
4735,Iași,183,RO,IS,RO-IS,47.19773720,27.19705980
4725,Ilfov,183,RO,IF,RO-IF,44.50170740,26.24490770
4760,Maramureș,183,RO,MM,RO-MM,47.67125470,24.19646130
4751,Mehedinți,183,RO,MH,RO-MH,44.60349080,23.05804190
4915,Mureș,183,RO,MS,RO-MS,45.93865370,23.29493160
4731,Neamț,183,RO,NT,RO-NT,46.99100820,26.51348130
4738,Olt,183,RO,OT,RO-OT,44.29232050,24.46630720
4729,Prahova,183,RO,PH,RO-PH,45.10875460,26.03783490
4741,Sălaj,183,RO,SJ,RO-SJ,47.15618680,23.01919230
4746,Satu Mare,183,RO,SM,RO-SM,47.78917630,22.87255980
4755,Sibiu,183,RO,SB,RO-SB,45.88879600,24.23742600
4720,Suceava,183,RO,SV,RO-SV,47.53265340,25.83459390
4728,Teleorman,183,RO,TR,RO-TR,44.06848760,25.19104500
4748,Timiș,183,RO,TM,RO-TM,45.63984000,21.25992920
4727,Tulcea,183,RO,TL,RO-TL,45.04137690,28.89732900
4757,Vâlcea,183,RO,VL,RO-VL,45.04045360,24.15387190
4752,Vaslui,183,RO,VS,RO-VS,46.49684700,27.80367510
4758,Vrancea,183,RO,VN,RO-VN,45.78870880,26.88380300
1852,Adygea,184,RU,AD,RU-AD,44.69390060,40.15204210
1911,Altai,184,RU,ALT,RU-ALT,50.71141010,86.85721860
1876,Altai,184,RU,AL,RU-AL,50.71141010,86.85721860
1858,Amur,184,RU,AMU,RU-AMU,52.80323680,128.43729500
1849,Arkhangelsk,184,RU,ARK,RU-ARK,64.54585490,40.55057690
1866,Astrakhan,184,RU,AST,RU-AST,46.34983080,48.03262030
1854,Bashkortostan,184,RU,BA,RU-BA,54.47475530,55.97845820
1903,Belgorod,184,RU,BEL,RU-BEL,50.70801190,37.58376150
1867,Bryansk,184,RU,BRY,RU-BRY,53.24237780,34.36682880
1842,Buryatia,184,RU,BU,RU-BU,52.71824260,109.49214300
1893,Chechen,184,RU,CE,RU-CE,43.40000000,45.70000000
1845,Chelyabinsk,184,RU,CHE,RU-CHE,55.15593120,61.40127260
1859,Chukotka,184,RU,CHU,RU-CHU,66.00064750,169.49008690
1914,Chuvash,184,RU,CU,RU-CU,55.42599220,47.08494290
1850,Dagestan,184,RU,DA,RU-DA,43.00000000,47.00000000
1884,Ingushetia,184,RU,IN,RU-IN,43.16553090,44.97968200
1880,Irkutsk,184,RU,IRK,RU-IRK,52.28548340,104.28902220
1864,Ivanovo,184,RU,IVA,RU-IVA,56.99568550,40.98121040
1835,Jewish,184,RU,YEV,RU-YEV,48.56016130,132.27756620
1892,Kabardino-Balkar,184,RU,KB,RU-KB,43.44282860,43.42048090
1902,Kaliningrad,184,RU,KGD,RU-KGD,54.71042640,20.45221440
1883,Kalmykia,184,RU,KL,RU-KL,46.90171160,45.24916100
1844,Kaluga,184,RU,KLU,RU-KLU,54.43827730,35.52728540
1865,Kamchatka,184,RU,KAM,RU-KAM,57.19148820,160.03838190
1869,Karachay-Cherkess,184,RU,KC,RU-KC,43.73683260,41.72679910
1841,Karelia,184,RU,KR,RU-KR,62.61940310,33.49202670
1897,Kemerovo,184,RU,KEM,RU-KEM,54.53357810,87.34286100
1873,Khabarovsk,184,RU,KHA,RU-KHA,51.63126840,136.12152400
1877,Khakassia,184,RU,KK,RU-KK,53.43993790,90.06643030
1838,Khanty-Mansi,184,RU,KHM,RU-KHM,61.87934280,68.64181560
1890,Kirov,184,RU,KIR,RU-KIR,58.60356610,49.66662410
1899,Komi,184,RU,KO,RU-KO,63.98814210,54.33260730
1910,Kostroma,184,RU,KOS,RU-KOS,58.60443270,41.58893820
1891,Krasnodar,184,RU,KDA,RU-KDA,45.76840140,39.02610440
1840,Krasnoyarsk,184,RU,KYA,RU-KYA,63.32338070,97.09799740
1915,Kurgan,184,RU,KGN,RU-KGN,55.44093570,65.34211690
1855,Kursk,184,RU,KRS,RU-KRS,51.73092490,36.19231230
1896,Leningrad,184,RU,LEN,RU-LEN,60.18532960,32.39253250
1889,Lipetsk,184,RU,LIP,RU-LIP,52.69351780,39.11226640
1839,Magadan,184,RU,MAG,RU-MAG,63.55150280,154.01472600
1870,Mari El,184,RU,ME,RU-ME,56.57675040,47.88175120
1898,Mordovia,184,RU,MO,RU-MO,54.44198290,44.46611440
1882,Moscow,184,RU,MOS,RU-MOS,55.62557800,37.60639160
1901,Moscow,184,RU,MOW,RU-MOW,55.62557800,37.60639160
1843,Murmansk,184,RU,MUR,RU-MUR,68.00004180,33.99991510
1836,Nenets,184,RU,NEN,RU-NEN,67.67832530,57.06268530
1857,Nizhny Novgorod,184,RU,NIZ,RU-NIZ,56.27692920,43.92129810
1853,North Ossetia-Alania,184,RU,SE,RU-SE,42.99207110,44.26363480
1834,Novgorod,184,RU,NGR,RU-NGR,58.52098620,31.27578620
1888,Novosibirsk,184,RU,NVS,RU-NVS,54.96781440,82.95159890
1846,Omsk,184,RU,OMS,RU-OMS,54.99137500,73.37152900
1886,Orenburg,184,RU,ORE,RU-ORE,52.02692620,54.72766470
1908,Oryol,184,RU,ORL,RU-ORL,52.83927650,36.42517090
1909,Penza,184,RU,PNZ,RU-PNZ,53.16554150,44.78791810
1871,Perm,184,RU,PER,RU-PER,58.59516030,56.31595460
1833,Primorsky,184,RU,PRI,RU-PRI,45.08194560,134.72664500
1863,Pskov,184,RU,PSK,RU-PSK,57.53587290,28.85868260
1837,Rostov,184,RU,ROS,RU-ROS,47.62224510,40.79579420
1905,Ryazan,184,RU,RYA,RU-RYA,54.62956870,39.74250390
1879,Saint Petersburg,184,RU,SPE,RU-SPE,59.93873200,30.31622900
1848,Sakha,184,RU,SA,RU-SA,66.94162600,129.64237100
1875,Sakhalin,184,RU,SAK,RU-SAK,50.15947600,143.02644120
1862,Samara,184,RU,SAM,RU-SAM,53.19562550,50.10149270
1887,Saratov,184,RU,SAR,RU-SAR,51.53001800,46.03468300
1885,Smolensk,184,RU,SMO,RU-SMO,55.03434960,33.01920650
1868,Stavropol,184,RU,STA,RU-STA,44.86325770,43.44069130
1894,Sverdlovsk,184,RU,SVE,RU-SVE,56.83910400,60.60825000
1878,Tambov,184,RU,TAM,RU-TAM,52.72161640,41.45239880
1861,Tatarstan,184,RU,TA,RU-TA,55.44821700,50.47635910
1872,Tomsk,184,RU,TOM,RU-TOM,58.61242790,82.04753150
1895,Tula,184,RU,TUL,RU-TUL,54.19303210,37.61754000
1900,Tuva,184,RU,TY,RU-TY,51.40171490,93.85825930
1860,Tver,184,RU,TVE,RU-TVE,57.11344750,35.17444280
1907,Tyumen,184,RU,TYU,RU-TYU,57.15353400,65.54227400
1913,Udmurt,184,RU,UD,RU-UD,57.19611650,52.69598320
1856,Ulyanovsk,184,RU,ULY,RU-ULY,54.14631770,47.23249210
1881,Vladimir,184,RU,VLA,RU-VLA,56.12888990,40.40752030
4916,Volgograd Oblast,184,RU,VGG,RU-VGG,49.60483390,44.29035820
1874,Vologda,184,RU,VLG,RU-VLG,59.22645850,39.87223910
1906,Voronezh,184,RU,VOR,RU-VOR,51.66059820,39.20058580
1847,Yamalo-Nenets,184,RU,YAN,RU-YAN,67.14716310,74.34154880
1851,Yaroslavl,184,RU,YAR,RU-YAR,57.65084320,39.87186340
1904,Zabaykalsky,184,RU,ZAB,RU-ZAB,52.24852100,115.95632500
261,Eastern,185,RW,02,RW-02,-1.74151360,30.54042820
262,Kigali,185,RW,01,RW-01,-1.95085100,30.06150700
263,Northern,185,RW,03,RW-03,-1.58096990,29.92697760
259,Southern,185,RW,05,RW-05,-2.62721370,29.60630490
260,Western,185,RW,04,RW-04,-0.77278910,30.08843240
5440,Alarm Forest,187,SH,01,SH-01,-15.94850430,-5.70281940
5441,Blue Hill,187,SH,02,SH-02,-15.98013030,-5.74898560
5442,Half Tree Hollow,187,SH,03,SH-03,-15.93463280,-5.71947320
5443,Jamestown,187,SH,04,SH-04,-15.92883080,-5.72033380
5444,Levelwood,187,SH,05,SH-05,-15.97431290,-5.68057850
5445,Longwood,187,SH,06,SH-06,-15.94932880,-5.68586050
5447,Saint Paul's,187,SH,08,SH-08,-15.98512670,-5.73809860
5446,Sandy Bay,187,SH,07,SH-07,-16.00606010,-5.71270750
3833,Christ Church Nichola Town,188,KN,01,KN-01,17.36048120,-62.76178370
3832,Nevis,188,KN,N,KN-N,17.15535580,-62.57960260
3836,Saint Anne Sandy Point,188,KN,02,KN-02,17.37253330,-62.84411330
5348,Saint George Basseterre,188,KN,03,KN-03,17.23915440,-62.64240820
3837,Saint George Gingerland,188,KN,04,KN-04,17.12577590,-62.56198110
3835,Saint James Windward,188,KN,05,KN-05,17.17696330,-62.57960260
3845,Saint John Capisterre,188,KN,06,KN-06,17.38725670,-62.79921320
3840,Saint John Figtree,188,KN,07,KN-07,17.11557480,-62.60310040
3841,Saint Kitts,188,KN,K,KN-K,17.31569290,-62.74468060
3844,Saint Mary Cayon,188,KN,08,KN-08,17.34620710,-62.73826710
3834,Saint Paul Capisterre,188,KN,09,KN-09,17.39490590,-62.83582900
3838,Saint Paul Charlestown,188,KN,10,KN-10,17.13462970,-62.61338160
3831,Saint Peter Basseterre,188,KN,11,KN-11,17.32556530,-62.72177790
3839,Saint Thomas Lowland,188,KN,12,KN-12,17.16505130,-62.60897530
3842,Saint Thomas Middle Island,188,KN,13,KN-13,17.33488130,-62.80882510
3843,Trinity Palmetto Point,188,KN,15,KN-15,17.31451430,-62.76851450
3757,Anse la Raye,189,LC,01,LC-01,13.94594240,-61.03694680
3761,Canaries,189,LC,12,LC-12,13.90400240,-61.07187140
3758,Castries,189,LC,02,LC-02,14.01010940,-60.98746870
3760,Choiseul,189,LC,03,LC-03,13.77501540,-61.04859100
3756,Dennery,189,LC,05,LC-05,13.92673930,-60.91909880
3766,Gros Islet,189,LC,06,LC-06,14.08435780,-60.94527940
3759,Laborie,189,LC,07,LC-07,13.75227830,-60.99328890
3762,Micoud,189,LC,08,LC-08,13.82118710,-60.90019340
3764,Soufrière,189,LC,10,LC-10,13.85222660,-61.02382910
3763,Vieux Fort,189,LC,11,LC-11,13.72060800,-60.94964330
5821,Saint-Pierre and Miquelon,191,PM,01,FR-PM,46.83333333,-56.33333333
3389,Charlotte,192,VC,01,VC-01,13.27508720,-61.14623270
3388,Grenadines,192,VC,06,VC-06,12.90447000,-61.27655690
3386,Saint Andrew,192,VC,02,VC-02,13.19426950,-61.23998660
3387,Saint David,192,VC,03,VC-03,13.31836400,-61.20087860
3384,Saint George,192,VC,04,VC-04,13.16629500,-61.18785120
3385,Saint Patrick,192,VC,05,VC-05,13.23807930,-61.23641840
5819,Saint-Barthélemy,186,BL,01,FR-BL,17.90000000,-62.83333333
5820,Saint-Martin,190,MF,01,FR-MF,18.07310000,-63.08220000
4763,A'ana,193,WS,AA,WS-AA,-13.83717570,-171.99508690
4761,Aiga-i-le-Tai,193,WS,AL,WS-AL,-13.86203100,-172.03283710
4765,Atua,193,WS,AT,WS-AT,-13.95487800,-171.65124550
4764,Fa'asaleleaga,193,WS,FA,WS-FA,-13.63076380,-172.23659810
4769,Gaga'emauga,193,WS,GE,WS-GE,-13.54286660,-172.36688700
4771,Gaga'ifomauga,193,WS,GI,WS-GI,-13.54680070,-172.49693310
4767,Palauli,193,WS,PA,WS-PA,-13.70635770,-172.48397010
4762,Satupa'itea,193,WS,SA,WS-SA,-13.74143280,-172.34066830
4770,Tuamasaga,193,WS,TU,WS-TU,-13.92188040,-171.80071960
4768,Va'a-o-Fonoti,193,WS,VF,WS-VF,-13.94709030,-171.54318720
4766,Vaisigano,193,WS,VS,WS-VS,-13.55956560,-172.65937980
59,Acquaviva,194,SM,01,SM-01,43.94642460,12.41919090
61,Borgo Maggiore,194,SM,06,SM-06,43.94118650,12.44742200
60,Chiesanuova,194,SM,02,SM-02,43.90533820,12.42201870
64,Domagnano,194,SM,03,SM-03,43.95019290,12.46815370
62,Faetano,194,SM,04,SM-04,43.92691220,12.49746330
66,Fiorentino,194,SM,05,SM-05,43.90783370,12.45812090
63,Montegiardino,194,SM,08,SM-08,43.90529990,12.48105420
58,San Marino,194,SM,07,SM-07,43.94236000,12.45777700
65,Serravalle,194,SM,09,SM-09,43.96990260,12.48029460
5728,Água Grande,195,ST,01,ST-01,0.33019240,6.73334300
5729,Cantagalo,195,ST,02,ST-02,0.21667000,6.70000000
5730,Caué,195,ST,03,ST-03,0.13415000,6.63825000
5731,Lemba,195,ST,04,ST-04,0.22000000,6.58000000
5732,Lobata,195,ST,05,ST-05,0.41000000,6.61000000
5733,Mé-Zóchi,195,ST,06,ST-06,0.30000000,6.60000000
5734,Príncipe,195,ST,P,ST-P,1.61393810,7.40569280
2859,Al Bahah,196,SA,11,SA-11,20.23726710,41.46154790
2857,Al Jawf,196,SA,12,SA-12,29.76738180,39.56298830
2851,Al Madinah,196,SA,03,SA-03,25.13543630,39.16259400
2861,Al-Qassim,196,SA,05,SA-05,26.19422350,43.45657110
2853,Asir,196,SA,14,SA-14,19.16666700,43.16666700
2856,Eastern Province,196,SA,04,SA-04,23.30360770,50.12588040
2855,Ha'il,196,SA,06,SA-06,26.99209870,41.48925780
2858,Jizan,196,SA,09,SA-09,17.33333300,42.66666700
2850,Makkah,196,SA,02,SA-02,21.66980630,41.49960290
2860,Najran,196,SA,10,SA-10,18.00000000,45.66666700
2854,Northern Borders,196,SA,08,SA-08,30.00000000,42.66666700
2849,Riyadh,196,SA,01,SA-01,23.33333300,45.33333300
2852,Tabuk,196,SA,07,SA-07,28.32518660,37.63286480
473,Dakar,197,SN,DK,SN-DK,14.69342500,-17.44793800
480,Diourbel Region,197,SN,DB,SN-DB,14.78445390,-16.03164510
479,Fatick,197,SN,FK,SN-FK,14.33901670,-16.41114250
475,Kaffrine,197,SN,KA,SN-KA,14.10520200,-15.54157550
483,Kaolack,197,SN,KL,SN-KL,14.13881500,-16.07639100
481,Kédougou,197,SN,KE,SN-KE,12.55707520,-12.18556550
474,Kolda,197,SN,KD,SN-KD,12.89211540,-14.94009710
485,Louga,197,SN,LG,SN-LG,15.61417680,-16.22868000
476,Matam,197,SN,MT,SN-MT,15.66002250,-13.25769060
477,Saint-Louis,197,SN,SL,SN-SL,16.02804450,-16.50486860
482,Sédhiou,197,SN,SE,SN-SE,12.70460400,-15.55623040
486,Tambacounda Region,197,SN,TC,SN-TC,13.86863240,-13.31903280
484,Thiès Region,197,SN,TH,SN-TH,14.75386610,-16.86378230
478,Ziguinchor,197,SN,ZG,SN-ZG,12.56414790,-16.26398250
3728,Belgrade,198,RS,00,RS-00,44.81781310,20.45689740
3717,Bor,198,RS,14,RS-14,44.06989180,22.09850860
3732,Braničevo,198,RS,11,RS-11,44.69822460,21.54467750
3716,Central Banat,198,RS,02,RS-02,45.43587780,20.51082930
3715,Jablanica,198,RS,23,RS-23,43.45298250,21.26883870
3724,Kolubara,198,RS,09,RS-09,44.35890700,20.14212970
5689,Kosovo,198,RS,25,RS-25,42.66333333,21.16222222
5688,Kosovo-Metohija,198,RS,KM,RS-KM,42.66666667,21.16666667
5693,Kosovo-Pomoravlje,198,RS,29,RS-29,42.53330000,21.56670000
5692,Kosovska Mitrovica,198,RS,28,RS-28,42.88333333,20.86666667
3719,Mačva,198,RS,08,RS-08,44.52033740,19.50341970
3727,Moravica,198,RS,17,RS-17,42.38726820,21.72182130
3722,Nišava,198,RS,20,RS-20,43.21781290,22.47957860
3714,North Bačka,198,RS,01,RS-01,45.90118310,19.58341920
3736,North Banat,198,RS,03,RS-03,45.88874180,20.19023540
3721,Pčinja,198,RS,24,RS-24,42.38503890,22.01036270
5690,Peć,198,RS,26,RS-26,42.66000000,20.28800000
3712,Pirot,198,RS,22,RS-22,43.15473420,22.58650390
3741,Podunavlje,198,RS,10,RS-10,44.72810910,20.80922130
3737,Pomoravlje,198,RS,13,RS-13,44.02211070,21.44085670
5691,Prizren,198,RS,27,RS-27,42.21277778,20.73916667
3720,Rasina,198,RS,19,RS-19,43.41092780,21.15970500
3725,Raška,198,RS,18,RS-18,43.28695920,20.61413480
3711,South Bačka,198,RS,06,RS-06,45.44913960,19.76803030
3713,South Banat,198,RS,04,RS-04,44.99474320,20.93884890
3740,Srem,198,RS,07,RS-07,44.91878380,19.97023080
3734,Šumadija,198,RS,12,RS-12,44.61780280,20.27718840
3718,Toplica,198,RS,21,RS-21,43.21655280,21.40436820
3733,Vojvodina,198,RS,VO,RS-VO,45.41027760,19.97629920
3726,West Bačka,198,RS,05,RS-05,45.73553850,19.18973640
3731,Zaječar,198,RS,15,RS-15,43.90150480,22.27380110
3729,Zlatibor,198,RS,16,RS-16,43.65318070,19.64058650
513,Anse Boileau,199,SC,02,SC-02,-4.70472680,55.48593630
5694,Anse Etoile,199,SC,03,SC-03,-4.59166667,55.45000000
502,Anse Royale,199,SC,05,SC-05,-4.73761210,55.51760650
506,Anse-aux-Pins,199,SC,01,SC-01,-4.69004430,55.51502890
508,Au Cap,199,SC,04,SC-04,-4.70597230,55.50810120
497,Baie Lazare,199,SC,06,SC-06,-4.74825250,55.48593630
514,Baie Sainte Anne,199,SC,07,SC-07,-4.34111720,55.75642330
512,Beau Vallon,199,SC,08,SC-08,-4.62109670,55.42778020
515,Bel Air,199,SC,09,SC-09,-4.64162060,55.45186680
505,Bel Ombre,199,SC,10,SC-10,-4.61937160,55.41129790
517,Cascade,199,SC,11,SC-11,-4.66912430,55.49726930
503,Glacis,199,SC,12,SC-12,-4.58365400,55.43455260
500,Grand'Anse Mahé,199,SC,13,SC-13,-4.67501710,55.45052860
504,Grand'Anse Praslin,199,SC,14,SC-14,-4.32697020,55.71773430
5695,Ile Perseverance I,199,SC,26,SC-26,-4.63000000,55.47000000
5696,Ile Perseverance II,199,SC,27,SC-27,-4.63500000,55.47500000
495,La Digue,199,SC,15,SC-15,-4.35622200,55.83068950
516,La Rivière Anglaise,199,SC,16,SC-16,-4.61569090,55.45115300
499,Les Mamelles,199,SC,24,SC-24,-4.65704490,55.48116080
494,Mont Buxton,199,SC,17,SC-17,-4.61666670,55.44577680
498,Mont Fleuri,199,SC,18,SC-18,-4.63631720,55.46459410
511,Plaisance,199,SC,19,SC-19,-4.65391000,55.46801750
510,Pointe La Rue,199,SC,20,SC-20,-4.68048900,55.51918570
507,Port Glaud,199,SC,21,SC-21,-4.66406000,55.41776060
501,Roche Caiman,199,SC,25,SC-25,-4.64930850,55.48316560
496,Saint Louis,199,SC,22,SC-22,-4.62230000,55.43906180
509,Takamaka,199,SC,23,SC-23,-4.32508850,55.73120420
914,Eastern,200,SL,E,SL-E,8.20509710,-10.84373830
5697,North Western,200,SL,NW,SL-NW,8.76666667,-12.78750000
911,Northern,200,SL,N,SL-N,9.11845400,-11.48564480
912,Southern,200,SL,S,SL-S,7.70992220,-12.00041780
913,Western,200,SL,W,SL-W,8.33460330,-13.06560160
4651,Central Singapore,201,SG,01,SG-01,1.28840000,103.85350000
4649,North East,201,SG,02,SG-02,5.33411860,100.27610770
4653,North West,201,SG,03,SG-03,1.45093820,103.78495190
4650,South East,201,SG,04,SG-04,1.33523290,103.95989310
4652,South West,201,SG,05,SG-05,5.28833890,100.28150990
4352,Banská Bystrica,203,SK,BC,SK-BC,48.73838950,19.15858050
4356,Bratislava,203,SK,BL,SK-BL,48.15576690,17.13142030
4353,Košice,203,SK,KI,SK-KI,48.71722720,21.24967740
4357,Nitra,203,SK,NI,SK-NI,48.31295000,18.08945930
4354,Prešov,203,SK,PV,SK-PV,49.11176850,21.18759780
4358,Trenčín,203,SK,TC,SK-TC,48.91380300,18.09311970
4355,Trnava,203,SK,TA,SK-TA,48.37676520,17.58581750
4359,Žilina,203,SK,ZI,SK-ZI,49.17754550,19.20581800
4183,Ajdovščina,204,SI,001,SI-001,45.88707760,13.90428180
4326,Ankaran,204,SI,213,SI-213,45.57845100,13.73691740
4318,Apače,204,SI,195,SI-195,46.69746790,15.91025340
4301,Beltinci,204,SI,002,SI-002,46.60791530,16.23651270
4166,Benedikt,204,SI,148,SI-148,46.61558410,15.89572810
4179,Bistrica ob Sotli,204,SI,149,SI-149,46.05655790,15.66259470
4202,Bled,204,SI,003,SI-003,46.36832660,14.11457980
4278,Bloke,204,SI,150,SI-150,45.77281410,14.50634590
4282,Bohinj,204,SI,004,SI-004,46.30203360,13.90901550
4200,Borovnica,204,SI,005,SI-005,45.90445250,14.38241890
4181,Bovec,204,SI,006,SI-006,46.33804950,13.55241740
4141,Braslovče,204,SI,151,SI-151,46.28361920,15.04183200
4240,Brda,204,SI,007,SI-007,46.01620190,13.54891020
4215,Brežice,204,SI,009,SI-009,45.90410960,15.59436390
4165,Brezovica,204,SI,008,SI-008,45.94803240,14.41803360
4147,Cankova,204,SI,152,SI-152,46.71823700,16.01972220
4191,Celje,204,SI,011,SI-011,46.22938890,15.26168280
4310,Cerklje na Gorenjskem,204,SI,012,SI-012,46.25170540,14.48579790
4162,Cerknica,204,SI,013,SI-013,45.79365780,14.36188300
4178,Cerkno,204,SI,014,SI-014,46.12884140,13.98940270
4176,Cerkvenjak,204,SI,153,SI-153,46.56707110,15.94297530
4309,Cirkulane,204,SI,196,SI-196,46.34380750,15.99447240
4151,Črenšovci,204,SI,015,SI-015,46.57200290,16.28773460
4232,Črna na Koroškem,204,SI,016,SI-016,46.47045290,14.84999980
4291,Črnomelj,204,SI,017,SI-017,45.57009650,15.19233240
4304,Destrnik,204,SI,018,SI-018,46.49223680,15.87779560
4167,Divača,204,SI,019,SI-019,45.68060690,13.97203120
4295,Dobje,204,SI,154,SI-154,46.13700370,15.39412900
4216,Dobrepolje,204,SI,020,SI-020,45.80975280,14.74256570
4252,Dobrna,204,SI,155,SI-155,46.33561410,15.22597320
4308,Dobrova–Polhov Gradec,204,SI,021,SI-021,46.06488960,14.31681950
4189,Dobrovnik,204,SI,156,SI-156,46.65386620,16.35065940
4173,Dol pri Ljubljani,204,SI,022,SI-022,46.08843860,14.64247920
4281,Dolenjske Toplice,204,SI,157,SI-157,45.75726920,15.05837910
4159,Domžale,204,SI,023,SI-023,46.13942960,14.59445530
4290,Dornava,204,SI,024,SI-024,46.43519130,15.95520140
4345,Dravograd,204,SI,025,SI-025,46.58921900,15.02460210
4213,Duplek,204,SI,026,SI-026,46.50913950,15.76265700
4293,Gorenja Vas–Poljane,204,SI,027,SI-027,46.11165820,14.11493480
4210,Gorišnica,204,SI,028,SI-028,46.41202710,16.01330890
4284,Gorje,204,SI,207,SI-207,46.39448470,13.99128810
4343,Gornja Radgona,204,SI,029,SI-029,46.67670990,15.99108470
4339,Gornji Grad,204,SI,030,SI-030,46.29617120,14.80623470
4271,Gornji Petrovci,204,SI,031,SI-031,46.80371280,16.21913790
4217,Grad,204,SI,158,SI-158,46.80189400,16.09192160
4336,Grosuplje,204,SI,032,SI-032,45.95576450,14.65889900
4145,Hajdina,204,SI,159,SI-159,46.41850140,15.82447220
4175,Hoče–Slivnica,204,SI,160,SI-160,46.48987750,15.61062050
4327,Hodoš,204,SI,161,SI-161,46.83141340,16.32106800
4193,Horjul,204,SI,162,SI-162,46.02253780,14.29862690
4341,Hrastnik,204,SI,034,SI-034,46.14172880,15.08448940
4321,Hrpelje–Kozina,204,SI,035,SI-035,45.56233180,14.01256630
4152,Idrija,204,SI,036,SI-036,46.00239830,14.02730140
4286,Ig,204,SI,037,SI-037,45.95888680,14.52705280
4344,Ilirska Bistrica,204,SI,038,SI-038,45.56366180,14.24533180
4305,Ivančna Gorica,204,SI,039,SI-039,45.93958410,14.80476260
4322,Izola,204,SI,040,SI-040,45.53989360,13.65939000
4337,Jesenice,204,SI,041,SI-041,46.43670470,14.05260570
4203,Jezersko,204,SI,163,SI-163,46.39427940,14.49855590
4266,Juršinci,204,SI,042,SI-042,46.48593020,15.96819260
4180,Kamnik,204,SI,043,SI-043,46.22216660,14.60707270
4227,Kanal ob Soči,204,SI,044,SI-044,46.08586870,13.63392980
4150,Kidričevo,204,SI,045,SI-045,46.40439480,15.79653290
4243,Kobarid,204,SI,046,SI-046,46.24569710,13.57869490
4325,Kobilje,204,SI,047,SI-047,46.68518000,16.39367190
4335,Kočevje,204,SI,048,SI-048,45.64280000,14.86158380
4315,Komen,204,SI,049,SI-049,45.81752350,13.74827110
4283,Komenda,204,SI,164,SI-164,46.20648800,14.53824990
4319,Koper,204,SI,050,SI-050,45.54805900,13.73018770
4254,Kostanjevica na Krki,204,SI,197,SI-197,45.84566740,15.42022870
4331,Kostel,204,SI,165,SI-165,45.50813620,14.91048710
4186,Kozje,204,SI,051,SI-051,46.07332110,15.55967190
4287,Kranj,204,SI,052,SI-052,46.24329130,14.35493530
4340,Kranjska Gora,204,SI,053,SI-053,46.48452930,13.78571450
4238,Križevci,204,SI,166,SI-166,46.57018210,16.10926530
4314,Krško,204,SI,054,SI-054,45.95896090,15.49235550
4197,Kungota,204,SI,055,SI-055,46.64187930,15.60362880
4211,Kuzma,204,SI,056,SI-056,46.83510380,16.08071000
4338,Laško,204,SI,057,SI-057,46.15422360,15.23614910
4142,Lenart,204,SI,058,SI-058,46.58344240,15.82621250
4225,Lendava,204,SI,059,SI-059,46.56396390,16.45264680
4347,Litija,204,SI,060,SI-060,46.05732260,14.83096360
4270,Ljubljana,204,SI,061,SI-061,46.05694650,14.50575150
4294,Ljubno,204,SI,062,SI-062,46.36644100,14.83976510
4351,Ljutomer,204,SI,063,SI-063,46.51908480,16.18932160
4306,Log–Dragomer,204,SI,208,SI-208,46.01787470,14.36877670
4350,Logatec,204,SI,064,SI-064,45.91761100,14.23514510
4174,Loška Dolina,204,SI,065,SI-065,45.66451720,14.49970810
4158,Loški Potok,204,SI,066,SI-066,45.66252460,14.66996540
4156,Lovrenc na Pohorju,204,SI,167,SI-167,46.54196380,15.40004430
4219,Luče,204,SI,067,SI-067,46.35449250,14.74715040
4302,Lukovica,204,SI,068,SI-068,46.16962930,14.69072590
4157,Majšperk,204,SI,069,SI-069,46.35030190,15.73405950
4224,Makole,204,SI,198,SI-198,46.31686970,15.66641260
4242,Maribor,204,SI,070,SI-070,46.55764390,15.64558540
4244,Markovci,204,SI,168,SI-168,46.39477080,15.92984960
4349,Medvode,204,SI,071,SI-071,46.14190800,14.40325960
4348,Mengeš,204,SI,072,SI-072,46.16591220,14.57196940
4323,Metlika,204,SI,073,SI-073,45.64807150,15.31778380
4265,Mežica,204,SI,074,SI-074,46.52150270,14.85213400
4223,Miklavž na Dravskem Polju,204,SI,169,SI-169,46.50826280,15.69520650
4220,Miren–Kostanjevica,204,SI,075,SI-075,45.85981410,13.64985400
4298,Mirna,204,SI,212,SI-212,45.95156470,15.06209770
4237,Mirna Peč,204,SI,170,SI-170,45.86027160,15.08189960
4212,Mislinja,204,SI,076,SI-076,46.44294030,15.19876780
4297,Mokronog–Trebelno,204,SI,199,SI-199,45.92367480,15.16793930
4168,Moravče,204,SI,077,SI-077,46.13627810,14.74600100
4218,Moravske Toplice,204,SI,078,SI-078,46.68569320,16.22245820
4190,Mozirje,204,SI,079,SI-079,46.33943500,14.96024130
4313,Murska Sobota,204,SI,080,SI-080,46.66246440,16.16552560
4208,Muta,204,SI,081,SI-081,46.60973660,15.16299950
4177,Naklo,204,SI,082,SI-082,46.27186630,14.31569320
4329,Nazarje,204,SI,083,SI-083,46.32058650,14.94871210
4205,Nova Gorica,204,SI,084,SI-084,45.97627600,13.73088810
4236,Novo Mesto,204,SI,085,SI-085,45.80108240,15.17100890
4320,Odranci,204,SI,086,SI-086,46.59010170,16.27881650
4143,Oplotnica,204,SI,171,SI-171,46.38716300,15.44581310
4221,Ormož,204,SI,087,SI-087,46.40723830,16.14892550
4199,Osilnica,204,SI,088,SI-088,45.52924180,14.69886720
4172,Pesnica,204,SI,089,SI-089,46.61820530,15.70615100
4201,Piran,204,SI,090,SI-090,45.52888560,13.56807350
4184,Pivka,204,SI,091,SI-091,45.68250640,14.19535180
4146,Podčetrtek,204,SI,092,SI-092,46.15180820,15.59749600
4161,Podlehnik,204,SI,172,SI-172,46.33107820,15.87858360
4234,Podvelka,204,SI,093,SI-093,46.58898580,15.32806750
4239,Poljčane,204,SI,200,SI-200,46.31398530,15.57847910
4272,Polzela,204,SI,173,SI-173,46.28089700,15.07373210
4330,Postojna,204,SI,094,SI-094,45.77493900,14.21342630
4188,Prebold,204,SI,174,SI-174,46.23591360,15.09369120
4303,Preddvor,204,SI,095,SI-095,46.30171390,14.42181650
4274,Prevalje,204,SI,175,SI-175,46.54606170,14.91697960
4228,Ptuj,204,SI,096,SI-096,46.41995350,15.86968840
4288,Puconci,204,SI,097,SI-097,46.70433480,16.15508520
4204,Rače–Fram,204,SI,098,SI-098,46.45420830,15.63294670
4195,Radeče,204,SI,099,SI-099,46.06669540,15.18204380
4292,Radenci,204,SI,100,SI-100,46.64090280,16.03998480
4275,Radlje ob Dravi,204,SI,101,SI-101,46.61357320,15.23544380
4231,Radovljica,204,SI,102,SI-102,46.34350900,14.17202270
4155,Ravne na Koroškem,204,SI,103,SI-103,46.55211940,14.95990840
4206,Razkrižje,204,SI,176,SI-176,46.52263390,16.26686380
4160,Rečica ob Savinji,204,SI,209,SI-209,46.32337900,14.92236700
4253,Renče–Vogrsko,204,SI,201,SI-201,45.89546170,13.67856730
4235,Ribnica,204,SI,104,SI-104,45.74003030,14.72657820
4207,Ribnica na Pohorju,204,SI,177,SI-177,46.53561450,15.26745380
4233,Rogaška Slatina,204,SI,106,SI-106,46.23298980,15.63843690
4264,Rogašovci,204,SI,105,SI-105,46.80557850,16.03452370
4209,Rogatec,204,SI,107,SI-107,46.22866260,15.69913380
4280,Ruše,204,SI,108,SI-108,46.53866880,15.51394150
4222,Šalovci,204,SI,033,SI-033,46.82442710,16.28576600
4230,Selnica ob Dravi,204,SI,178,SI-178,46.55139180,15.49294100
4346,Semič,204,SI,109,SI-109,45.65205340,15.18207010
4317,Šempeter–Vrtojba,204,SI,183,SI-183,45.91780930,13.65170040
4299,Šenčur,204,SI,117,SI-117,46.24336990,14.41922230
4324,Šentilj,204,SI,118,SI-118,46.66960340,15.76883060
4241,Šentjernej,204,SI,119,SI-119,45.84341300,15.33783120
4171,Šentjur,204,SI,120,SI-120,46.21683750,15.39379050
4311,Šentrupert,204,SI,211,SI-211,45.97712890,15.09140510
4268,Sevnica,204,SI,110,SI-110,46.00703170,15.30456790
4149,Sežana,204,SI,111,SI-111,45.70917990,13.87309890
4170,Škocjan,204,SI,121,SI-121,45.90778200,15.29061850
4316,Škofja Loka,204,SI,122,SI-122,46.16527400,14.30674740
4187,Škofljica,204,SI,123,SI-123,45.98409620,14.57466260
4169,Slovenj Gradec,204,SI,112,SI-112,46.50914400,15.07906770
4332,Slovenska Bistrica,204,SI,113,SI-113,46.39198130,15.57278690
4198,Slovenske Konjice,204,SI,114,SI-114,46.33691910,15.42147080
4285,Šmarje pri Jelšah,204,SI,124,SI-124,46.22870250,15.51903530
4289,Šmarješke Toplice,204,SI,206,SI-206,45.86803770,15.23474220
4296,Šmartno ob Paki,204,SI,125,SI-125,46.32903720,15.03339370
4279,Šmartno pri Litiji,204,SI,194,SI-194,46.04549710,14.84101330
4277,Sodražica,204,SI,179,SI-179,45.76165650,14.63528530
4261,Solčava,204,SI,180,SI-180,46.41955690,14.69202420
4248,Šoštanj,204,SI,126,SI-126,46.37828360,15.04613780
4263,Središče ob Dravi,204,SI,202,SI-202,46.39592820,16.27049150
4259,Starše,204,SI,115,SI-115,46.46743310,15.76405460
4185,Štore,204,SI,127,SI-127,46.22225140,15.31261160
4333,Straža,204,SI,203,SI-203,45.78368550,15.07303990
4164,Sveta Ana,204,SI,181,SI-181,46.65000000,15.84527800
4260,Sveta Trojica v Slovenskih Goricah,204,SI,204,SI-204,46.56808090,15.88230640
4229,Sveti Andraž v Slovenskih Goricah,204,SI,182,SI-182,46.51897470,15.94982620
4255,Sveti Jurij ob Ščavnici,204,SI,116,SI-116,46.56874520,16.02225280
4328,Sveti Jurij v Slovenskih Goricah,204,SI,210,SI-210,46.61333550,15.79741410
4273,Sveti Tomaž,204,SI,205,SI-205,46.48352830,16.07944200
4194,Tabor,204,SI,184,SI-184,46.23505400,15.01530810
4312,Tišina,204,SI,010,SI-010,46.65418840,16.07547810
4247,Tolmin,204,SI,128,SI-128,46.18571880,13.73198380
4246,Trbovlje,204,SI,129,SI-129,46.15035630,15.04531370
4214,Trebnje,204,SI,130,SI-130,45.90801630,15.01319050
4153,Trnovska Vas,204,SI,185,SI-185,46.51968330,15.88678840
4250,Tržič,204,SI,131,SI-131,46.35935140,14.30066230
4334,Trzin,204,SI,186,SI-186,46.12982410,14.55776370
4251,Turnišče,204,SI,132,SI-132,46.62488850,16.31651870
5698,Velenje,204,SI,133,SI-133,46.36666667,15.13333333
4267,Velika Polana,204,SI,187,SI-187,46.57317150,16.34441260
4144,Velike Lašče,204,SI,134,SI-134,45.83365910,14.63623630
4257,Veržej,204,SI,188,SI-188,46.58411350,16.16208000
4300,Videm,204,SI,135,SI-135,46.34295020,15.93223790
4196,Vipava,204,SI,136,SI-136,45.84126740,13.96096130
4148,Vitanje,204,SI,137,SI-137,46.38153230,15.29506870
4154,Vodice,204,SI,138,SI-138,46.18966430,14.49385390
4245,Vojnik,204,SI,139,SI-139,46.29205810,15.30205800
4163,Vransko,204,SI,189,SI-189,46.23900600,14.95272490
4262,Vrhnika,204,SI,140,SI-140,45.96636070,14.29807720
4226,Vuzenica,204,SI,141,SI-141,46.59808360,15.16572370
4269,Zagorje ob Savi,204,SI,142,SI-142,46.13452020,14.99643840
4258,Žalec,204,SI,190,SI-190,46.25197120,15.16500720
4182,Zavrč,204,SI,143,SI-143,46.38602210,16.04598790
4256,Železniki,204,SI,146,SI-146,46.22563770,14.16936170
4249,Žetale,204,SI,191,SI-191,46.27428330,15.79133590
4192,Žiri,204,SI,147,SI-147,46.04724990,14.10984510
4276,Žirovnica,204,SI,192,SI-192,46.40460830,14.13532290
4342,Zreče,204,SI,144,SI-144,46.37163540,15.39001850
4307,Žužemberk,204,SI,193,SI-193,45.83160830,14.92954910
4784,Central,205,SB,CE,SB-CE,-8.98333350,159.75000000
4781,Choiseul,205,SB,CH,SB-CH,-7.00917560,156.92395320
4785,Guadalcanal,205,SB,GU,SB-GU,-9.59842090,160.14851170
4778,Honiara,205,SB,CT,SB-CT,-9.43779750,159.96241750
4780,Isabel,205,SB,IS,SB-IS,-7.99999990,158.99999990
4782,Makira-Ulawa,205,SB,MK,SB-MK,-10.28352570,161.72807310
4783,Malaita,205,SB,ML,SB-ML,-8.95516870,160.95144130
4787,Rennell and Bellona,205,SB,RB,SB-RB,-12.11342660,160.31705230
4779,Temotu,205,SB,TE,SB-TE,-10.88913220,166.23103500
4786,Western,205,SB,WE,SB-WE,-7.81666670,156.68398800
925,Awdal,206,SO,AW,SO-AW,10.69511520,43.49049630
917,Bakool,206,SO,BK,SO-BK,4.35143870,43.71861020
927,Banaadir,206,SO,BN,SO-BN,2.07833510,45.28054210
930,Bari,206,SO,BR,SO-BR,10.19035090,50.12980440
926,Bay,206,SO,BY,SO-BY,2.99999460,43.50017700
918,Galguduud,206,SO,GA,SO-GA,5.07550140,46.88033630
928,Gedo,206,SO,GE,SO-GE,3.00000000,42.00000000
915,Hiran,206,SO,HI,SO-HI,4.36169580,45.53331020
924,Lower Juba,206,SO,JH,SO-JH,-0.00010190,41.99996240
921,Lower Shebelle,206,SO,SH,SO-SH,1.84275390,44.59372390
922,Middle Juba,206,SO,JD,SO-JD,1.43259370,42.65599390
923,Middle Shebelle,206,SO,SD,SO-SD,3.00000000,46.00000000
916,Mudug,206,SO,MU,SO-MU,6.65072790,48.30099450
920,Nugal,206,SO,NU,SO-NU,8.16698000,48.99789710
919,Sanaag,206,SO,SA,SO-SA,10.43868990,47.59240850
5699,Sool,206,SO,SO,SO-SO,8.39611111,47.69138889
929,Togdheer,206,SO,TO,SO-TO,9.30294530,45.48612130
5700,Woqooyi Galbeed,206,SO,WO,SO-WO,9.56305556,44.06750000
938,Eastern Cape,207,ZA,EC,ZA-EC,-32.21718310,26.63864010
932,Free State,207,ZA,FS,ZA-FS,-28.78536180,26.49789330
936,Gauteng,207,ZA,GP,ZA-GP,-25.93634390,28.08131050
935,KwaZulu-Natal,207,ZA,KZN,ZA-KZN,-28.50383300,30.88750090
933,Limpopo,207,ZA,LP,ZA-LP,-23.47352880,29.39591990
937,Mpumalanga,207,ZA,MP,ZA-MP,-26.27684900,30.15001530
934,North West,207,ZA,NW,ZA-NW,-26.13478190,25.65467290
931,Northern Cape,207,ZA,NC,ZA-NC,-29.57340200,21.20513610
939,Western Cape,207,ZA,WC,ZA-WC,-33.54697700,20.72753000
3860,Busan,120,KR,26,KR-26,35.17955430,129.07564160
3846,Daegu,120,KR,27,KR-27,35.87143540,128.60144500
3850,Daejeon,120,KR,30,KR-30,36.35041190,127.38454750
3862,Gangwon,120,KR,42,KR-42,37.88500000,127.72970000
3858,Gwangju,120,KR,29,KR-29,35.15954540,126.85260120
3847,Gyeonggi,120,KR,41,KR-41,37.28846750,127.05352310
3848,Incheon,120,KR,28,KR-28,37.45625570,126.70520620
3853,Jeju,120,KR,49,KR-49,33.49982890,126.53139020
3854,North Chungcheong,120,KR,43,KR-43,36.63570000,127.49150000
3855,North Gyeongsang,120,KR,47,KR-47,36.57540000,128.50580000
3851,North Jeolla,120,KR,45,KR-45,35.81989990,127.10900000
3861,Sejong City,120,KR,50,KR-50,36.47999990,127.28900000
3849,Seoul,120,KR,11,KR-11,37.56653500,126.97796920
3859,South Chungcheong,120,KR,44,KR-44,36.65930000,126.67290000
3857,South Gyeongsang,120,KR,48,KR-48,35.23820000,128.69250000
3856,South Jeolla,120,KR,46,KR-46,34.81590000,126.46290000
3852,Ulsan,120,KR,31,KR-31,35.53837730,129.31135960
2092,Central Equatoria,209,SS,EC,SS-EC,5.00000000,31.50000000
2093,Eastern Equatoria,209,SS,EE,SS-EE,5.28393200,33.59123290
2094,Jonglei State,209,SS,JG,SS-JG,8.00000000,32.00000000
2090,Lakes,209,SS,LK,SS-LK,6.75267160,30.09484290
2088,Northern Bahr el Ghazal,209,SS,BN,SS-BN,9.00000000,27.00000000
2085,Unity,209,SS,UY,SS-UY,8.45825250,29.95605470
2086,Upper Nile,209,SS,NU,SS-NU,9.00000000,33.00000000
2087,Warrap,209,SS,WR,SS-WR,7.91326880,28.95881410
2091,Western Bahr el Ghazal,209,SS,BW,SS-BW,8.54555550,25.22245040
2089,Western Equatoria,209,SS,EW,SS-EW,5.53812150,29.14951180
5089,A Coruña,210,ES,C,ES-C,43.37097030,-8.39594250
5109,Albacete,210,ES,AB,ES-AB,38.99509210,-1.85591540
5108,Alicante,210,ES,A,ES-A,38.34363650,-0.48817080
5095,Almeria,210,ES,AL,ES-AL,36.84141970,-2.46281350
5325,Andalusia,210,ES,AN,ES-AN,37.33999640,-4.58116140
5093,Araba,210,ES,VI,ES-VI,42.84407220,-2.68208290
5326,Aragon,210,ES,AR,ES-AR,41.37872910,-0.76393730
1160,Asturias,210,ES,O,ES-O,43.31338680,-5.94192000
5701,"Asturias, Principality of",210,ES,AS,ES-AS,43.36138889,-5.84777778
1189,Ávila,210,ES,AV,ES-AV,40.62327680,-4.83542020
5092,Badajoz,210,ES,BA,ES-BA,38.87818700,-6.97011150
5335,Balearic Islands,210,ES,IB,ES-IB,39.61343200,2.88291850
5102,Barcelona,210,ES,B,ES-B,41.38258020,2.17707300
5332,Basque Country,210,ES,PV,ES-PV,42.99118160,-2.55430230
5094,Bizkaia,210,ES,BI,ES-BI,43.23848200,-2.85163160
1146,Burgos,210,ES,BU,ES-BU,42.32471420,-3.67653890
1190,Caceres,210,ES,CC,ES-CC,39.47451750,-6.37167610
5096,Cádiz,210,ES,CA,ES-CA,36.52974380,-6.29289760
5222,Canary Islands,210,ES,CN,ES-CN,28.29357850,-16.62144710
1170,Cantabria,210,ES,S,ES-S,43.15956640,-4.08783820
5702,Cantabria,210,ES,CB,ES-CB,43.33333333,-4.00000000
5110,Castellón,210,ES,CS,ES-CS,40.25185680,-0.06150520
5329,Castile and Leon,210,ES,CL,ES-CL,41.55005000,-5.13874010
5330,Castilla-La Mancha,210,ES,CM,ES-CM,39.41779020,-2.62323320
5331,Catalonia,210,ES,CT,ES-CT,41.85230940,1.57450430
5223,Ceuta,210,ES,CE,ES-CE,35.88836100,-5.30413800
5105,Ciudad Real,210,ES,CR,ES-CR,38.98542010,-3.92851380
5337,Community of Madrid,210,ES,MD,ES-MD,40.52483190,-3.77156280
5097,Córdoba,210,ES,CO,ES-CO,37.95671160,-4.84772410
5106,Cuenca,210,ES,CU,ES-CU,40.06610310,-2.13135280
5333,Estremadura,210,ES,EX,ES-EX,39.17484260,-6.15298910
5334,Galicia,210,ES,GA,ES-GA,42.61946000,-7.86311200
1191,Gipuzkoa,210,ES,SS,ES-SS,43.14452780,-2.20379550
5103,Girona,210,ES,GI,ES-GI,41.97930060,2.81994390
5098,Granada,210,ES,GR,ES-GR,37.17349950,-3.59953370
5107,Guadalajara,210,ES,GU,ES-GU,40.63269790,-3.16460670
5099,Huelva,210,ES,H,ES-H,37.25758740,-6.94849450
1177,Huesca,210,ES,HU,ES-HU,42.13637860,-0.43658370
1174,Islas Baleares,210,ES,PM,ES-PM,39.61343200,2.88291850
5100,Jaén,210,ES,J,ES-J,37.77288580,-3.78832890
5703,La Rioja,210,ES,RI,ES-RI,42.25000000,-2.50000000
1171,La Rioja,210,ES,LO,ES-LO,42.28146420,-2.48280500
1185,Las Palmas,210,ES,GC,ES-GC,27.95800040,-15.60623050
1200,León,210,ES,LE,ES-LE,42.59870410,-5.56708390
5104,Lleida,210,ES,L,ES-L,41.61476050,0.62678420
5090,Lugo,210,ES,LU,ES-LU,43.01184370,-7.55657490
1158,Madrid,210,ES,M,ES-M,40.41675150,-3.70383220
5101,Málaga,210,ES,MA,ES-MA,36.72130280,-4.42163660
5224,Melilla,210,ES,ML,ES-ML,35.29370000,-2.93830000
1176,Murcia,210,ES,MU,ES-MU,37.99237950,-1.13054310
1204,Navarra,210,ES,NA,ES-NA,42.61254880,-1.83078770
5339,Navarre,210,ES,NC,ES-NC,42.61254880,-1.83078770
5091,Ourense,210,ES,OR,ES-OR,42.34389320,-7.85717920
1157,Palencia,210,ES,P,ES-P,42.00968320,-4.52879490
1167,Pontevedra,210,ES,PO,ES-PO,42.43188760,-8.64315920
5338,Region of Murcia,210,ES,MC,ES-MC,38.06401230,-1.67193770
1147,Salamanca,210,ES,SA,ES-SA,40.76655820,-6.02176500
5112,Santa Cruz de Tenerife,210,ES,TF,ES-TF,28.46717800,-16.25078430
1192,Segovia,210,ES,SG,ES-SG,40.94292960,-4.10889420
1193,Sevilla,210,ES,SE,ES-SE,37.38863030,-5.99534030
1208,Soria,210,ES,SO,ES-SO,41.76338420,-2.46420410
1203,Tarragona,210,ES,T,ES-T,41.11723640,1.25460570
5111,Teruel,210,ES,TE,ES-TE,40.34504100,-1.11847440
1205,Toledo,210,ES,TO,ES-TO,39.85606790,-4.02395680
1175,Valencia,210,ES,V,ES-V,39.33420580,-0.79734740
5340,Valencian Community,210,ES,VC,ES-VC,39.68195910,-0.76544060
1183,Valladolid,210,ES,VA,ES-VA,41.65173750,-4.72449500
1161,Zamora,210,ES,ZA,ES-ZA,41.68576930,-5.94231500
5113,Zaragoza,210,ES,Z,ES-Z,41.65213420,-0.88094280
2799,Ampara,211,LK,52,LK-52,7.29781180,81.67901940
2816,Anuradhapura,211,LK,71,LK-71,8.33183050,80.40290170
2790,Badulla,211,LK,81,LK-81,6.99340090,81.05498150
2818,Batticaloa,211,LK,51,LK-51,7.83810210,81.55675330
2798,Central,211,LK,2,LK-2,7.38194900,80.72342800
2815,Colombo,211,LK,11,LK-11,6.93886140,79.85420050
2808,Eastern,211,LK,5,LK-5,7.75964350,81.58502050
2792,Galle,211,LK,31,LK-31,6.03281390,80.21495500
2804,Gampaha,211,LK,12,LK-12,7.09255950,79.99513960
2791,Hambantota,211,LK,33,LK-33,6.17639200,81.13211950
2787,Jaffna,211,LK,41,LK-41,9.66509300,80.00930290
2789,Kalutara,211,LK,13,LK-13,6.57453050,80.02863120
2788,Kandy,211,LK,21,LK-21,7.29315880,80.63501070
2797,Kegalle,211,LK,92,LK-92,7.12040530,80.32131060
2793,Kilinochchi,211,LK,42,LK-42,9.38400680,80.40872240
5342,Kurunegala,211,LK,61,LK-61,7.72798370,80.25718400
2805,Mannar,211,LK,43,LK-43,8.98095310,79.90439750
2810,Matale,211,LK,22,LK-22,7.46596460,80.62342590
2806,Matara,211,LK,32,LK-32,5.94493480,80.54879970
2819,Monaragala,211,LK,82,LK-82,6.87277810,81.35068320
2814,Mullaitivu,211,LK,45,LK-45,9.26753880,80.81282540
2800,North Central,211,LK,7,LK-7,8.28269670,80.48487080
2817,North Western,211,LK,6,LK-6,7.97458670,79.97200530
2813,Northern,211,LK,4,LK-4,9.28000000,80.28277530
2794,Nuwara Eliya,211,LK,23,LK-23,6.97388630,80.76712700
2812,Polonnaruwa,211,LK,72,LK-72,7.93955670,81.00034030
2796,Puttalam,211,LK,62,LK-62,8.03018560,79.82865830
2807,Ratnapura,211,LK,91,LK-91,6.68036910,80.40229750
2803,Sabaragamuwa,211,LK,9,LK-9,6.81240180,80.33547640
2801,Southern,211,LK,3,LK-3,6.14900000,80.73181780
2795,Trincomalee,211,LK,53,LK-53,8.57642500,81.23449520
2811,Uva,211,LK,8,LK-8,6.96094650,81.23947110
2809,Vavuniya,211,LK,44,LK-44,8.75947390,80.50003340
2802,Western,211,LK,1,LK-1,6.82752970,79.93129600
885,Al Jazirah,212,SD,GZ,SD-GZ,14.66715370,33.22236100
886,Al Qadarif,212,SD,GD,SD-GD,14.04094100,35.39883200
887,Blue Nile,212,SD,NB,SD-NB,11.95669720,34.12289400
896,Central Darfur,212,SD,DC,SD-DC,12.12970930,23.35416870
892,East Darfur,212,SD,DE,SD-DE,11.22319830,26.58580410
884,Kassala,212,SD,KA,SD-KA,15.45201100,36.37706990
881,Khartoum,212,SD,KH,SD-KH,15.50383010,32.57389790
890,North Darfur,212,SD,DN,SD-DN,16.00000000,26.00000000
893,North Kordofan,212,SD,KN,SD-KN,14.41693020,29.46836900
895,Northern,212,SD,NO,SD-NO,19.00000000,30.00000000
880,Red Sea,212,SD,RS,SD-RS,20.00000000,36.00000000
891,River Nile,212,SD,NR,SD-NR,19.01055960,33.01831800
882,Sennar,212,SD,SI,SD-SI,13.54240540,33.61035550
894,South Darfur,212,SD,DS,SD-DS,11.00000000,25.00000000
883,South Kordofan,212,SD,KS,SD-KS,11.00000000,31.00000000
888,West Darfur,212,SD,DW,SD-DW,13.51100520,22.70334270
889,West Kordofan,212,SD,GK,SD-GK,11.75228030,28.20460260
879,White Nile,212,SD,NW,SD-NW,12.49998380,32.50001660
2846,Brokopondo,213,SR,BR,SR-BR,4.68516430,-55.06109300
2839,Commewijne,213,SR,CM,SR-CM,5.84011980,-54.92444310
2842,Coronie,213,SR,CR,SR-CR,5.74685630,-56.24551620
2845,Marowijne,213,SR,MA,SR-MA,5.70832720,-54.35369000
2840,Nickerie,213,SR,NI,SR-NI,5.71839250,-56.87751050
2841,Para,213,SR,PR,SR-PR,5.34304130,-55.58134100
2843,Paramaribo,213,SR,PM,SR-PM,5.82476280,-55.17039410
2848,Saramacca,213,SR,SA,SR-SA,5.78708050,-55.60645740
2847,Sipaliwini,213,SR,SI,SR-SI,3.68150860,-55.96124600
2844,Wanica,213,SR,WA,SR-WA,5.75000000,-55.25000000
1537,Blekinge,215,SE,K,SE-K,56.12401220,15.40220880
1534,Dalarna,215,SE,W,SE-W,61.06037780,14.21508730
1533,Gävleborg,215,SE,X,SE-X,61.26034240,16.69469850
1546,Gotland,215,SE,I,SE-I,57.49987320,18.49989270
1548,Halland,215,SE,N,SE-N,56.96081040,12.85470660
5117,Jämtland,215,SE,Z,SE-Z,63.34522220,14.12498600
1550,Jönköping,215,SE,F,SE-F,57.78256340,14.16571900
1544,Kalmar,215,SE,H,SE-H,56.66666700,16.33305600
1542,Kronoberg,215,SE,G,SE-G,56.80067810,14.41116100
1538,Norrbotten,215,SE,BD,SE-BD,66.52825000,22.95302000
1539,Örebro,215,SE,T,SE-T,59.27472870,15.21511810
1536,Östergötland,215,SE,E,SE-E,58.36502490,16.04471420
1541,Skåne,215,SE,M,SE-M,55.84794160,13.63371170
1540,Södermanland,215,SE,D,SE-D,58.96492140,16.72940120
1551,Stockholm,215,SE,AB,SE-AB,59.33361730,18.02769730
1545,Uppsala,215,SE,C,SE-C,59.86619860,17.59843270
1535,Värmland,215,SE,S,SE-S,59.89076240,13.29476170
1543,Västerbotten,215,SE,AC,SE-AC,64.72847100,18.55332350
1552,Västernorrland,215,SE,Y,SE-Y,63.05896930,18.10136860
1549,Västmanland,215,SE,U,SE-U,59.69656390,16.18465410
1547,Västra Götaland,215,SE,O,SE-O,58.21585020,12.65182080
1639,Aargau,216,CH,AG,CH-AG,47.41239600,8.19483210
1655,Appenzell Ausserrhoden,216,CH,AR,CH-AR,47.39600760,9.37058390
1649,Appenzell Innerrhoden,216,CH,AI,CH-AI,47.30072620,9.39915270
1641,Basel-Land,216,CH,BL,CH-BL,47.50929380,7.65883330
4957,Basel-Stadt,216,CH,BS,CH-BS,47.55790970,7.59277280
1645,Bern,216,CH,BE,CH-BE,46.83823510,7.60045020
1640,Fribourg,216,CH,FR,CH-FR,46.67891160,7.10271130
1647,Geneva,216,CH,GE,CH-GE,46.22565090,6.14392090
1661,Glarus,216,CH,GL,CH-GL,47.04112320,9.06790000
1660,Graubünden,216,CH,GR,CH-GR,46.69606150,9.60273510
1658,Jura,216,CH,JU,CH-JU,47.35666990,7.15988930
1663,Lucerne,216,CH,LU,CH-LU,47.09082070,8.17196110
1659,Neuchâtel,216,CH,NE,CH-NE,46.98998740,6.92927320
1652,Nidwalden,216,CH,NW,CH-NW,46.94275600,8.41197730
1650,Obwalden,216,CH,OW,CH-OW,46.86138570,8.20678250
1654,Schaffhausen,216,CH,SH,CH-SH,47.69604910,8.63451300
1653,Schwyz,216,CH,SZ,CH-SZ,47.02071380,8.65298840
1662,Solothurn,216,CH,SO,CH-SO,47.31874000,7.66982840
1644,St. Gallen,216,CH,SG,CH-SG,47.15610470,9.33832300
1657,Thurgau,216,CH,TG,CH-TG,47.58596490,9.14287690
1643,Ticino,216,CH,TI,CH-TI,46.33519130,8.75259020
1642,Uri,216,CH,UR,CH-UR,46.78644130,8.64201590
1648,Valais,216,CH,VS,CH-VS,46.23030630,7.66057570
1651,Vaud,216,CH,VD,CH-VD,46.63569630,6.53207170
1646,Zug,216,CH,ZG,CH-ZG,47.16615050,8.51547490
1656,Zürich,216,CH,ZH,CH-ZH,47.41330240,8.65639400
2941,Al-Hasakah,217,SY,HA,SY-HA,36.43645440,40.57938160
2944,Al-Raqqah,217,SY,RA,SY-RA,35.94967800,39.00892120
2946,Aleppo,217,SY,HL,SY-HL,36.15174790,37.39350000
2936,As-Suwayda,217,SY,SU,SY-SU,32.77055000,36.87763350
2939,Damascus,217,SY,DI,SY-DI,33.51306950,36.30958140
2945,Daraa,217,SY,DR,SY-DR,32.82846850,36.10556020
2937,Deir ez-Zor,217,SY,DY,SY-DY,35.26932360,40.24011720
2934,Hama,217,SY,HM,SY-HM,35.30948900,37.27042220
2942,Homs,217,SY,HI,SY-HI,34.47098210,38.15026220
2940,Idlib,217,SY,ID,SY-ID,35.85959740,36.57137010
2938,Latakia,217,SY,LA,SY-LA,35.57861980,35.98146910
2943,Quneitra,217,SY,QU,SY-QU,33.05377590,35.90470940
2935,Rif Dimashq,217,SY,RD,SY-RD,33.47082340,37.64763200
2947,Tartus,217,SY,TA,SY-TA,34.94525530,36.07532610
3404,Changhua,218,TW,CHA,TW-CHA,24.07556670,120.54446670
3408,Chiayi,218,TW,CYI,TW-CYI,23.45916640,120.29300040
5704,Chiayi County,218,TW,CYQ,TW-CYQ,23.49620556,120.64187500
3417,Hsinchu,218,TW,HSZ,TW-HSZ,24.81382870,120.96747980
5705,Hsinchu County,218,TW,HSQ,TW-HSQ,24.83333333,121.01472222
3411,Hualien,218,TW,HUA,TW-HUA,23.98715890,121.60157140
3412,Kaohsiung,218,TW,KHH,TW-KHH,22.62033480,120.31203750
4965,Keelung,218,TW,KEE,TW-KEE,25.13172320,121.74465200
3415,Kinmen,218,TW,KIN,TW-KIN,24.43676380,118.31864350
3420,Lienchiang,218,TW,LIE,TW-LIE,26.15779510,119.95197560
3413,Miaoli,218,TW,MIA,TW-MIA,24.56015900,120.82142650
3407,Nantou,218,TW,NAN,TW-NAN,23.90235000,120.69091670
4966,New Taipei,218,TW,NWT,TW-NWT,25.01199700,121.46566190
3403,Penghu,218,TW,PEN,TW-PEN,23.56969400,119.56645430
3405,Pingtung,218,TW,PIF,TW-PIF,22.66284680,120.49156770
3406,Taichung,218,TW,TXG,TW-TXG,24.16316200,120.64782820
3421,Tainan,218,TW,TNN,TW-TNN,22.99123480,120.18498200
3422,Taipei,218,TW,TPE,TW-TPE,25.03296940,121.56541770
3410,Taitung,218,TW,TTT,TW-TTT,22.75604470,121.14565380
3419,Taoyuan,218,TW,TAO,TW-TAO,24.99362810,121.30097980
3402,Yilan,218,TW,ILA,TW-ILA,24.73027910,121.76311490
3416,Yunlin,218,TW,YUN,TW-YUN,23.69907750,120.52455110
5706,Dushanbe,219,TJ,DU,TJ-DU,38.53666667,68.78000000
3399,Gorno-Badakhshan,219,TJ,GB,TJ-GB,38.34924570,72.99881680
3398,Khatlon,219,TJ,KT,TJ-KT,37.88047340,69.26369230
3397,Nohiyahoi Tobei Jumhurí ,219,TJ,RA,TJ-RA,39.08579020,70.24083250
3400,Sughd ,219,TJ,SU,TJ-SU,39.35486020,68.82680120
1491,Arusha,220,TZ,01,TZ-01,-3.36968270,36.68807940
1490,Dar es Salaam,220,TZ,02,TZ-02,-6.81608370,39.28035830
1466,Dodoma,220,TZ,03,TZ-03,-6.17911810,35.74681740
1481,Geita,220,TZ,27,TZ-27,-2.87075730,32.23408310
1489,Iringa,220,TZ,04,TZ-04,-7.77427180,35.48263390
1465,Kagera,220,TZ,05,TZ-05,-1.58253150,31.47980310
1482,Katavi,220,TZ,28,TZ-28,-6.30154930,30.92782740
1478,Kigoma,220,TZ,08,TZ-08,-4.87786200,29.62963190
1467,Kilimanjaro,220,TZ,09,TZ-09,-3.47627900,37.38726480
1483,Lindi,220,TZ,12,TZ-12,-9.39850980,37.89974670
1484,Manyara,220,TZ,26,TZ-26,-4.07275100,35.85217350
1468,Mara,220,TZ,13,TZ-13,-1.64095270,33.84216080
4955,Mbeya,220,TZ,14,TZ-14,-8.61312280,33.33419570
1470,Morogoro,220,TZ,16,TZ-16,-7.08429310,37.42326860
1476,Mtwara,220,TZ,17,TZ-17,-10.28381460,40.17891360
1479,Mwanza,220,TZ,18,TZ-18,-2.51969150,32.90144170
1480,Njombe,220,TZ,29,TZ-29,-9.28614870,35.15750970
1488,Pemba North,220,TZ,06,TZ-06,-5.01531010,39.73138640
1472,Pemba South,220,TZ,10,TZ-10,-5.28502140,39.71310870
1485,Pwani,220,TZ,19,TZ-19,-7.11608740,38.73001110
1477,Rukwa,220,TZ,20,TZ-20,-7.75113210,30.94879020
1486,Ruvuma,220,TZ,21,TZ-21,-10.74972100,35.66169340
1463,Shinyanga,220,TZ,22,TZ-22,-3.65620490,33.42711530
1464,Simiyu,220,TZ,30,TZ-30,-3.13283470,34.18379460
1474,Singida,220,TZ,23,TZ-23,-5.29021480,34.63674440
4956,Songwe,220,TZ,31,TZ-31,-7.82694750,32.61939370
1469,Tabora,220,TZ,24,TZ-24,-5.02024310,32.80977240
1487,Tanga,220,TZ,25,TZ-25,-5.20213400,38.22755480
1473,Zanzibar North,220,TZ,07,TZ-07,-5.93950930,39.27910110
1471,Zanzibar South,220,TZ,11,TZ-11,-6.20837520,39.35796340
1475,Zanzibar West,220,TZ,15,TZ-15,-6.16538540,39.23869510
3523,Amnat Charoen,221,TH,37,TH-37,15.86567830,104.62577740
3519,Ang Thong,221,TH,15,TH-15,14.58960540,100.45505200
3554,Bangkok,221,TH,10,TH-10,13.75633090,100.50176510
3533,Bueng Kan,221,TH,38,TH-38,18.36091040,103.64644630
3534,Buri Ram,221,TH,31,TH-31,14.99510030,103.11159150
3552,Chachoengsao,221,TH,24,TH-24,13.69041940,101.07795960
3522,Chai Nat,221,TH,18,TH-18,15.18519710,100.12512500
4954,Chaiyaphum,221,TH,36,TH-36,16.27203490,101.71538240
3486,Chanthaburi,221,TH,22,TH-22,12.61124850,102.10378060
3491,Chiang Mai,221,TH,50,TH-50,18.78834390,98.98530080
3498,Chiang Rai,221,TH,57,TH-57,19.91047980,99.84057600
3513,Chon Buri,221,TH,20,TH-20,13.18571170,101.12107770
3526,Chumphon,221,TH,86,TH-86,10.49304960,99.18001990
3550,Kalasin,221,TH,46,TH-46,16.43850800,103.50609940
3516,Kamphaeng Phet,221,TH,62,TH-62,16.47480450,99.52800720
3511,Kanchanaburi,221,TH,71,TH-71,14.03420660,99.52561130
3485,Khon Kaen,221,TH,40,TH-40,16.43039160,102.83559040
3478,Krabi,221,TH,81,TH-81,8.06346370,98.91623450
3544,Lampang,221,TH,52,TH-52,18.28994890,99.49585260
3483,Lamphun,221,TH,51,TH-51,18.57446060,99.00872210
3509,Loei,221,TH,42,TH-42,17.48602320,101.72230020
3543,Lop Buri,221,TH,16,TH-16,14.80232890,100.61468580
3505,Mae Hong Son,221,TH,58,TH-58,19.30202960,97.96543680
3517,Maha Sarakham,221,TH,44,TH-44,15.90414480,103.08406380
3546,Mukdahan,221,TH,49,TH-49,16.54140650,104.72906990
3535,Nakhon Nayok,221,TH,26,TH-26,14.20694660,101.21305110
3503,Nakhon Pathom,221,TH,73,TH-73,13.83414760,100.05027750
3548,Nakhon Phanom,221,TH,48,TH-48,17.40323260,104.78530980
3497,Nakhon Ratchasima,221,TH,30,TH-30,14.97473390,102.09811610
3492,Nakhon Sawan,221,TH,60,TH-60,15.70578300,100.13300460
3520,Nakhon Si Thammarat,221,TH,80,TH-80,8.43248310,99.95990330
3530,Nan,221,TH,55,TH-55,18.77788740,100.77373200
3553,Narathiwat,221,TH,96,TH-96,6.43503520,101.82289230
3480,Nong Bua Lam Phu,221,TH,39,TH-39,17.20222520,102.44070200
3484,Nong Khai,221,TH,43,TH-43,17.87828030,102.74126380
3495,Nonthaburi,221,TH,12,TH-12,13.84289620,100.49378860
3500,Pathum Thani,221,TH,13,TH-13,14.02083910,100.52502760
3540,Pattani,221,TH,94,TH-94,6.69974430,101.39899170
3507,Pattaya,221,TH,S,TH-S,12.93669240,100.88650020
3549,Phangnga,221,TH,82,TH-82,8.50109440,98.50680540
3488,Phatthalung,221,TH,93,TH-93,7.61668230,100.07402310
3538,Phayao,221,TH,56,TH-56,19.34167300,100.18545390
3515,Phetchabun,221,TH,67,TH-67,16.41802700,101.15568250
3532,Phetchaburi,221,TH,76,TH-76,13.06928690,99.60443760
3514,Phichit,221,TH,66,TH-66,16.44280850,100.34382280
3506,Phitsanulok,221,TH,65,TH-65,16.82112380,100.26585160
3494,Phra Nakhon Si Ayutthaya,221,TH,14,TH-14,14.35354270,100.56456840
3528,Phrae,221,TH,54,TH-54,18.14457740,100.14028310
3536,Phuket,221,TH,83,TH-83,7.88044790,98.39225040
3542,Prachin Buri,221,TH,25,TH-25,14.15420550,101.55478230
3508,Prachuap Khiri Khan,221,TH,77,TH-77,11.80576880,99.79672710
3479,Ranong,221,TH,85,TH-85,9.96412800,98.63400380
3499,Ratchaburi,221,TH,70,TH-70,13.53906700,99.81970350
3518,Rayong,221,TH,21,TH-21,12.68139570,101.28162610
3510,Roi Et,221,TH,45,TH-45,16.05381960,103.65200360
3529,Sa Kaeo,221,TH,27,TH-27,13.82403800,102.06458390
3501,Sakon Nakhon,221,TH,47,TH-47,17.16642110,104.14860550
3481,Samut Prakan,221,TH,11,TH-11,13.65316510,100.81825780
3504,Samut Sakhon,221,TH,74,TH-74,13.54752160,100.27439560
3502,Samut Songkhram,221,TH,75,TH-75,13.40982170,100.00226450
3487,Saraburi,221,TH,19,TH-19,14.52891540,100.91014210
3537,Satun,221,TH,91,TH-91,6.62381580,100.06737440
3547,Si Sa Ket,221,TH,33,TH-33,15.11860090,104.32200950
3490,Sing Buri,221,TH,17,TH-17,14.89362530,100.39673140
3539,Songkhla,221,TH,90,TH-90,7.18976590,100.59538130
3545,Sukhothai,221,TH,64,TH-64,17.14469850,99.43758450
3524,Suphan Buri,221,TH,72,TH-72,14.47448920,100.11771280
3482,Surat Thani,221,TH,84,TH-84,9.14041360,99.32413470
3531,Surin,221,TH,32,TH-32,15.06101420,103.76131230
3525,Tak,221,TH,63,TH-63,17.10535680,98.99539430
3541,Trang,221,TH,92,TH-92,7.55577780,99.60765020
3496,Trat,221,TH,23,TH-23,12.24275630,102.51747340
3512,Ubon Ratchathani,221,TH,34,TH-34,15.22742350,104.85894620
3527,Udon Thani,221,TH,41,TH-41,17.39073640,102.77735820
3551,Uthai Thani,221,TH,61,TH-61,15.38350010,100.02455270
3489,Uttaradit,221,TH,53,TH-53,17.62008860,100.09929420
3493,Yala,221,TH,95,TH-95,6.55672450,101.29025170
3521,Yasothon,221,TH,35,TH-35,15.79264100,104.14528270
3601,Acklins,17,BS,AK,BS-AK,22.41450000,-74.06068310
3593,Berry Islands,17,BS,BY,BS-BY,25.59050000,-77.72610060
3629,Bimini,17,BS,BI,BS-BI,25.70325380,-79.27334490
3605,Black Point,17,BS,BP,BS-BP,24.09625980,-76.40225910
3611,Cat Island,17,BS,CI,BS-CI,24.33850000,-75.61499320
3603,Central Abaco,17,BS,CO,BS-CO,26.52551050,-77.28381180
3631,Central Andros,17,BS,CS,BS-CS,24.43437490,-77.79340770
3596,Central Eleuthera,17,BS,CE,BS-CE,25.23900000,-76.32916210
3621,Crooked Island,17,BS,CK,BS-CK,22.74869590,-74.23861630
3614,East Grand Bahama,17,BS,EG,BS-EG,26.67722290,-78.01345210
3612,Exuma,17,BS,EX,BS-EX,23.96850000,-76.17990490
3626,Freeport,17,BS,FP,BS-FP,26.53568100,-78.69536230
3632,Grand Cay,17,BS,GC,BS-GC,27.22871910,-78.33243660
3613,Harbour Island,17,BS,HI,BS-HI,25.50011000,-76.63405110
3624,Hope Town,17,BS,HT,BS-HT,26.54071160,-76.95943790
3609,Inagua,17,BS,IN,BS-IN,21.23250000,-73.30962130
3610,Long Island,17,BS,LI,BS-LI,23.30300000,-75.10587820
3625,Mangrove Cay,17,BS,MC,BS-MC,24.21882050,-77.71761450
3633,Mayaguana,17,BS,MG,BS-MG,22.36984260,-72.88768160
5717,Moore's Island,17,BS,MI,BS-MI,25.86666700,-77.96666700
4881,New Providence,17,BS,NP,BS-NP,25.19435880,-77.29532970
3616,North Abaco,17,BS,NO,BS-NO,26.93839430,-77.68382210
3617,North Andros,17,BS,NS,BS-NS,24.88750000,-78.08116190
3602,North Eleuthera,17,BS,NE,BS-NE,25.37766940,-76.78426550
3615,Ragged Island,17,BS,RI,BS-RI,22.47655940,-75.80209340
3600,Rum Cay,17,BS,RC,BS-RC,23.82630650,-74.93268290
3627,San Salvador Island,17,BS,SS,BS-SS,24.03438160,-74.48513730
3608,South Abaco,17,BS,SO,BS-SO,26.00400000,-77.35670720
3622,South Andros,17,BS,SA,BS-SA,23.89850000,-77.45654040
3607,South Eleuthera,17,BS,SE,BS-SE,24.73107940,-76.29269280
3630,Spanish Wells,17,BS,SW,BS-SW,25.54023360,-76.96062330
3599,West Grand Bahama,17,BS,WG,BS-WG,26.74400000,-78.87886850
2666,Banjul,82,GM,B,GM-B,13.45487610,-16.57903230
2669,Central River,82,GM,M,GM-M,13.57507380,-14.77971470
2670,Lower River,82,GM,L,GM-L,13.39783040,-15.72633120
2671,North Bank,82,GM,N,GM-N,13.47312830,-16.13343590
2668,Upper River,82,GM,U,GM-U,13.40499770,-14.14955760
2667,West Coast,82,GM,W,GM-W,13.25851300,-16.49990510
4520,Aileu,222,TL,AL,TL-AL,-8.70497990,125.66255180
4518,Ainaro,222,TL,AN,TL-AN,-8.99690210,125.50482000
4521,Baucau,222,TL,BA,TL-BA,-8.47143080,126.45759910
4525,Bobonaro,222,TL,BO,TL-BO,-8.97455500,125.23065050
4522,Cova Lima,222,TL,CO,TL-CO,-9.23529850,125.23293590
4524,Dili,222,TL,DI,TL-DI,-8.55368090,125.57840930
4516,Ermera,222,TL,ER,TL-ER,-8.76562500,125.42157130
4523,Lautém,222,TL,LA,TL-LA,-8.43351270,126.82587380
4515,Liquiçá,222,TL,LI,TL-LI,-8.65506100,125.27514520
4517,Manatuto,222,TL,MT,TL-MT,-8.51556080,126.01592550
4519,Manufahi,222,TL,MF,TL-MF,-8.96666000,125.78109210
5550,Oecusse,222,TL,OE,TL-OE,-9.35000000,124.30000000
4514,Viqueque,222,TL,VI,TL-VI,-8.85979180,126.36335160
2575,Centrale,223,TG,C,TG-C,8.60711300,1.04585540
2579,Kara,223,TG,K,TG-K,9.54111100,0.78760180
2576,Maritime,223,TG,M,TG-M,6.51751770,1.20458050
2577,Plateaux,223,TG,P,TG-P,7.45050100,1.08927020
2578,Savanes,223,TG,S,TG-S,10.51155900,0.46537510
3913,Haʻapai,225,TO,02,TO-02,-20.05874040,-174.62299190
3915,ʻEua,225,TO,01,TO-01,-21.37058280,-174.93888430
3914,Niuas,225,TO,03,TO-03,-15.95940000,-173.78300000
3912,Tongatapu,225,TO,04,TO-04,-21.16782530,-175.27386910
3911,Vavaʻu,225,TO,05,TO-05,-18.62314680,-174.00213800
3362,Arima,226,TT,ARI,TT-ARI,10.63720570,-61.28297620
3366,Chaguanas,226,TT,CHA,TT-CHA,10.51683870,-61.41144820
3354,Couva-Tabaquite-Talparo,226,TT,CTT,TT-CTT,10.44976690,-61.34438810
3367,Diego Martin,226,TT,DMN,TT-DMN,10.71385960,-61.57935550
3355,Eastern Tobago,226,TT,ETO,TT-ETO,11.28322320,-60.69250660
3365,Penal-Debe,226,TT,PED,TT-PED,10.16491870,-61.42863250
3360,Point Fortin,226,TT,PTF,TT-PTF,10.17592830,-61.68272860
3363,Port of Spain,226,TT,POS,TT-POS,10.65726780,-61.51801730
3368,Princes Town,226,TT,PRT,TT-PRT,10.20480030,-61.28061860
3356,Rio Claro-Mayaro,226,TT,MRC,TT-MRC,10.25970160,-61.09235030
3359,San Fernando,226,TT,SFO,TT-SFO,10.28070690,-61.46458960
3357,San Juan-Laventille,226,TT,SJL,TT-SJL,10.67560660,-61.47101540
3361,Sangre Grande,226,TT,SGE,TT-SGE,10.63754020,-61.11774990
3364,Siparia,226,TT,SIP,TT-SIP,10.14716070,-61.57870320
5735,Tobago,226,TT,TOB,TT-TOB,11.25000000,-60.68333330
3358,Tunapuna-Piarco,226,TT,TUP,TT-TUP,10.68543330,-61.32052740
3353,Western Tobago,226,TT,WTO,TT-WTO,11.15728850,-60.81650130
2550,Ariana,227,TN,12,TN-12,36.96857350,10.12198550
2572,Béja,227,TN,31,TN-31,36.72367550,9.18538200
2566,Ben Arous,227,TN,13,TN-13,36.63064830,10.21008270
2551,Bizerte,227,TN,23,TN-23,37.03543390,9.63932590
2558,Gabès,227,TN,81,TN-81,33.77650320,9.79306300
2556,Gafsa,227,TN,71,TN-71,34.42243740,8.78438620
2552,Jendouba,227,TN,32,TN-32,36.67797250,8.75264700
2564,Kairouan,227,TN,41,TN-41,35.67116630,10.10054690
2570,Kasserine,227,TN,42,TN-42,35.16876460,8.83656540
2562,Kebili,227,TN,73,TN-73,33.70715510,8.97146230
2561,Kef,227,TN,33,TN-33,36.03576420,8.72493810
2568,Mahdia,227,TN,53,TN-53,35.48778930,10.96224330
2555,Manouba,227,TN,14,TN-14,36.76243630,9.83361910
2560,Medenine,227,TN,82,TN-82,33.34340140,10.49107030
2553,Monastir,227,TN,52,TN-52,35.77075820,10.82805110
5116,Nabeul,227,TN,21,TN-21,36.48236760,10.67071970
2557,Sfax,227,TN,61,TN-61,34.72323870,10.33584740
2567,Sidi Bouzid,227,TN,43,TN-43,35.03543860,9.48393920
2563,Siliana,227,TN,34,TN-34,36.08872080,9.36453350
2571,Sousse,227,TN,51,TN-51,35.89398520,10.39777040
2559,Tataouine,227,TN,83,TN-83,31.73170090,9.77021970
2569,Tozeur,227,TN,72,TN-72,33.98441050,8.07113090
2554,Tunis,227,TN,11,TN-11,36.81791000,10.21272190
2565,Zaghouan,227,TN,22,TN-22,36.39947510,10.14463490
2212,Adana,228,TR,01,TR-01,37.14380010,35.49840940
2155,Adıyaman,228,TR,02,TR-02,37.78936000,38.31411010
2179,Afyonkarahisar,228,TR,03,TR-03,38.68527290,30.64274110
2193,Ağrı,228,TR,04,TR-04,39.71912500,43.05048940
2210,Aksaray,228,TR,68,TR-68,38.37054160,34.02690700
2161,Amasya,228,TR,05,TR-05,40.65032480,35.83291480
2217,Ankara,228,TR,06,TR-06,39.71604220,32.70591590
2169,Antalya,228,TR,07,TR-07,36.92796540,30.72768650
2185,Ardahan,228,TR,75,TR-75,41.11029660,42.70355850
2191,Artvin,228,TR,08,TR-08,41.16050600,41.83986270
2187,Aydın,228,TR,09,TR-09,37.74057980,28.06764040
2175,Balıkesir,228,TR,10,TR-10,39.64739170,27.88797870
2148,Bartın,228,TR,74,TR-74,41.49477150,32.43542550
2194,Batman,228,TR,72,TR-72,37.78741040,41.25739240
2177,Bayburt,228,TR,69,TR-69,40.26032000,40.22804800
2221,Bilecik,228,TR,11,TR-11,40.14351010,29.97529110
2153,Bingöl,228,TR,12,TR-12,39.07380300,40.72961810
2215,Bitlis,228,TR,13,TR-13,38.49508670,42.16783720
2172,Bolu,228,TR,14,TR-14,40.62120990,31.64602590
2209,Burdur,228,TR,15,TR-15,37.51834070,30.16912540
2163,Bursa,228,TR,16,TR-16,40.18257340,29.06750390
2216,Çanakkale,228,TR,17,TR-17,40.05498860,26.92782920
2168,Çankırı,228,TR,18,TR-18,40.59719470,33.62127040
2173,Çorum,228,TR,19,TR-19,40.56983890,34.72692920
2157,Denizli,228,TR,20,TR-20,37.78278750,29.09664760
2226,Diyarbakır,228,TR,21,TR-21,38.08147160,40.42977670
2202,Düzce,228,TR,81,TR-81,40.87745450,31.20096180
2151,Edirne,228,TR,22,TR-22,41.18044990,26.62224420
2159,Elazığ,228,TR,23,TR-23,38.58247710,39.39617900
2160,Erzincan,228,TR,24,TR-24,39.60734290,39.20132090
2165,Erzurum,228,TR,25,TR-25,39.90632000,41.27277150
2164,Eskişehir,228,TR,26,TR-26,39.68211560,31.07234760
2203,Gaziantep,228,TR,27,TR-27,37.06283170,37.37926170
2186,Giresun,228,TR,28,TR-28,40.65316170,38.51720320
2204,Gümüşhane,228,TR,29,TR-29,40.25332190,39.38496800
2190,Hakkâri,228,TR,30,TR-30,37.57669590,43.73778620
2211,Hatay,228,TR,31,TR-31,36.34513320,36.07480220
2166,Iğdır,228,TR,76,TR-76,39.92187840,44.04679570
2222,Isparta,228,TR,32,TR-32,37.94654120,30.96020930
2170,İstanbul,228,TR,34,TR-34,41.00638100,28.97587150
2205,İzmir,228,TR,35,TR-35,38.41925370,27.12846900
2227,Kahramanmaraş,228,TR,46,TR-46,37.78303450,36.83065500
2223,Karabük,228,TR,78,TR-78,41.19554020,32.62311540
2184,Karaman,228,TR,70,TR-70,37.17968480,33.33836650
2208,Kars,228,TR,36,TR-36,40.45584350,42.99795310
2197,Kastamonu,228,TR,37,TR-37,41.36802170,33.76191770
2200,Kayseri,228,TR,38,TR-38,38.65822320,35.55463740
2154,Kilis,228,TR,79,TR-79,36.77972310,37.14168920
2178,Kırıkkale,228,TR,71,TR-71,39.88601050,33.82789920
2176,Kırklareli,228,TR,39,TR-39,41.70780460,27.60513340
2180,Kırşehir,228,TR,40,TR-40,39.33030660,34.12658840
2195,Kocaeli,228,TR,41,TR-41,40.82165360,29.95071840
2171,Konya,228,TR,42,TR-42,38.02119510,32.52249430
2149,Kütahya,228,TR,43,TR-43,39.25225080,29.49377320
2158,Malatya,228,TR,44,TR-44,38.48201560,38.10353550
2198,Manisa,228,TR,45,TR-45,38.85744020,28.05657110
2224,Mardin,228,TR,47,TR-47,37.32098020,40.72512950
2156,Mersin,228,TR,33,TR-33,36.79783810,34.62983910
2182,Muğla,228,TR,48,TR-48,37.21517840,28.36373300
2162,Muş,228,TR,49,TR-49,38.97407860,41.95904330
2196,Nevşehir,228,TR,50,TR-50,38.72350720,34.71941680
2189,Niğde,228,TR,51,TR-51,38.06646910,34.70514380
2174,Ordu,228,TR,52,TR-52,40.82925690,37.40827640
2214,Osmaniye,228,TR,80,TR-80,37.25178820,36.29935020
2219,Rize,228,TR,53,TR-53,40.95696170,40.88442800
2150,Sakarya,228,TR,54,TR-54,40.77551880,30.40208980
2220,Samsun,228,TR,55,TR-55,41.23035570,35.96833380
2183,Şanlıurfa,228,TR,63,TR-63,37.25951980,39.04081740
2207,Siirt,228,TR,56,TR-56,37.86469160,42.05102940
4854,Sinop,228,TR,57,TR-57,41.64763770,34.95601370
2181,Sivas,228,TR,58,TR-58,39.41917170,37.10123880
2225,Şırnak,228,TR,73,TR-73,37.45525300,42.52120490
2167,Tekirdağ,228,TR,59,TR-59,41.07314030,27.41020130
2199,Tokat,228,TR,60,TR-60,40.39027130,36.62518630
2206,Trabzon,228,TR,61,TR-61,40.85264390,39.78492730
2192,Tunceli,228,TR,62,TR-62,39.21975530,39.41396740
2201,Uşak,228,TR,64,TR-64,38.57689020,29.37297790
2152,Van,228,TR,65,TR-65,38.32495990,43.65898250
2218,Yalova,228,TR,77,TR-77,40.57954220,29.16870050
2188,Yozgat,228,TR,66,TR-66,39.71524220,35.17099800
2213,Zonguldak,228,TR,67,TR-67,41.25032400,31.83897380
3374,Ahal,229,TM,A,TM-A,38.83955480,58.86101860
3371,Ashgabat,229,TM,S,TM-S,37.94046480,58.38234870
3372,Balkan,229,TM,B,TM-B,39.93537140,54.91200550
3373,Daşoguz,229,TM,D,TM-D,41.83687370,59.96519040
3370,Lebap,229,TM,L,TM-L,38.81311390,63.05132180
3369,Mary,229,TM,M,TM-M,37.13029160,62.40195130
5367,Grand Turk,230,TC,05,TC-05,21.46796400,-71.13872180
5365,Middle Caicos,230,TC,03,TC-03,21.79595500,-71.76025950
5364,North Caicos,230,TC,02,TC-02,21.89091190,-71.95057490
5363,Providenciales,230,TC,01,TC-01,21.80206140,-72.30044560
5368,Salt Cay,230,TC,06,TC-06,21.32283950,-71.20779090
5366,South Caicos,230,TC,04,TC-04,21.51446540,-71.53793440
3951,Funafuti,231,TV,FUN,TV-FUN,-8.52114710,179.19619260
3947,Nanumanga,231,TV,NMG,TV-NMG,-6.28580190,176.31992800
3949,Nanumea,231,TV,NMA,TV-NMA,-5.68173380,176.12717870
3946,Niutao Island Council,231,TV,NIT,TV-NIT,-6.10642580,177.34384290
3948,Nui,231,TV,NUI,TV-NUI,-7.22075990,177.14611220
3952,Nukufetau,231,TV,NKF,TV-NKF,-8.11592640,178.47981650
3953,Nukulaelae,231,TV,NKL,TV-NKL,-9.17541730,179.63677920
3950,Vaitupu,231,TV,VAI,TV-VAI,-7.47673270,178.67476750
329,Abim,232,UG,314,UG-314,2.80475030,33.75097700
361,Adjumani,232,UG,301,UG-301,3.23712800,31.78582460
392,Agago,232,UG,322,UG-322,2.94765980,33.38610570
344,Alebtong,232,UG,323,UG-323,2.26740650,33.32002260
416,Amolatar,232,UG,315,UG-315,1.63745960,32.63282290
353,Amudat,232,UG,324,UG-324,1.82619580,34.93126980
352,Amuria,232,UG,216,UG-216,1.98190770,33.65747190
335,Amuru,232,UG,316,UG-316,3.12886550,32.10248330
328,Apac,232,UG,302,UG-302,1.93372580,32.50180280
447,Arua,232,UG,303,UG-303,3.00140960,31.00935270
441,Budaka,232,UG,217,UG-217,1.06581900,34.02089310
349,Bududa,232,UG,218,UG-218,1.02718130,34.39078450
387,Bugiri,232,UG,201,UG-201,0.52072100,33.77506980
5350,Bugweri,232,UG,235,UG-235,0.62425640,33.61543830
391,Buhweju,232,UG,420,UG-420,-0.32032120,30.31620540
377,Buikwe,232,UG,117,UG-117,0.34057740,33.01077280
343,Bukedea,232,UG,219,UG-219,1.37070480,34.14247620
375,Bukomansimbi,232,UG,118,UG-118,-0.12687030,31.62259520
385,Bukwo,232,UG,220,UG-220,1.25498480,34.69243240
428,Bulambuli,232,UG,225,UG-225,1.34949890,34.27609490
389,Buliisa,232,UG,416,UG-416,1.92285630,31.39175650
419,Bundibugyo,232,UG,401,UG-401,0.66059360,30.04310080
381,Bunyangabu,232,UG,430,UG-430,0.48709180,30.20510960
386,Bushenyi,232,UG,402,UG-402,-0.48181320,30.16868510
431,Busia,232,UG,202,UG-202,0.39171030,34.01601350
365,Butaleja,232,UG,221,UG-221,0.86124770,33.87796370
384,Butambala,232,UG,119,UG-119,0.16426530,32.13523710
388,Butebo,232,UG,233,UG-233,1.19238610,33.89040920
414,Buvuma,232,UG,120,UG-120,-0.31139270,33.19780600
380,Buyende,232,UG,226,UG-226,1.23523800,33.17035330
396,Central,232,UG,C,UG-C,2.23387120,32.90421390
341,Dokolo,232,UG,317,UG-317,1.91008220,33.07963350
372,Eastern,232,UG,E,UG-E,0.42323000,33.17126510
366,Gomba,232,UG,121,UG-121,0.20426630,31.72917720
413,Gulu,232,UG,304,UG-304,2.77023900,32.30442730
5358,Hoima,232,UG,403,UG-403,1.56619270,31.14809680
339,Ibanda,232,UG,417,UG-417,-0.06121830,30.49161600
340,Iganga,232,UG,203,UG-203,0.72219110,33.50169350
383,Isingiro,232,UG,418,UG-418,-0.83886950,30.93565590
367,Jinja,232,UG,204,UG-204,0.57515670,33.28052990
434,Kaabong,232,UG,318,UG-318,3.65820610,34.21112340
426,Kabale,232,UG,404,UG-404,-1.33596670,30.03688600
326,Kabarole,232,UG,405,UG-405,0.62124920,30.35254470
336,Kaberamaido,232,UG,213,UG-213,1.68796740,33.11748880
403,Kagadi,232,UG,427,UG-427,1.02297720,30.83308910
399,Kakumiro,232,UG,428,UG-428,0.96249320,31.29037890
5352,Kalaki,232,UG,237,UG-237,1.83271640,33.35404480
405,Kalangala,232,UG,101,UG-101,-0.61419080,32.37556500
398,Kaliro,232,UG,222,UG-222,1.08336770,33.48221710
394,Kalungu,232,UG,122,UG-122,-0.09131310,31.81064650
382,Kampala,232,UG,102,UG-102,0.31771370,32.58135390
334,Kamuli,232,UG,205,UG-205,0.94224740,33.12630040
360,Kamwenge,232,UG,413,UG-413,0.33733170,30.61505550
373,Kanungu,232,UG,414,UG-414,-0.70639140,29.71429070
432,Kapchorwa,232,UG,206,UG-206,1.33502050,34.39763560
5351,Kapelebyong,232,UG,236,UG-236,2.19708200,33.77726330
5355,Karenga,232,UG,335,UG-335,3.70956830,33.77168320
5349,Kasanda,232,UG,126,UG-126,0.55666700,31.80222200
440,Kasese,232,UG,406,UG-406,0.13104120,30.00479680
420,Katakwi,232,UG,207,UG-207,1.97310300,34.06414190
368,Kayunga,232,UG,112,UG-112,0.98601820,32.85357550
5360,Kazo,232,UG,433,UG-433,0.02560550,30.77762000
436,Kibaale,232,UG,407,UG-407,0.79083300,31.06333300
347,Kiboga,232,UG,103,UG-103,0.91485180,31.75089580
338,Kibuku,232,UG,227,UG-227,1.05737540,33.80561520
5359,Kikuube,232,UG,432,UG-432,1.31028750,31.00017240
355,Kiruhura,232,UG,419,UG-419,-0.32509080,30.87345990
346,Kiryandongo,232,UG,421,UG-421,1.99357990,32.04981790
409,Kisoro,232,UG,408,UG-408,-1.19896120,29.67169750
5361,Kitagwenda,232,UG,434,UG-434,0.01366530,30.32179080
348,Kitgum,232,UG,305,UG-305,3.44388450,33.48411720
345,Koboko,232,UG,319,UG-319,3.53511140,30.98482070
401,Kole,232,UG,325,UG-325,2.29881580,32.73595220
443,Kotido,232,UG,306,UG-306,2.99518390,34.03421280
425,Kumi,232,UG,208,UG-208,1.45654010,33.92191270
5353,Kwania,232,UG,333,UG-333,1.90055310,32.77419860
369,Kween,232,UG,228,UG-228,1.35166490,34.56358070
325,Kyankwanzi,232,UG,123,UG-123,1.09334700,31.68139240
437,Kyegegwa,232,UG,422,UG-422,0.48221320,31.00020480
402,Kyenjojo,232,UG,415,UG-415,0.64409780,30.65651180
448,Kyotera,232,UG,125,UG-125,-0.71447020,31.62221370
411,Lamwo,232,UG,326,UG-326,3.52481250,32.65762730
342,Lira,232,UG,307,UG-307,2.24569180,32.89624400
445,Luuka,232,UG,229,UG-229,0.81993410,33.32689410
433,Luwero,232,UG,104,UG-104,0.84093560,32.49352730
417,Lwengo,232,UG,124,UG-124,-0.44411810,31.39901870
376,Lyantonde,232,UG,114,UG-114,-0.25959830,31.18363760
5356,Madi-Okollo,232,UG,336,UG-336,2.86745110,31.23830880
438,Manafwa,232,UG,223,UG-223,0.88134680,34.26955070
421,Maracha,232,UG,320,UG-320,3.24784170,30.92791480
356,Masaka,232,UG,105,UG-105,-0.48314200,31.83188950
354,Masindi,232,UG,409,UG-409,1.69175340,31.77375240
418,Mayuge,232,UG,214,UG-214,-0.20582930,33.58943760
350,Mbale,232,UG,209,UG-209,0.97657050,34.20218690
415,Mbarara,232,UG,410,UG-410,-0.60715960,30.65450220
435,Mitooma,232,UG,423,UG-423,-0.60594640,30.00773450
364,Mityana,232,UG,115,UG-115,0.45606860,32.07680240
395,Moroto,232,UG,308,UG-308,2.61564540,34.63998170
363,Moyo,232,UG,309,UG-309,3.66646650,31.75795110
327,Mpigi,232,UG,106,UG-106,0.12739550,32.25275170
371,Mubende,232,UG,107,UG-107,0.51542790,31.40954760
410,Mukono,232,UG,108,UG-108,0.36089910,32.74465990
5354,Nabilatuk,232,UG,334,UG-334,2.03836660,34.58471250
393,Nakapiripirit,232,UG,311,UG-311,1.84899130,34.64254780
423,Nakaseke,232,UG,116,UG-116,1.00223730,32.17580870
406,Nakasongola,232,UG,109,UG-109,1.32043580,32.48943470
351,Namayingo,232,UG,230,UG-230,-0.24787870,33.81148020
400,Namisindwa,232,UG,234,UG-234,0.86783960,34.38314070
337,Namutumba,232,UG,224,UG-224,0.88698520,33.66534940
430,Napak,232,UG,327,UG-327,2.39817270,34.17187850
446,Nebbi,232,UG,310,UG-310,2.43294060,31.16198880
424,Ngora,232,UG,231,UG-231,1.49888370,33.77292980
332,Northern,232,UG,N,UG-N,2.79719800,32.26439490
422,Ntoroko,232,UG,424,UG-424,0.99157400,30.38495720
404,Ntungamo,232,UG,411,UG-411,-0.95509300,30.30239280
378,Nwoya,232,UG,328,UG-328,2.52762480,31.87003560
5357,Obongi,232,UG,337,UG-337,3.36355940,31.53682640
374,Omoro,232,UG,331,UG-331,2.64434480,32.49753420
390,Otuke,232,UG,329,UG-329,2.47843340,33.39335630
397,Oyam,232,UG,321,UG-321,2.34893450,32.42338600
408,Pader,232,UG,312,UG-312,2.88760240,32.89628560
357,Pakwach,232,UG,332,UG-332,2.46071410,31.49417380
412,Pallisa,232,UG,210,UG-210,1.22007240,33.69148700
439,Rakai,232,UG,110,UG-110,-0.72641630,31.34008350
358,Rubanda,232,UG,429,UG-429,-1.17320210,29.90033800
442,Rubirizi,232,UG,425,UG-425,-0.25579130,29.93650000
331,Rukiga,232,UG,431,UG-431,-1.14548070,30.05248500
324,Rukungiri,232,UG,412,UG-412,-0.69740300,29.89173640
5362,Rwampara,232,UG,435,UG-435,-0.73503090,30.46091310
427,Sembabule,232,UG,111,UG-111,-0.05367920,31.41014590
333,Serere,232,UG,232,UG-232,1.49169890,33.35683680
407,Sheema,232,UG,426,UG-426,-0.59187200,30.37404170
429,Sironko,232,UG,215,UG-215,1.18855350,34.29506740
444,Soroti,232,UG,211,UG-211,1.78790590,33.50073140
359,Tororo,232,UG,212,UG-212,0.74074210,34.10268620
362,Wakiso,232,UG,113,UG-113,0.37609280,32.45612650
370,Western,232,UG,W,UG-W,-0.35615210,31.55025600
330,Yumbe,232,UG,313,UG-313,3.49141060,31.28591490
379,Zombo,232,UG,330,UG-330,2.52511640,30.88973230
4689,Autonomous Republic of Crimea,233,UA,43,UA-43,45.68569520,33.93294110
4680,Cherkaska,233,UA,71,UA-71,48.92509700,37.37598320
4692,Chernihivska,233,UA,74,UA-74,50.45989030,30.63031190
4678,Chernivetska,233,UA,77,UA-77,49.83728730,24.00078660
4675,Dnipropetrovska,233,UA,12,UA-12,48.66258900,34.95017150
4691,Donetska,233,UA,14,UA-14,50.42561380,30.45640970
4682,Ivano-Frankivska,233,UA,26,UA-26,48.86722170,24.70490000
4686,Kharkivska,233,UA,63,UA-63,49.82995820,36.37889570
4684,Khersonska,233,UA,65,UA-65,46.63541700,32.61686700
4681,Khmelnytska,233,UA,68,UA-68,50.46331920,30.38310660
4677,Kirovohradska,233,UA,35,UA-35,48.19167740,31.69029530
4676,Kyiv,233,UA,30,UA-30,50.45010000,30.52340000
4671,Kyivska,233,UA,32,UA-32,50.17859500,30.49248840
4673,Luhanska,233,UA,09,UA-09,48.57404100,39.30781500
4672,Lvivska,233,UA,46,UA-46,49.65122340,23.82669480
4679,Mykolaivska,233,UA,48,UA-48,47.05606180,31.95666140
4688,Odeska,233,UA,51,UA-51,46.11472260,29.95671930
5071,Poltavska,233,UA,53,UA-53,49.86078090,33.74987870
4683,Rivnenska,233,UA,56,UA-56,50.59736670,26.26467460
1912,Sevastopol,233,UA,40,UA-40,44.60544340,33.52208420
4685,Sumska,233,UA,59,UA-59,50.76965180,34.32893050
4674,Ternopilska,233,UA,61,UA-61,49.64092890,25.49427240
4669,Vinnytska,233,UA,05,UA-05,50.41958930,30.44809460
4690,Volynska,233,UA,07,UA-07,51.54511670,24.66278930
4670,Zakarpatska,233,UA,21,UA-21,48.29536640,23.44660920
4687,Zaporizka,233,UA,23,UA-23,47.85355860,35.16998770
4668,Zhytomyrska,233,UA,18,UA-18,50.45611520,30.36588290
3396,Abu Dhabi,234,AE,AZ,AE-AZ,24.45388400,54.37734380
3395,Ajman,234,AE,AJ,AE-AJ,25.39365570,55.44514320
3391,Dubai,234,AE,DU,AE-DU,25.26472270,55.29241460
3393,Fujairah,234,AE,FU,AE-FU,25.12446040,56.33550850
3394,Ras Al Khaimah,234,AE,RK,AE-RK,25.73863490,55.92492240
3390,Sharjah,234,AE,SH,AE-SH,25.34614980,55.42106330
3392,Umm Al Quwain,234,AE,UQ,AE-UQ,25.61124880,55.61746310
2463,Aberdeen,235,GB,ABE,GB-ABE,57.14971700,-2.09427800
2401,Aberdeenshire,235,GB,ABD,GB-ABD,57.16666700,-2.66666700
2387,Angus,235,GB,ANS,GB-ANS,56.66666700,-2.91666700
2412,Antrim and Newtownabbey,235,GB,ANN,GB-ANN,54.68971360,-6.17106120
2523,Ards and North Down,235,GB,AND,GB-AND,54.64896420,-5.56278520
2392,Argyll and Bute,235,GB,AGB,GB-AGB,56.46034940,-5.86184190
2324,"Armagh, Banbridge and Craigavon",235,GB,ABC,GB-ABC,54.31610850,-6.71891820
2356,Barking and Dagenham,235,GB,BDG,GB-BDG,51.55411710,0.15050510
2520,Barnet,235,GB,BNE,GB-BNE,51.60496730,-0.20762950
2499,Barnsley,235,GB,BNS,GB-BNS,53.55277190,-1.48277550
2339,Bath and North East Somerset,235,GB,BAS,GB-BAS,51.35632380,-2.48666140
2507,Bedford,235,GB,BDF,GB-BDF,52.18870140,-0.46658920
2311,Belfast,235,GB,BFS,GB-BFS,54.59758040,-5.92770970
2307,Bexley,235,GB,BEX,GB-BEX,51.44023750,0.14794940
2425,Birmingham,235,GB,BIR,GB-BIR,52.47969920,-1.90269110
2329,Blackburn with Darwen,235,GB,BBD,GB-BBD,53.69575220,-2.46829850
2451,Blackpool,235,GB,BPL,GB-BPL,53.81750530,-3.03567480
2530,Blaenau Gwent,235,GB,BGW,GB-BGW,51.75337110,-3.18484440
2504,Bolton,235,GB,BOL,GB-BOL,55.92081780,-2.79059880
5459,"Bournemouth, Christchurch and Poole",235,GB,BCP,GB-BCP,50.74570350,-2.19062240
2470,Bracknell Forest,235,GB,BRC,GB-BRC,51.40026880,-0.74178880
2529,Bradford,235,GB,BRD,GB-BRD,53.79598400,-1.75939800
2291,Brent,235,GB,BEN,GB-BEN,52.01889180,-0.72350390
2452,Bridgend,235,GB,BGE,GB-BGE,51.50831990,-3.58120750
2395,Brighton and Hove,235,GB,BNH,GB-BNH,50.84531690,-0.14974690
2413,Bristol,235,GB,BST,GB-BST,51.45380220,-2.59729850
2490,Bromley,235,GB,BRY,GB-BRY,51.36797050,0.07006200
2405,Buckinghamshire,235,GB,BKM,GB-BKM,51.78349940,-0.89464410
2459,Bury,235,GB,BUR,GB-BUR,53.59334980,-2.29660540
2298,Caerphilly,235,GB,CAY,GB-CAY,51.67238090,-3.17839380
2517,Calderdale,235,GB,CLD,GB-CLD,53.72047480,-1.96228860
2423,Cambridgeshire,235,GB,CAM,GB-CAM,52.33333300,0.08333300
2349,Camden,235,GB,CMD,GB-CMD,51.54547360,-0.16279020
2528,Cardiff,235,GB,CRF,GB-CRF,51.48158100,-3.17909000
2484,Carmarthenshire,235,GB,CMN,GB-CMN,51.89366980,-4.21728270
2316,Causeway Coast and Glens,235,GB,CCG,GB-CCG,55.03612980,-6.59094490
2303,Central Bedfordshire,235,GB,CBF,GB-CBF,51.99803280,-0.47915140
2509,Ceredigion,235,GB,CGN,GB-CGN,52.29457640,-3.95278100
2444,Cheshire East,235,GB,CHE,GB-CHE,53.16734220,-2.29288030
2442,Cheshire West and Chester,235,GB,CHW,GB-CHW,53.16379790,-2.72853610
2475,City of Kingston upon Hull,235,GB,KHL,GB-KHL,53.76762360,-0.32741980
2294,City of Southampton,235,GB,STH,GB-STH,50.90018780,-1.41395570
2450,Clackmannanshire,235,GB,CLK,GB-CLK,56.16639500,-3.75139680
2352,Conwy,235,GB,CWY,GB-CWY,53.28118220,-3.82870120
2312,Cornwall,235,GB,CON,GB-CON,50.44334890,-4.62465660
2438,Coventry,235,GB,COV,GB-COV,52.40682200,-1.51969300
2512,Croydon,235,GB,CRY,GB-CRY,51.37130490,-0.10195700
2334,Cumbria,235,GB,CMA,GB-CMA,54.61431360,-2.94208990
2389,Darlington,235,GB,DAL,GB-DAL,54.53525640,-1.55294300
2497,Denbighshire,235,GB,DEN,GB-DEN,53.10978950,-3.36712840
2485,Derby,235,GB,DER,GB-DER,53.16669270,-1.58332230
2403,Derbyshire,235,GB,DBY,GB-DBY,53.11850330,-1.55661790
2446,Derry City and Strabane,235,GB,DRS,GB-DRS,55.00474430,-7.32092220
2491,Devon,235,GB,DEV,GB-DEV,50.72414050,-3.66077880
2364,Doncaster,235,GB,DNC,GB-DNC,53.52282000,-1.12846200
2345,Dorset,235,GB,DOR,GB-DOR,50.74876350,-2.34447860
2457,Dudley,235,GB,DUD,GB-DUD,55.05412430,-1.59498640
2415,Dumfries and Galloway,235,GB,DGY,GB-DGY,55.08333300,-3.83333300
2511,Dundee,235,GB,DND,GB-DND,56.46201800,-2.97072100
2406,Durham,235,GB,DUR,GB-DUR,54.66666700,-1.75000000
2532,Ealing,235,GB,EAL,GB-EAL,51.52508460,-0.31429350
2374,East Ayrshire,235,GB,EAY,GB-EAY,55.50000000,-4.25000000
2454,East Dunbartonshire,235,GB,EDU,GB-EDU,55.93333300,-4.20000000
2462,East Lothian,235,GB,ELN,GB-ELN,55.91579700,-2.75119520
2333,East Renfrewshire,235,GB,ERW,GB-ERW,55.74947930,-4.36065920
2370,East Riding of Yorkshire,235,GB,ERY,GB-ERY,53.87359650,-0.53477880
2414,East Sussex,235,GB,ESX,GB-ESX,50.94042660,0.36999780
2428,Edinburgh,235,GB,EDH,GB-EDH,55.95325200,-3.18826700
2476,Enfield,235,GB,ENF,GB-ENF,51.65263840,-0.09086390
2336,England,235,GB,ENG,GB-ENG,52.53102140,-1.26490620
2410,Essex,235,GB,ESS,GB-ESS,51.77046790,0.46466980
2344,Falkirk,235,GB,FAL,GB-FAL,56.00187750,-3.78391310
2366,Fermanagh and Omagh,235,GB,FMO,GB-FMO,54.35588630,-7.59366360
2479,Fife,235,GB,FIF,GB-FIF,56.33333310,-3.00000010
2437,Flintshire,235,GB,FLN,GB-FLN,53.21650960,-3.14021890
2431,Gateshead,235,GB,GAT,GB-GAT,54.96257890,-1.60192940
2404,Glasgow,235,GB,GLG,GB-GLG,55.86423700,-4.25180600
2373,Gloucestershire,235,GB,GLS,GB-GLS,51.83333130,-2.16666740
2492,Greenwich,235,GB,GRE,GB-GRE,51.46862560,0.04883060
2379,Gwynedd,235,GB,GWN,GB-GWN,52.90895850,-3.83352440
2411,Hackney,235,GB,HCK,GB-HCK,51.54888190,-0.04766910
2466,Halton,235,GB,HAL,GB-HAL,55.00490990,-2.00452160
2448,Hammersmith and Fulham,235,GB,HMF,GB-HMF,51.49901560,-0.22915000
2435,Hampshire,235,GB,HAM,GB-HAM,51.04498140,-1.24331330
2306,Haringey,235,GB,HRY,GB-HRY,51.59061130,-0.11097090
2385,Harrow,235,GB,HRW,GB-HRW,51.58816270,-0.34228510
2309,Hartlepool,235,GB,HPL,GB-HPL,54.69174500,-1.21292600
2347,Havering,235,GB,HAV,GB-HAV,51.55792620,0.24981280
2500,Herefordshire,235,GB,HEF,GB-HEF,52.08333300,-2.75000000
2369,Hertfordshire,235,GB,HRT,GB-HRT,51.84005230,-0.09785520
2383,Highland,235,GB,HLD,GB-HLD,57.50663570,-5.00383670
2376,Hillingdon,235,GB,HIL,GB-HIL,51.53518320,-0.44813780
2380,Hounslow,235,GB,HNS,GB-HNS,51.46173340,-0.38013100
2388,Inverclyde,235,GB,IVC,GB-IVC,55.90000000,-4.75000000
5458,Isle of Anglesey,235,GB,AGY,GB-AGY,53.28070200,-4.68995190
2289,Isle of Wight,235,GB,IOW,GB-IOW,50.67104820,-1.33271110
2343,Isles of Scilly,235,GB,IOS,GB-IOS,49.92034090,-6.29287910
2319,Islington,235,GB,ISL,GB-ISL,51.54650630,-0.10580580
2368,Kensington and Chelsea,235,GB,KEC,GB-KEC,51.49908050,-0.19382530
2464,Kent,235,GB,KEN,GB-KEN,51.20707480,0.72103620
2481,Kingston upon Thames,235,GB,KTT,GB-KTT,51.38177630,-0.27699330
2371,Kirklees,235,GB,KIR,GB-KIR,53.64226350,-1.78094330
2330,Knowsley,235,GB,KWL,GB-KWL,53.45459400,-2.85290700
2396,Lambeth,235,GB,LBH,GB-LBH,51.49521110,-0.11633540
2495,Lancashire,235,GB,LAN,GB-LAN,53.86117120,-2.56509450
2503,Leeds,235,GB,LDS,GB-LDS,53.80075540,-1.54907740
2318,Leicester,235,GB,LCE,GB-LCE,52.63687780,-1.13975920
2516,Leicestershire,235,GB,LEC,GB-LEC,52.68491370,-1.18476530
2358,Lewisham,235,GB,LEW,GB-LEW,51.45352070,-0.01247510
2355,Lincolnshire,235,GB,LIN,GB-LIN,53.12822670,-0.19019740
2460,Lisburn and Castlereagh,235,GB,LBC,GB-LBC,54.49740260,-6.03307390
2340,Liverpool,235,GB,LIV,GB-LIV,53.40719910,-2.99168000
2424,London,235,GB,LND,GB-LND,51.51234430,-0.09098520
5460,Luton,235,GB,LUT,GB-LUT,51.89107730,-0.51033490
2398,Manchester,235,GB,MAN,GB-MAN,53.48075930,-2.24263050
2381,Medway,235,GB,MDW,GB-MDW,51.41573860,0.56873090
2328,Merthyr Tydfil,235,GB,MTY,GB-MTY,51.74674740,-3.38132750
2483,Merton,235,GB,MRT,GB-MRT,51.41086980,-0.18809710
2429,Mid and East Antrim,235,GB,MEA,GB-MEA,54.87257450,-6.15024600
2399,Mid Ulster,235,GB,MUL,GB-MUL,54.63855730,-6.69258100
2332,Middlesbrough,235,GB,MDB,GB-MDB,54.57422700,-1.23495600
2519,Midlothian,235,GB,MLN,GB-MLN,55.83333300,-3.08333300
2416,Milton Keynes,235,GB,MIK,GB-MIK,52.04065020,-0.75940920
2402,Monmouthshire,235,GB,MON,GB-MON,51.75010580,-2.83333310
2360,Moray,235,GB,MRY,GB-MRY,57.41666700,-3.25000000
2351,Neath Port Talbot,235,GB,NTL,GB-NTL,51.66895570,-3.72181790
2458,Newcastle upon Tyne,235,GB,NET,GB-NET,54.97825200,-1.61778000
2418,Newham,235,GB,NWM,GB-NWM,51.52551620,0.03521630
2524,Newport,235,GB,NWP,GB-NWP,52.76885940,-2.37836760
2534,"Newry, Mourne and Down",235,GB,NMD,GB-NMD,54.17752830,-6.33750600
2473,Norfolk,235,GB,NFK,GB-NFK,52.66666700,1.00000000
2535,North Ayrshire,235,GB,NAY,GB-NAY,55.72785080,-4.72717670
2384,North East Lincolnshire,235,GB,NEL,GB-NEL,53.53680330,-0.09368100
2487,North Lanarkshire,235,GB,NLK,GB-NLK,55.88305070,-3.94615510
2453,North Lincolnshire,235,GB,NLN,GB-NLN,53.58974410,-0.60232300
5461,North Northamptonshire,235,GB,NNH,GB-NNH,52.41710850,-0.95355110
2430,North Somerset,235,GB,NSM,GB-NSM,51.39663050,-2.76912890
2521,North Tyneside,235,GB,NTY,GB-NTY,55.02979940,-1.50825600
2522,North Yorkshire,235,GB,NYK,GB-NYK,54.09159280,-1.53591130
2337,Northern Ireland,235,GB,NIR,GB-NIR,54.58598360,-6.95915540
2365,Northumberland,235,GB,NBL,GB-NBL,55.25000000,-2.00055900
2359,Nottingham,235,GB,NGM,GB-NGM,52.95478320,-1.15810860
2456,Nottinghamshire,235,GB,NTT,GB-NTT,53.14592880,-1.02149710
2477,Oldham,235,GB,OLD,GB-OLD,53.54157970,-2.11478310
2474,Orkney Islands,235,GB,ORK,GB-ORK,58.94182310,-3.12969440
2353,Outer Hebrides,235,GB,ELS,GB-ELS,57.66666700,-7.16666700
2321,Oxfordshire,235,GB,OXF,GB-OXF,51.83333300,-1.25000000
2486,Pembrokeshire,235,GB,PEM,GB-PEM,51.83392090,-4.91666700
2325,Perth and Kinross,235,GB,PKN,GB-PKN,56.50000000,-3.75000000
2297,Peterborough,235,GB,PTE,GB-PTE,52.57257690,-0.24273360
2514,Plymouth,235,GB,PLY,GB-PLY,50.37141220,-4.14244510
2305,Portsmouth,235,GB,POR,GB-POR,50.80003100,-1.09060230
2441,Powys,235,GB,POW,GB-POW,52.32714990,-3.35533520
2455,Reading,235,GB,RDG,GB-RDG,51.45149530,-0.98363420
2397,Redbridge,235,GB,RDB,GB-RDB,51.57658280,0.04534010
2527,Redcar and Cleveland,235,GB,RCC,GB-RCC,54.56790560,-1.00549630
2443,Renfrewshire,235,GB,RFW,GB-RFW,55.83333300,-4.50000000
2301,Rhondda Cynon Taf,235,GB,RCT,GB-RCT,51.66516360,-3.45775580
2501,Richmond upon Thames,235,GB,RIC,GB-RIC,51.44055290,-0.30763940
2327,Rochdale,235,GB,RCH,GB-RCH,53.60971360,-2.15610000
2308,Rotherham,235,GB,ROT,GB-ROT,53.43260350,-1.36350090
2472,Rutland,235,GB,RUT,GB-RUT,52.64230360,-0.66326430
2493,Salford,235,GB,SLF,GB-SLF,53.48752350,-2.29012640
2341,Sandwell,235,GB,SAW,GB-SAW,52.51484660,-2.01348890
2335,Scotland,235,GB,SCT,GB-SCT,56.78611120,-4.11405180
2346,Scottish Borders,235,GB,SCB,GB-SCB,55.58333300,-2.83333300
2518,Sefton,235,GB,SFT,GB-SFT,53.50344490,-2.97035900
2295,Sheffield,235,GB,SHF,GB-SHF,53.38066260,-1.47022780
2300,Shetland Islands,235,GB,ZET,GB-ZET,60.33333300,-1.33333300
2407,Shropshire,235,GB,SHR,GB-SHR,52.65233930,-2.79586790
2427,Slough,235,GB,SLG,GB-SLG,51.51053840,-0.59504060
2469,Solihull,235,GB,SOL,GB-SOL,52.41181100,-1.77761000
2386,Somerset,235,GB,SOM,GB-SOM,51.08333300,-3.00000000
2377,South Ayrshire,235,GB,SAY,GB-SAY,55.29981800,-4.64598840
2400,South Gloucestershire,235,GB,SGC,GB-SGC,51.54919160,-2.48095280
2362,South Lanarkshire,235,GB,SLK,GB-SLK,55.58316340,-3.83322120
2409,South Tyneside,235,GB,STY,GB-STY,54.96366930,-1.44186340
2323,Southend-on-Sea,235,GB,SOS,GB-SOS,51.54592690,0.70771230
2432,Southwark,235,GB,SWK,GB-SWK,51.46525450,-0.06901860
2290,St Helens,235,GB,SHN,GB-SHN,53.45354710,-2.73432310
2447,Staffordshire,235,GB,STS,GB-STS,52.82469420,-2.00745470
2488,Stirling,235,GB,STG,GB-STG,56.11652270,-3.93690290
2394,Stockport,235,GB,SKP,GB-SKP,53.41063160,-2.15753320
2421,Stockton-on-Tees,235,GB,STT,GB-STT,54.56409400,-1.31291640
2506,Stoke-on-Trent,235,GB,STE,GB-STE,53.01620140,-2.18126070
2467,Suffolk,235,GB,SFK,GB-SFK,52.24100140,1.04657160
2372,Sunderland,235,GB,SND,GB-SND,54.90585120,-1.38287270
2526,Surrey,235,GB,SRY,GB-SRY,51.27153160,-0.34145240
2313,Sutton,235,GB,STN,GB-STN,51.35737620,-0.17527960
2433,Swansea,235,GB,SWA,GB-SWA,51.62144000,-3.94364600
2422,Swindon,235,GB,SWD,GB-SWD,51.55577390,-1.77971760
2367,Tameside,235,GB,TAM,GB-TAM,53.48058280,-2.08098910
2310,Telford and Wrekin,235,GB,TFW,GB-TFW,52.72144520,-2.50086240
2468,Thurrock,235,GB,THR,GB-THR,51.50801690,0.39628170
2478,Torbay,235,GB,TOB,GB-TOB,50.43923290,-3.53698990
2496,Torfaen,235,GB,TOF,GB-TOF,51.70022530,-3.04460150
2390,Tower Hamlets,235,GB,TWH,GB-TWH,51.12886330,1.29866860
2293,Trafford,235,GB,TRF,GB-TRF,53.41893600,-2.35929720
2299,Vale of Glamorgan,235,GB,VGL,GB-VGL,51.44706460,-3.39888310
2465,Wakefield,235,GB,WKF,GB-WKF,53.68295410,-1.49672860
2338,Wales,235,GB,WLS,GB-WLS,52.29281160,-3.73893000
2292,Walsall,235,GB,WLL,GB-WLL,52.58621400,-1.98291900
2326,Waltham Forest,235,GB,WFT,GB-WFT,51.59826330,-0.01773880
2434,Wandsworth,235,GB,WND,GB-WND,51.45682740,-0.18966380
2420,Warrington,235,GB,WRT,GB-WRT,53.38994970,-2.59431780
2505,Warwickshire,235,GB,WAR,GB-WAR,52.32130640,-1.55369060
2471,West Berkshire,235,GB,WBK,GB-WBK,51.44631340,-1.27588200
2440,West Dunbartonshire,235,GB,WDU,GB-WDU,55.96666700,-4.53333300
2354,West Lothian,235,GB,WLN,GB-WLN,55.91666700,-3.50000000
5462,West Northamptonshire,235,GB,WNH,GB-WNH,52.22689770,-1.34831910
2296,West Sussex,235,GB,WSX,GB-WSX,50.94458450,-0.52784770
2357,Westminster,235,GB,WSM,GB-WSM,51.49732060,-0.13714900
2320,Wigan,235,GB,WGN,GB-WGN,53.54571880,-2.62646240
2391,Wiltshire,235,GB,WIL,GB-WIL,51.32416200,-1.90324870
2482,Windsor and Maidenhead,235,GB,WNM,GB-WNM,51.48034120,-0.67695050
2408,Wirral,235,GB,WRL,GB-WRL,53.34097140,-3.05009160
2419,Wokingham,235,GB,WOK,GB-WOK,51.41045700,-0.83386100
2489,Wolverhampton,235,GB,WLV,GB-WLV,52.58476510,-2.12756700
2510,Worcestershire,235,GB,WOR,GB-WOR,52.21094950,-2.15695550
2436,Wrexham,235,GB,WRX,GB-WRX,53.04650840,-2.99378690
2426,York,235,GB,YOR,GB-YOR,53.95996510,-1.08729790
1456,Alabama,236,US,AL,US-AL,33.25888170,-86.82953370
1400,Alaska,236,US,AK,US-AK,64.44596130,-149.68090900
1424,American Samoa,236,US,AS,US-AS,-14.29712400,-170.71314810
1434,Arizona,236,US,AZ,US-AZ,34.39534200,-111.76327500
1444,Arkansas,236,US,AR,US-AR,35.20488830,-92.44791080
5815,Armed Forces Europe,236,US,AE,,,
5816,Armed Forces of the Americas,236,US,AA,,,
5817,Armed Forces Pacific,236,US,AP,,,
1416,California,236,US,CA,US-CA,36.70146310,-118.75599700
1450,Colorado,236,US,CO,US-CO,38.72517760,-105.60771600
1435,Connecticut,236,US,CT,US-CT,41.65002010,-72.73421630
1399,Delaware,236,US,DE,US-DE,38.69204510,-75.40133150
1437,District of Columbia,236,US,DC,US-DC,38.89503680,-77.03654270
1436,Florida,236,US,FL,US-FL,27.75676670,-81.46398350
1455,Georgia,236,US,GA,US-GA,32.32938090,-83.11373660
1412,Guam,236,US,GU,US-GU,13.44999430,144.76516770
1411,Hawaii,236,US,HI,US-HI,19.62733250,-155.56456100
1460,Idaho,236,US,ID,US-ID,43.64476420,-114.01540700
1425,Illinois,236,US,IL,US-IL,40.07966060,-89.43372880
1440,Indiana,236,US,IN,US-IN,40.32701270,-86.17469330
1459,Iowa,236,US,IA,US-IA,41.92167340,-93.31227050
1406,Kansas,236,US,KS,US-KS,38.27312000,-98.58218720
1419,Kentucky,236,US,KY,US-KY,37.57260280,-85.15514110
1457,Louisiana,236,US,LA,US-LA,30.87038810,-92.00712600
1453,Maine,236,US,ME,US-ME,45.70909700,-68.85902010
1401,Maryland,236,US,MD,US-MD,39.51624010,-76.93820690
1433,Massachusetts,236,US,MA,US-MA,42.37887740,-72.03236600
1426,Michigan,236,US,MI,US-MI,43.62119550,-84.68243460
1420,Minnesota,236,US,MN,US-MN,45.98965870,-94.61132880
1430,Mississippi,236,US,MS,US-MS,32.97152850,-89.73484970
1451,Missouri,236,US,MO,US-MO,38.76048150,-92.56178750
1446,Montana,236,US,MT,US-MT,47.37526710,-109.63875700
1408,Nebraska,236,US,NE,US-NE,41.73702290,-99.58738160
1458,Nevada,236,US,NV,US-NV,39.51588250,-116.85372200
1404,New Hampshire,236,US,NH,US-NH,43.48491330,-71.65539920
1417,New Jersey,236,US,NJ,US-NJ,40.07573840,-74.40416220
1423,New Mexico,236,US,NM,US-NM,34.58020740,-105.99604700
1452,New York,236,US,NY,US-NY,40.71277530,-74.00597280
1447,North Carolina,236,US,NC,US-NC,35.67296390,-79.03929190
1418,North Dakota,236,US,ND,US-ND,47.62014610,-100.54073700
1431,Northern Mariana Islands,236,US,MP,US-MP,15.17536480,145.73793380
4851,Ohio,236,US,OH,US-OH,40.22535690,-82.68813950
1421,Oklahoma,236,US,OK,US-OK,35.55450240,-97.43662390
1415,Oregon,236,US,OR,US-OR,43.97927970,-120.73725700
1422,Pennsylvania,236,US,PA,US-PA,40.96998890,-77.72788310
1449,Puerto Rico,236,US,PR,US-PR,18.22477060,-66.48582950
1461,Rhode Island,236,US,RI,US-RI,41.79624090,-71.59923720
1443,South Carolina,236,US,SC,US-SC,33.68743880,-80.43637430
1445,South Dakota,236,US,SD,US-SD,44.64717610,-100.34876100
1454,Tennessee,236,US,TN,US-TN,35.77300760,-86.28200810
1407,Texas,236,US,TX,US-TX,31.26389050,-98.54561160
1432,United States Minor Outlying Islands,236,US,UM,US-UM,28.23605110,-177.36856320
1413,United States Virgin Islands,236,US,VI,US-VI,17.78918700,-64.70805740
1414,Utah,236,US,UT,US-UT,39.42251920,-111.71435800
1409,Vermont,236,US,VT,US-VT,44.59907180,-72.50026080
1427,Virginia,236,US,VA,US-VA,37.12322450,-78.49277210
1462,Washington,236,US,WA,US-WA,47.28683520,-120.21261300
1429,West Virginia,236,US,WV,US-WV,38.47584060,-80.84084150
1441,Wisconsin,236,US,WI,US-WI,44.43089750,-89.68846370
1442,Wyoming,236,US,WY,US-WY,43.17002640,-107.56853400
5212,Baker Island,237,UM,81,UM-81,0.19362660,-176.47690800
5213,Howland Island,237,UM,84,UM-84,0.81132190,-176.61827360
5214,Jarvis Island,237,UM,86,UM-86,-0.37435030,-159.99672060
5215,Johnston Atoll,237,UM,67,UM-67,16.72950350,-169.53364770
5216,Kingman Reef,237,UM,89,UM-89,6.38333300,-162.41666700
5217,Midway Islands,237,UM,71,UM-71,28.20721680,-177.37349260
5218,Navassa Island,237,UM,76,UM-76,18.41006890,-75.01146120
5219,Palmyra Atoll,237,UM,95,UM-95,5.88850260,-162.07866560
5220,Wake Island,237,UM,79,UM-79,19.27961900,166.64993480
3205,Artigas,238,UY,AR,UY-AR,-30.61707560,-56.93734510
3213,Canelones,238,UY,CA,UY-CA,-34.62224820,-55.99037970
3211,Cerro Largo,238,UY,CL,UY-CL,-32.33333300,-54.33333300
3208,Colonia,238,UY,CO,UY-CO,-34.16645160,-57.49932680
3209,Durazno,238,UY,DU,UY-DU,-33.08333290,-56.08333310
3203,Flores,238,UY,FS,UY-FS,-33.65188450,-56.83935530
3217,Florida,238,UY,FD,UY-FD,-33.83333300,-55.91666700
3215,Lavalleja,238,UY,LA,UY-LA,-33.99719640,-54.99922420
3206,Maldonado,238,UY,MA,UY-MA,-34.66666700,-54.91666700
3218,Montevideo,238,UY,MO,UY-MO,-34.86527240,-56.18195120
3212,Paysandú,238,UY,PA,UY-PA,-32.00000000,-57.25000000
3210,Río Negro,238,UY,RN,UY-RN,-32.72574190,-57.38757800
3207,Rivera,238,UY,RV,UY-RV,-31.50000000,-55.25000000
3216,Rocha,238,UY,RO,UY-RO,-34.00000000,-54.00000000
3220,Salto,238,UY,SA,UY-SA,-31.38802800,-57.96124550
3204,San José,238,UY,SJ,UY-SJ,-34.33965210,-56.71431550
3219,Soriano,238,UY,SO,UY-SO,-33.49212660,-57.78931050
3221,Tacuarembó,238,UY,TA,UY-TA,-31.71101830,-55.97887620
3214,Treinta y Tres,238,UY,TT,UY-TT,-33.00000000,-54.25000000
2540,Andijan,239,UZ,AN,UZ-AN,40.77277960,72.34196600
2541,Bukhara,239,UZ,BU,UZ-BU,40.22936600,63.54705840
2538,Fergana,239,UZ,FA,UZ-FA,40.50000000,71.25000000
2545,Jizzakh,239,UZ,JI,UZ-JI,40.33190950,67.45511980
2548,Karakalpakstan,239,UZ,QR,UZ-QR,43.77388410,57.62346170
2537,Namangan,239,UZ,NG,UZ-NG,40.95550610,71.10977490
2542,Navoiy,239,UZ,NW,UZ-NW,42.00000000,64.00000000
2543,Qashqadaryo,239,UZ,QA,UZ-QA,39.04249740,66.57752760
2544,Samarqand,239,UZ,SA,UZ-SA,39.65500170,66.97569540
2547,Sirdaryo,239,UZ,SI,UZ-SI,40.80293260,68.82428410
2546,Surxondaryo,239,UZ,SU,UZ-SU,37.95208430,67.12659960
2536,Tashkent,239,UZ,TK,UZ-TK,41.31233630,69.27870790
2549,Tashkent,239,UZ,TO,UZ-TO,41.31233630,69.27870790
2539,Xorazm,239,UZ,XO,UZ-XO,41.29028350,60.54285370
4775,Malampa,240,VU,MAP,VU-MAP,-16.29750000,167.81037160
4773,Penama,240,VU,PAM,VU-PAM,-15.21166660,167.93603190
4776,Sanma,240,VU,SAM,VU-SAM,-15.15813400,166.93938650
4774,Shefa,240,VU,SEE,VU-SEE,-17.32839670,168.25473160
4777,Tafea,240,VU,TAE,VU-TAE,-19.37060340,169.67524280
4772,Torba,240,VU,TOB,VU-TOB,-13.66441350,167.17416360
2044,Amazonas,241,VE,Z,VE-Z,3.42257500,-65.72323100
2050,Anzoátegui,241,VE,B,VE-B,9.01979250,-64.21680010
4856,Apure,241,VE,C,VE-C,7.07357810,-68.82020250
2047,Aragua,241,VE,D,VE-D,9.98975640,-67.08392570
2049,Barinas,241,VE,E,VE-E,8.61827370,-70.22740650
2039,Bolívar,241,VE,F,VE-F,8.00187090,-66.11093180
2040,Carabobo,241,VE,G,VE-G,10.21372580,-68.03963450
2034,Cojedes,241,VE,H,VE-H,9.30944570,-68.35905460
2051,Delta Amacuro,241,VE,Y,VE-Y,8.94145990,-61.34032730
4855,Distrito Capital,241,VE,A,VE-A,10.47495430,-66.97080410
2035,Falcón,241,VE,I,VE-I,11.27394600,-69.58342050
2045,Guárico,241,VE,J,VE-J,8.83785850,-66.38210000
2055,La Guaira,241,VE,X,VE-X,10.60003840,-66.92964050
2038,Lara,241,VE,K,VE-K,10.07142660,-70.01632410
2053,Mérida,241,VE,L,VE-L,8.49117050,-71.30434390
2037,Miranda,241,VE,M,VE-M,10.32335100,-66.48421210
2054,Monagas,241,VE,N,VE-N,9.34378460,-63.15893180
2052,Nueva Esparta,241,VE,O,VE-O,10.96454150,-64.09754470
2036,Portuguesa,241,VE,P,VE-P,8.96748080,-69.39152050
2056,Sucre,241,VE,R,VE-R,10.42901500,-63.56499990
2048,Táchira,241,VE,S,VE-S,8.02197480,-72.02057630
2043,Trujillo,241,VE,T,VE-T,9.49581290,-70.76889070
2046,Venezuela,241,VE,W,VE-W,8.00187090,-66.11093180
2041,Yaracuy,241,VE,U,VE-U,10.30403120,-68.70140180
2042,Zulia,241,VE,V,VE-V,10.10650990,-71.86413070
3794,An Giang,242,VN,44,VN-44,10.31886720,105.04324880
3791,Bắc Ninh,242,VN,56,VN-56,21.17815150,106.07100780
3778,Cà Mau,242,VN,59,VN-59,9.17620030,105.15084150
4925,Cần Thơ,242,VN,CT,VN-CT,10.03646340,105.78758210
3782,Cao Bằng,242,VN,04,VN-04,22.66578100,106.25878240
3806,Đà Nẵng,242,VN,DN,VN-DN,16.06800000,108.21200000
3829,Đắk Lắk,242,VN,33,VN-33,12.87418560,108.79793020
3773,Điện Biên,242,VN,71,VN-71,21.65465660,103.21686320
3821,Đồng Nai,242,VN,39,VN-39,11.42854460,107.16242450
3769,Đồng Tháp,242,VN,45,VN-45,10.42518300,105.92713620
3813,Gia Lai,242,VN,30,VN-30,14.02013730,108.63545240
3810,Hà Nội,242,VN,HN,VN-HN,21.02833340,105.85404100
3816,Hà Tĩnh,242,VN,23,VN-23,18.33818100,105.89589710
3783,Hải Phòng,242,VN,HP,VN-HP,20.86232780,106.67992660
3811,Hồ Chí Minh,242,VN,SG,VN-SG,10.77638970,106.70113910
3768,Hưng Yên,242,VN,66,VN-66,20.65684060,106.05403600
3793,Khánh Hòa,242,VN,34,VN-34,12.29807510,108.99503860
3825,Lai Châu,242,VN,01,VN-01,22.39966120,103.45168820
3818,Lâm Đồng,242,VN,35,VN-35,11.66149570,108.13352790
3792,Lạng Sơn,242,VN,09,VN-09,21.85370800,106.76151900
3817,Lào Cai,242,VN,02,VN-02,22.50039440,103.96562000
3780,Nghệ An,242,VN,22,VN-22,19.19760010,105.06067600
3786,Ninh Bình,242,VN,18,VN-18,20.25061490,105.97445360
3801,Phú Thọ,242,VN,68,VN-68,21.30075380,105.13496040
3828,Quảng Ngãi,242,VN,29,VN-29,15.12138730,108.80441450
3814,Quảng Ninh,242,VN,13,VN-13,21.17180460,107.20127420
3803,Quảng Trị,242,VN,25,VN-25,17.30246660,106.66242870
3812,Sơn La,242,VN,05,VN-05,21.32696010,103.91438420
3826,Tây Ninh,242,VN,37,VN-37,11.31365550,106.09669690
3807,Thái Nguyên,242,VN,69,VN-69,21.59544480,105.83869570
3771,Thanh Hóa,242,VN,21,VN-21,19.80669200,105.78518160
3798,Thừa Thiên-Huế,242,VN,26,VN-26,16.55304730,107.69003750
3795,Tuyên Quang,242,VN,07,VN-07,21.81922810,105.21493550
3790,Vĩnh Long,242,VN,49,VN-49,10.25480900,105.97146730
5074,Saint Croix,244,VI,SC,VI-SC,17.72912400,-64.75891560
5073,Saint John,244,VI,SJ,VI-SJ,18.33560130,-64.75504060
5072,Saint Thomas,244,VI,ST,VI-ST,18.34290810,-64.91889970
5709,Alo,245,WF,AL,WF-AL,-14.30938056,-178.12355000
5708,Sigave,245,WF,SG,WF-SG,-14.29610000,-178.15850000
5707,Uvea,245,WF,UV,WF-UV,-13.28333333,-176.20000000
1237,Abyan,247,YE,AB,YE-AB,13.78620200,46.14176600
5467,Ad Dali',247,YE,DA,YE-DA,13.70000000,44.73000000
1242,Adan,247,YE,AD,YE-AD,12.83333300,44.91666700
1240,Al Bayda',247,YE,BA,YE-BA,14.34166000,45.39442200
1241,Al Hudaydah,247,YE,HU,YE-HU,15.11593260,42.84478500
1243,Al Jawf,247,YE,JA,YE-JA,16.68973300,45.61155600
1251,Al Mahrah,247,YE,MR,YE-MR,17.00000000,51.50000000
1235,Al Mahwit,247,YE,MW,YE-MW,15.38715100,43.56629600
1232,Amanat Al Asimah,247,YE,SA,YE-SA,15.35000000,44.20000000
1250,Amran,247,YE,AM,YE-AM,16.23021800,43.90983400
1246,Dhamar,247,YE,DH,YE-DH,14.73842680,44.27095970
1238,Hadhramaut,247,YE,HD,YE-HD,16.73230220,48.60849670
1244,Hajjah,247,YE,HJ,YE-HJ,16.00000000,43.25000000
1233,Ibb,247,YE,IB,YE-IB,14.14192910,44.13898490
1245,Lahij,247,YE,LA,YE-LA,13.05778210,44.88361350
1234,Ma'rib,247,YE,MA,YE-MA,15.45787880,45.32302420
1248,Raymah,247,YE,RA,YE-RA,14.68755520,43.66482640
1249,Saada,247,YE,SD,YE-SD,16.91733200,43.75999700
1236,Sana'a,247,YE,SN,YE-SN,15.26069100,44.42489500
1247,Shabwah,247,YE,SH,YE-SH,14.92741090,46.60849670
1239,Socotra,247,YE,SU,YE-SU,12.50000000,53.83333300
1231,Ta'izz,247,YE,TA,YE-TA,13.57758860,44.01779890
1986,Central,248,ZM,02,ZM-02,-14.18350700,29.03755430
1984,Copperbelt,248,ZM,08,ZM-08,-13.02141710,27.88761770
1991,Eastern,248,ZM,03,ZM-03,-13.65147370,31.99585390
1987,Luapula,248,ZM,04,ZM-04,-10.46802440,29.12756090
1988,Lusaka,248,ZM,09,ZM-09,-15.35760900,29.16530920
1989,Muchinga,248,ZM,10,ZM-10,-11.10052590,31.63996400
1982,Northern,248,ZM,05,ZM-05,-9.45141650,30.88810010
1985,Northwestern,248,ZM,06,ZM-06,-13.00502580,24.90422080
1990,Southern,248,ZM,07,ZM-07,-16.53817150,26.73749970
1983,Western,248,ZM,01,ZM-01,6.90160860,80.00877460
1956,Bulawayo,249,ZW,BU,ZW-BU,-20.11111480,28.53567810
1958,Harare,249,ZW,HA,ZW-HA,-17.83177300,31.04568600
1959,Manicaland,249,ZW,MA,ZW-MA,-19.01884220,32.36888900
1955,Mashonaland Central,249,ZW,MC,ZW-MC,-16.74287200,31.29520860
1951,Mashonaland East,249,ZW,ME,ZW-ME,-17.79273230,31.76780440
1953,Mashonaland West,249,ZW,MW,ZW-MW,-17.48510290,29.78892480
1960,Masvingo,249,ZW,MV,ZW-MV,-20.74539570,31.33413800
1954,Matabeleland North,249,ZW,MN,ZW-MN,-18.92837150,27.49922310
1952,Matabeleland South,249,ZW,MS,ZW-MS,-20.73648010,28.93964950
1957,Midlands,249,ZW,MI,ZW-MI,-19.27850430,29.87908520
